tourney_id,tourney_name,surface,draw_size,tourney_level,tourney_date,match_num,winner_id,winner_seed,winner_entry,winner_name,winner_hand,winner_ht,winner_ioc,winner_age,loser_id,loser_seed,loser_entry,loser_name,loser_hand,loser_ht,loser_ioc,loser_age,score,best_of,round,minutes,w_ace,w_df,w_svIn,w_svTot,w_1stWon,w_2ndWon,w_SvGms,w_bpIn,w_bpTot,l_ace,l_df,l_svIn,l_svTot,l_1stWon,l_2ndWon,l_SvGms,l_bpIn,l_bpTot,winner_rank,winner_rank_points,loser_rank,loser_rank_points
580,Australian Open,Hard,32,A,,239,jannik-sinner,1,,Jannik Sinner,R,0,ITA,0.0,alexander-zverev,2,,Alexander Zverev,R,0,GER,0.0,N/A,3,F,0,6,2,60,57,84,61,0,0,0,12,2,68,65,69,50,0,80,8,0,0,0,0
2025-580,Australian Open,Hard,32,A,,238,jannik-sinner,1,,Jannik Sinner,R,0,ITA,0.0,ben-shelton,21,,Ben Shelton,R,0,USA,0.0,N/A,3,SF,0,8,0,56,50,74,62,0,71,5,7,6,62,73,55,49,0,54,7,0,0,0,0
2025-580,Australian Open,Hard,32,A,,237,alexander-zverev,2,,Alexander Zverev,R,0,GER,0.0,novak-djokovic,7,,Novak Djokovic,R,0,SRB,0.0,N/A,3,SF,0,5,0,54,29,72,60,0,100,5,8,1,76,29,83,78,0,100,3,0,0,0,0
2025-580,Australian Open,Hard,32,A,,236,jannik-sinner,1,,Jannik Sinner,R,0,ITA,0.0,alex-de minaur,8,,Alex de Minaur,R,0,AUS,0.0,N/A,3,QF,0,2,0,66,39,85,80,0,100,1,2,1,51,40,65,39,0,40,4,0,0,0,0
2025-580,Australian Open,Hard,32,A,,235,ben-shelton,21,,Ben Shelton,R,0,USA,0.0,lorenzo-sonego,,,Lorenzo Sonego,R,0,ITA,0.0,N/A,3,QF,0,9,5,72,101,75,55,0,75,6,3,1,67,102,71,53,0,73,8,0,0,0,0
2025-580,Australian Open,Hard,32,A,,234,alexander-zverev,2,,Alexander Zverev,R,0,GER,0.0,tommy-paul,12,,Tommy Paul,R,0,USA,0.0,N/A,3,QF,0,8,2,66,78,67,50,0,43,3,7,5,70,94,71,51,0,64,7,0,0,0,0
2025-580,Australian Open,Hard,32,A,,233,novak-djokovic,7,,Novak Djokovic,R,0,SRB,0.0,carlos-alcaraz,3,,Carlos Alcaraz,R,0,ESP,0.0,N/A,3,QF,0,5,3,63,86,64,56,0,64,7,9,2,74,93,67,34,0,54,7,0,0,0,0
2025-580,Australian Open,Hard,32,A,,232,jannik-sinner,1,,Jannik Sinner,R,0,ITA,0.0,holger-rune,13,,Holger Rune,R,0,DEN,0.0,N/A,3,R16,0,0,0,0,0,0,0,0,0,0,0,0,0,0,0,0,0,0,0,0,0,0,0
2025-580,Australian Open,Hard,32,A,,231,alex-de minaur,8,,Alex de Minaur,R,0,AUS,0.0,alex-michelsen,,,Alex Michelsen,R,0,USA,0.0,N/A,3,R16,0,0,0,0,0,0,0,0,0,0,0,0,0,0,0,0,0,0,0,0,0,0,0
2025-580,Australian Open,Hard,32,A,,230,ben-shelton,21,,Ben Shelton,R,0,USA,0.0,gael-monfils,,,Gael Monfils,R,0,FRA,0.0,N/A,3,R16,0,0,0,0,0,0,0,0,0,0,0,0,0,0,0,0,0,0,0,0,0,0,0
2025-580,Australian Open,Hard,32,A,,229,lorenzo-sonego,,,Lorenzo Sonego,R,0,ITA,0.0,learner-tien,,Q,Learner Tien,R,0,USA,0.0,N/A,3,R16,0,0,0,0,0,0,0,0,0,0,0,0,0,0,0,0,0,0,0,0,0,0,0
2025-580,Australian Open,Hard,32,A,,228,alexander-zverev,2,,Alexander Zverev,R,0,GER,0.0,ugo-humbert,14,,Ugo Humbert,R,0,FRA,0.0,N/A,3,R16,0,12,3,71,74,69,23,0,63,10,19,3,71,61,84,48,0,71,5,0,0,0,0
2025-580,Australian Open,Hard,32,A,,227,carlos-alcaraz,3,,Carlos Alcaraz,R,0,ESP,0.0,jack-draper,15,,Jack Draper,R,0,GBR,0.0,N/A,3,R16,0,5,2,60,41,54,44,0,67,8,6,5,68,40,83,37,0,67,2,0,0,0,0
2025-580,Australian Open,Hard,32,A,,226,novak-djokovic,7,,Novak Djokovic,R,0,SRB,0.0,jiri-lehecka,24,,Jiri Lehecka,R,0,CZE,0.0,N/A,3,R16,0,4,1,61,28,75,72,0,100,1,4,2,53,29,76,42,0,75,6,0,0,0,0
2025-580,Australian Open,Hard,32,A,,225,tommy-paul,12,,Tommy Paul,R,0,USA,0.0,alejandro-davidovich fokina,,,Alejandro Davidovich Fokina,R,0,ESP,0.0,N/A,3,R16,0,2,0,64,39,46,36,0,46,6,8,0,67,45,84,50,0,100,3,0,0,0,0
2025-580,Australian Open,Hard,32,A,,224,jannik-sinner,1,,Jannik Sinner,R,0,ITA,0.0,marcos-giron,,,Marcos Giron,R,0,USA,0.0,N/A,3,R32,0,8,2,64,53,79,50,0,86,6,2,2,70,57,65,28,0,50,5,0,0,0,0
2025-580,Australian Open,Hard,32,A,,223,gael-monfils,,,Gael Monfils,R,0,FRA,0.0,taylor-fritz,4,,Taylor Fritz,R,0,USA,0.0,N/A,3,R32,0,12,0,75,98,76,50,0,67,4,24,4,67,81,83,63,0,75,3,0,0,0,0
2025-580,Australian Open,Hard,32,A,,222,alex-de minaur,8,,Alex de Minaur,R,0,AUS,0.0,francisco-cerundolo,31,,Francisco Cerundolo,R,0,ARG,0.0,N/A,3,R32,0,5,6,54,82,63,46,0,56,9,7,9,51,70,70,55,0,44,4,0,0,0,0
2025-580,Australian Open,Hard,32,A,,221,holger-rune,13,,Holger Rune,R,0,DEN,0.0,miomir-kecmanovic,,,Miomir Kecmanovic,R,0,SRB,0.0,N/A,3,R32,0,4,6,71,106,69,47,0,53,8,16,5,69,109,74,39,0,38,3,0,0,0,0
2025-580,Australian Open,Hard,32,A,,220,ben-shelton,21,,Ben Shelton,R,0,USA,0.0,lorenzo-musetti,16,,Lorenzo Musetti,R,0,ITA,0.0,N/A,3,R32,0,11,2,71,84,81,43,0,67,4,2,3,60,70,74,59,0,50,3,0,0,0,0
2025-580,Australian Open,Hard,32,A,,219,alex-michelsen,,,Alex Michelsen,R,0,USA,0.0,karen-khachanov,19,,Karen Khachanov,R,0,RUS,0.0,N/A,3,R32,0,8,4,65,64,72,60,0,67,2,14,1,63,52,73,48,0,0,0,0,0,0,0
2025-580,Australian Open,Hard,32,A,,218,lorenzo-sonego,,,Lorenzo Sonego,R,0,ITA,0.0,fabian-marozsan,,,Fabian Marozsan,R,0,HUN,0.0,N/A,3,R32,0,15,2,62,81,85,51,0,100,5,8,4,65,87,72,49,0,73,11,0,0,0,0
2025-580,Australian Open,Hard,32,A,,217,learner-tien,,Q,Learner Tien,R,0,USA,0.0,corentin-moutet,,,Corentin Moutet,R,0,FRA,0.0,N/A,3,R32,0,3,2,76,81,59,46,0,60,9,1,5,69,74,70,52,0,77,10,0,0,0,0
2025-580,Australian Open,Hard,32,A,,216,alexander-zverev,2,,Alexander Zverev,R,0,GER,0.0,jacob-fearnley,,,Jacob Fearnley,R,0,GBR,0.0,N/A,3,R32,0,6,0,68,54,63,44,0,58,7,7,0,72,58,79,48,0,67,4,0,0,0,0
2025-580,Australian Open,Hard,32,A,,215,carlos-alcaraz,3,,Carlos Alcaraz,R,0,ESP,0.0,nuno-borges,,,Nuno Borges,R,0,POR,0.0,N/A,3,R32,0,3,1,71,97,64,53,0,62,8,9,3,62,68,84,56,0,100,3,0,0,0,0
2025-580,Australian Open,Hard,32,A,,214,novak-djokovic,7,,Novak Djokovic,R,0,SRB,0.0,tomas-machac,26,,Tomas Machac,R,0,CZE,0.0,N/A,3,R32,0,9,3,65,51,80,54,0,67,2,4,5,63,55,64,38,0,67,10,0,0,0,0
2025-580,Australian Open,Hard,32,A,,213,tommy-paul,12,,Tommy Paul,R,0,USA,0.0,roberto-carballes baena,,,Roberto Carballes Baena,R,0,ESP,0.0,N/A,3,R32,0,3,9,54,53,68,22,0,56,9,7,2,55,47,79,51,0,60,3,0,0,0,0
2025-580,Australian Open,Hard,32,A,,212,ugo-humbert,14,,Ugo Humbert,R,0,FRA,0.0,arthur-fils,20,,Arthur Fils,R,0,FRA,0.0,N/A,3,R32,0,3,5,64,65,77,38,0,57,4,6,2,61,62,68,46,0,50,5,0,0,0,0
2025-580,Australian Open,Hard,32,A,,211,jack-draper,15,,Jack Draper,R,0,GBR,0.0,aleksandar-vukic,,,Aleksandar Vukic,R,0,AUS,0.0,N/A,3,R32,0,28,3,68,112,75,50,0,57,8,22,3,64,121,78,40,0,78,14,0,0,0,0
2025-580,Australian Open,Hard,32,A,,210,jiri-lehecka,24,,Jiri Lehecka,R,0,CZE,0.0,benjamin-bonzi,,,Benjamin Bonzi,R,0,FRA,0.0,N/A,3,R32,0,9,1,68,52,81,58,0,100,2,1,2,56,48,58,54,0,38,3,0,0,0,0
2025-580,Australian Open,Hard,32,A,,209,alejandro-davidovich fokina,,,Alejandro Davidovich Fokina,R,0,ESP,0.0,jakub-mensik,,,Jakub Mensik,R,0,CZE,0.0,N/A,3,R32,0,16,7,58,83,81,41,0,33,3,4,3,69,108,69,50,0,77,17,0,0,0,0
2025-580,Australian Open,Hard,32,A,,208,jannik-sinner,1,,Jannik Sinner,R,0,ITA,0.0,tristan-schoolkate,,WC,Tristan Schoolkate,R,0,AUS,0.0,N/A,3,R64,0,14,5,62,62,76,55,0,0,0,13,10,60,83,71,35,0,62,8,0,0,0,0
2025-580,Australian Open,Hard,32,A,,207,taylor-fritz,4,,Taylor Fritz,R,0,USA,0.0,cristian-garin,,Q,Cristian Garin,R,0,CHI,0.0,N/A,3,R64,0,7,1,87,52,77,50,0,0,0,2,3,74,46,50,25,0,22,2,0,0,0,0
2025-580,Australian Open,Hard,32,A,,206,learner-tien,,Q,Learner Tien,R,0,USA,0.0,daniil-medvedev,5,,Daniil Medvedev,R,0,RUS,0.0,N/A,3,R64,0,7,4,79,159,59,44,0,58,14,20,9,57,67,142,8,0,40,6,0,0,0,0
2025-580,Australian Open,Hard,32,A,,205,alex-de minaur,8,,Alex de Minaur,R,0,AUS,0.0,tristan-boyer,,Q,Tristan Boyer,R,0,USA,0.0,N/A,3,R64,0,3,2,66,63,63,33,0,57,8,6,3,55,35,89,69,0,50,1,0,0,0,0
2025-580,Australian Open,Hard,32,A,,204,holger-rune,13,,Holger Rune,R,0,DEN,0.0,matteo-berrettini,,,Matteo Berrettini,R,0,ITA,0.0,N/A,3,R64,0,16,2,72,108,65,56,0,70,7,8,6,64,83,72,59,0,60,6,0,0,0,0
2025-580,Australian Open,Hard,32,A,,203,lorenzo-musetti,16,,Lorenzo Musetti,R,0,ITA,0.0,denis-shapovalov,,,Denis Shapovalov,R,0,CAN,0.0,N/A,3,R64,0,5,11,58,65,71,43,0,73,8,3,3,69,77,75,56,0,80,4,0,0,0,0
2025-580,Australian Open,Hard,32,A,,202,fabian-marozsan,,,Fabian Marozsan,R,0,HUN,0.0,frances-tiafoe,17,,Frances Tiafoe,R,0,USA,0.0,N/A,3,R64,0,14,6,59,102,73,56,0,85,17,19,10,57,86,79,42,0,65,11,0,0,0,0
2025-580,Australian Open,Hard,32,A,,201,miomir-kecmanovic,,,Miomir Kecmanovic,R,0,SRB,0.0,hubert-hurkacz,18,,Hubert Hurkacz,R,0,POL,0.0,N/A,3,R64,0,14,6,63,52,79,40,0,64,7,6,0,58,49,78,69,0,100,3,0,0,0,0
2025-580,Australian Open,Hard,32,A,,200,karen-khachanov,19,,Karen Khachanov,R,0,RUS,0.0,gabriel-diallo,,,Gabriel Diallo,R,0,CAN,0.0,N/A,3,R64,0,15,4,66,89,75,46,0,70,7,10,1,59,73,79,60,0,80,4,0,0,0,0
2025-580,Australian Open,Hard,32,A,,199,ben-shelton,21,,Ben Shelton,R,0,USA,0.0,pablo-carreno busta,,,Pablo Carreno Busta,R,0,ESP,0.0,N/A,3,R64,0,17,4,62,69,86,69,0,100,6,3,1,67,73,79,56,0,20,1,0,0,0,0
2025-580,Australian Open,Hard,32,A,,198,francisco-cerundolo,31,,Francisco Cerundolo,R,0,ARG,0.0,facundo-diaz acosta,,,Facundo Diaz Acosta,R,0,ARG,0.0,N/A,3,R64,0,2,0,65,17,71,56,0,50,1,0,2,70,19,37,38,0,33,2,0,0,0,0
2025-580,Australian Open,Hard,32,A,,197,marcos-giron,,,Marcos Giron,R,0,USA,0.0,tomas martin-etcheverry,,,Tomas Martin Etcheverry,R,0,ARG,0.0,N/A,3,R64,0,4,1,67,109,63,52,0,58,11,5,0,65,100,61,55,0,43,6,0,0,0,0
2025-580,Australian Open,Hard,32,A,,196,alex-michelsen,,,Alex Michelsen,R,0,USA,0.0,james-mccabe,,WC,James McCabe,R,0,AUS,0.0,N/A,3,R64,0,8,2,77,74,81,64,0,0,0,10,3,59,65,74,42,0,86,12,0,0,0,0
2025-580,Australian Open,Hard,32,A,,195,gael-monfils,,,Gael Monfils,R,0,FRA,0.0,daniel-altmaier,,,Daniel Altmaier,R,0,GER,0.0,N/A,3,R64,0,4,2,55,54,67,49,0,50,5,12,6,58,57,81,52,0,40,2,0,0,0,0
2025-580,Australian Open,Hard,32,A,,194,corentin-moutet,,,Corentin Moutet,R,0,FRA,0.0,mitchell-krueger,,Q,Mitchell Krueger,R,0,USA,0.0,N/A,3,R64,0,7,5,67,98,68,49,0,56,5,4,5,61,84,68,53,0,55,6,0,0,0,0
2025-580,Australian Open,Hard,32,A,,193,lorenzo-sonego,,,Lorenzo Sonego,R,0,ITA,0.0,joao-fonseca,,Q,Joao Fonseca,R,0,BRA,0.0,N/A,3,R64,0,11,5,61,89,71,49,0,58,7,12,3,67,94,78,54,0,83,5,0,0,0,0
2025-580,Australian Open,Hard,32,A,,192,alexander-zverev,2,,Alexander Zverev,R,0,GER,0.0,pedro-martinez,,,Pedro Martinez,R,0,ESP,0.0,N/A,3,R64,0,0,4,71,51,53,33,0,54,7,8,2,74,53,79,58,0,100,6,0,0,0,0
2025-580,Australian Open,Hard,32,A,,191,carlos-alcaraz,3,,Carlos Alcaraz,R,0,ESP,0.0,yoshihito-nishioka,,,Yoshihito Nishioka,R,0,JPN,0.0,N/A,3,R64,0,1,2,56,34,56,41,0,40,4,14,3,60,36,89,71,0,0,0,0,0,0,0
2025-580,Australian Open,Hard,32,A,,190,jakub-mensik,,,Jakub Mensik,R,0,CZE,0.0,casper-ruud,6,,Casper Ruud,R,0,NOR,0.0,N/A,3,R64,0,7,3,64,77,61,50,0,69,11,22,1,61,66,70,67,0,88,7,0,0,0,0
2025-580,Australian Open,Hard,32,A,,189,novak-djokovic,7,,Novak Djokovic,R,0,SRB,0.0,jaime-faria,,Q,Jaime Faria,R,0,POR,0.0,N/A,3,R64,0,14,2,71,80,74,55,0,71,5,14,6,63,66,59,42,0,42,5,0,0,0,0
2025-580,Australian Open,Hard,32,A,,188,tommy-paul,12,,Tommy Paul,R,0,USA,0.0,kei-nishikori,,,Kei Nishikori,R,0,JPN,0.0,N/A,3,R64,0,0,5,68,88,48,41,0,39,7,7,2,73,76,72,39,0,20,1,0,0,0,0
2025-580,Australian Open,Hard,32,A,,187,ugo-humbert,14,,Ugo Humbert,R,0,FRA,0.0,hady-habib,,Q,Hady Habib,R,0,LBN,0.0,N/A,3,R64,0,17,1,69,52,87,70,0,0,0,11,4,67,59,73,45,0,70,7,0,0,0,0
2025-580,Australian Open,Hard,32,A,,186,jack-draper,15,,Jack Draper,R,0,GBR,0.0,thanasi-kokkinakis,,,Thanasi Kokkinakis,R,0,AUS,0.0,N/A,3,R64,0,12,4,63,99,72,64,0,57,4,11,4,70,114,75,40,0,55,6,0,0,0,0
2025-580,Australian Open,Hard,32,A,,185,arthur-fils,20,,Arthur Fils,R,0,FRA,0.0,quentin-halys,,,Quentin Halys,R,0,FRA,0.0,N/A,3,R64,0,22,4,67,83,72,51,0,57,4,12,4,67,79,81,59,0,83,5,0,0,0,0
2025-580,Australian Open,Hard,32,A,,184,aleksandar-vukic,,,Aleksandar Vukic,R,0,AUS,0.0,sebastian-korda,22,,Sebastian Korda,R,0,USA,0.0,N/A,3,R64,0,17,5,63,90,71,60,0,71,10,21,4,63,83,73,60,0,33,2,0,0,0,0
2025-580,Australian Open,Hard,32,A,,183,jiri-lehecka,24,,Jiri Lehecka,R,0,CZE,0.0,hugo-gaston,,,Hugo Gaston,R,0,FRA,0.0,N/A,3,R64,0,6,2,41,18,100,46,0,75,3,1,0,68,39,59,28,0,67,6,0,0,0,0
2025-580,Australian Open,Hard,32,A,,182,tomas-machac,26,,Tomas Machac,R,0,CZE,0.0,reilly-opelka,,,Reilly Opelka,R,0,USA,0.0,N/A,3,R64,0,33,12,71,121,87,39,0,80,4,12,5,68,110,82,60,0,88,7,0,0,0,0
2025-580,Australian Open,Hard,32,A,,181,nuno-borges,,,Nuno Borges,R,0,POR,0.0,jordan-thompson,27,,Jordan Thompson,R,0,AUS,0.0,N/A,3,R64,0,6,2,68,55,62,46,0,56,5,6,0,79,64,75,76,0,100,2,0,0,0,0
2025-580,Australian Open,Hard,32,A,,180,alejandro-davidovich fokina,,,Alejandro Davidovich Fokina,R,0,ESP,0.0,felix-auger-aliassime,29,,Felix Auger-Aliassime,R,0,CAN,0.0,N/A,3,R64,0,7,3,65,110,70,57,0,60,6,10,4,72,107,66,48,0,50,9,0,0,0,0
2025-580,Australian Open,Hard,32,A,,179,benjamin-bonzi,,,Benjamin Bonzi,R,0,FRA,0.0,francesco-passaro,,LL,Francesco Passaro,R,0,ITA,0.0,N/A,3,R64,0,2,1,71,74,72,67,0,78,7,7,3,71,71,70,62,0,44,4,0,0,0,0
2025-580,Australian Open,Hard,32,A,,178,roberto-carballes baena,,,Roberto Carballes Baena,R,0,ESP,0.0,james-duckworth,,,James Duckworth,R,0,AUS,0.0,N/A,3,R64,0,10,1,64,49,82,75,0,0,0,6,3,62,69,62,48,0,73,11,0,0,0,0
2025-580,Australian Open,Hard,32,A,,177,jacob-fearnley,,,Jacob Fearnley,R,0,GBR,0.0,arthur-cazaux,,,Arthur Cazaux,R,0,FRA,0.0,N/A,3,R64,0,5,3,58,62,66,48,0,46,6,9,8,63,70,74,49,0,50,4,0,0,0,0
2025-580,Australian Open,Hard,32,A,,176,taylor-fritz,4,,Taylor Fritz,R,0,USA,0.0,jenson-brooksby,,,Jenson Brooksby,R,0,USA,0.0,N/A,3,R128,0,7,1,74,51,82,56,0,100,2,1,3,62,45,62,21,0,14,1,0,0,0,0
2025-580,Australian Open,Hard,32,A,,175,daniil-medvedev,5,,Daniil Medvedev,R,0,RUS,0.0,kasidit-samrej,,WC,Kasidit Samrej,R,0,THA,0.0,N/A,3,R128,0,4,6,72,112,60,49,0,54,7,24,8,71,74,91,47,0,67,4,0,0,0,0
2025-580,Australian Open,Hard,32,A,,174,alex-de minaur,8,,Alex de Minaur,R,0,AUS,0.0,botic-van de zandschulp,,,Botic van de Zandschulp,R,0,NED,0.0,N/A,3,R128,0,5,7,53,48,63,48,0,50,5,13,4,81,75,76,44,0,80,4,0,0,0,0
2025-580,Australian Open,Hard,32,A,,173,joao-fonseca,,Q,Joao Fonseca,R,0,BRA,0.0,andrey-rublev,9,,Andrey Rublev,R,0,RUS,0.0,N/A,3,R128,0,13,2,72,76,70,52,0,80,8,13,1,73,87,76,58,0,83,5,0,0,0,0
2025-580,Australian Open,Hard,32,A,,172,holger-rune,13,,Holger Rune,R,0,DEN,0.0,zhizhen-zhang,,,Zhizhen Zhang,R,0,CHN,0.0,N/A,3,R128,0,21,2,67,95,77,43,0,60,6,10,3,71,93,74,63,0,50,3,0,0,0,0
2025-580,Australian Open,Hard,32,A,,171,lorenzo-musetti,16,,Lorenzo Musetti,R,0,ITA,0.0,matteo-arnaldi,,,Matteo Arnaldi,R,0,ITA,0.0,N/A,3,R128,0,7,13,58,107,63,43,0,68,19,6,5,63,93,62,52,0,50,8,0,0,0,0
2025-580,Australian Open,Hard,32,A,,170,hubert-hurkacz,18,,Hubert Hurkacz,R,0,POL,0.0,tallon-griekspoor,,,Tallon Griekspoor,R,0,NED,0.0,N/A,3,R128,0,14,0,75,62,77,67,0,0,0,10,5,62,71,68,45,0,79,15,0,0,0,0
2025-580,Australian Open,Hard,32,A,,169,karen-khachanov,19,,Karen Khachanov,R,0,RUS,0.0,adrian-mannarino,,,Adrian Mannarino,R,0,FRA,0.0,N/A,3,R128,0,4,7,43,46,63,45,0,40,4,5,4,65,53,83,50,0,25,1,0,0,0,0
2025-580,Australian Open,Hard,32,A,,168,ben-shelton,21,,Ben Shelton,R,0,USA,0.0,brandon-nakashima,,,Brandon Nakashima,R,0,USA,0.0,N/A,3,R128,0,12,3,60,68,74,64,0,67,2,9,2,63,68,72,58,0,63,5,0,0,0,0
2025-580,Australian Open,Hard,32,A,,167,corentin-moutet,,,Corentin Moutet,R,0,FRA,0.0,alexei-popyrin,25,,Alexei Popyrin,R,0,AUS,0.0,N/A,3,R128,0,1,4,67,95,66,36,0,74,14,3,2,60,73,77,54,0,75,9,0,0,0,0
2025-580,Australian Open,Hard,32,A,,166,gael-monfils,,,Gael Monfils,R,0,FRA,0.0,giovanni-mpetshi perricard,30,,Giovanni Mpetshi Perricard,R,0,FRA,0.0,N/A,3,R128,0,18,14,64,111,82,59,0,0,0,19,6,65,117,74,61,0,82,9,0,0,0,0
2025-580,Australian Open,Hard,32,A,,165,francisco-cerundolo,31,,Francisco Cerundolo,R,0,ARG,0.0,alexander-bublik,,,Alexander Bublik,R,0,KAZ,0.0,N/A,3,R128,0,6,3,61,51,84,56,0,33,1,10,13,58,61,70,27,0,62,8,0,0,0,0
2025-580,Australian Open,Hard,32,A,,164,tomas martin-etcheverry,,,Tomas Martin Etcheverry,R,0,ARG,0.0,flavio-cobolli,32,,Flavio Cobolli,R,0,ITA,0.0,N/A,3,R128,0,16,3,63,85,76,57,0,88,7,10,3,58,87,60,58,0,60,9,0,0,0,0
2025-580,Australian Open,Hard,32,A,,163,daniel-altmaier,,,Daniel Altmaier,R,0,GER,0.0,francisco-comesana,,,Francisco Comesana,R,0,ARG,0.0,N/A,3,R128,0,18,5,63,92,85,44,0,50,3,13,5,64,84,88,54,0,50,2,0,0,0,0
2025-580,Australian Open,Hard,32,A,,162,matteo-berrettini,,,Matteo Berrettini,R,0,ITA,0.0,cameron-norrie,,,Cameron Norrie,R,0,GBR,0.0,N/A,3,R128,0,32,7,68,78,88,42,0,100,6,13,2,67,92,67,46,0,64,9,0,0,0,0
2025-580,Australian Open,Hard,32,A,,161,tristan-boyer,,Q,Tristan Boyer,R,0,USA,0.0,federico-coria,,,Federico Coria,R,0,ARG,0.0,N/A,3,R128,0,10,1,70,97,80,57,0,40,2,10,7,64,105,69,48,0,50,6,0,0,0,0
2025-580,Australian Open,Hard,32,A,,160,pablo-carreno busta,,,Pablo Carreno Busta,R,0,ESP,0.0,kamil-majchrzak,,Q,Kamil Majchrzak,R,0,POL,0.0,N/A,3,R128,0,6,1,72,62,74,58,0,100,5,4,2,72,63,68,48,0,56,5,0,0,0,0
2025-580,Australian Open,Hard,32,A,,159,gabriel-diallo,,,Gabriel Diallo,R,0,CAN,0.0,luca-nardi,,,Luca Nardi,R,0,ITA,0.0,N/A,3,R128,0,21,8,62,103,76,50,0,71,10,9,13,56,93,69,50,0,56,9,0,0,0,0
2025-580,Australian Open,Hard,32,A,,158,facundo-diaz acosta,,,Facundo Diaz Acosta,R,0,ARG,0.0,zizou-bergs,,,Zizou Bergs,R,0,BEL,0.0,N/A,3,R128,0,8,9,66,101,74,53,0,73,8,12,8,57,92,74,52,0,75,12,0,0,0,0
2025-580,Australian Open,Hard,32,A,,157,cristian-garin,,Q,Cristian Garin,R,0,CHI,0.0,borna-coric,,,Borna Coric,R,0,CRO,0.0,N/A,3,R128,0,3,3,52,44,61,44,0,46,6,7,1,55,34,88,71,0,0,0,0,0,0,0
2025-580,Australian Open,Hard,32,A,,156,marcos-giron,,,Marcos Giron,R,0,USA,0.0,yannick-hanfmann,,,Yannick Hanfmann,R,0,GER,0.0,N/A,3,R128,0,9,3,66,76,70,50,0,38,3,11,2,64,88,66,40,0,70,16,0,0,0,0
2025-580,Australian Open,Hard,32,A,,155,miomir-kecmanovic,,,Miomir Kecmanovic,R,0,SRB,0.0,dusan-lajovic,,,Dusan Lajovic,R,0,SRB,0.0,N/A,3,R128,0,10,4,59,102,69,53,0,79,15,17,2,65,102,69,50,0,50,5,0,0,0,0
2025-580,Australian Open,Hard,32,A,,154,mitchell-krueger,,Q,Mitchell Krueger,R,0,USA,0.0,rinky-hijikata,,,Rinky Hijikata,R,0,AUS,0.0,N/A,3,R128,0,8,6,58,60,65,37,0,53,8,6,0,80,63,68,63,0,63,5,0,0,0,0
2025-580,Australian Open,Hard,32,A,,153,denis-shapovalov,,,Denis Shapovalov,R,0,CAN,0.0,roberto-bautista agut,,,Roberto Bautista Agut,R,0,ESP,0.0,N/A,3,R128,0,1,4,74,100,60,58,0,76,13,19,13,51,67,87,36,0,50,5,0,0,0,0
2025-580,Australian Open,Hard,32,A,,152,lorenzo-sonego,,,Lorenzo Sonego,R,0,ITA,0.0,stan-wawrinka,,WC,Stan Wawrinka,R,0,SUI,0.0,N/A,3,R128,0,12,6,63,83,83,55,0,82,9,4,3,50,56,73,71,0,20,1,0,0,0,0
2025-580,Australian Open,Hard,32,A,,151,learner-tien,,Q,Learner Tien,R,0,USA,0.0,camilo-ugo carabelli,,,Camilo Ugo Carabelli,R,0,ARG,0.0,N/A,3,R128,0,9,8,64,114,72,39,0,65,13,7,16,61,102,74,42,0,50,7,0,0,0,0
2025-580,Australian Open,Hard,32,A,,150,jannik-sinner,1,,Jannik Sinner,R,0,ITA,0.0,nicolas-jarry,,,Nicolas Jarry,R,0,CHI,0.0,N/A,3,R128,0,7,1,62,63,81,71,0,100,2,13,2,71,68,75,46,0,60,3,0,0,0,0
2025-580,Australian Open,Hard,32,A,,149,carlos-alcaraz,3,,Carlos Alcaraz,R,0,ESP,0.0,alexander-shevchenko,,,Alexander Shevchenko,R,0,KAZ,0.0,N/A,3,R128,0,0,0,61,54,52,40,0,58,11,6,4,59,48,69,67,0,25,1,0,0,0,0
2025-580,Australian Open,Hard,32,A,,148,novak-djokovic,7,,Novak Djokovic,R,0,SRB,0.0,nishesh-basavareddy,,WC,Nishesh Basavareddy,R,0,USA,0.0,N/A,3,R128,0,23,1,75,79,76,63,0,67,2,4,5,67,86,70,40,0,64,7,0,0,0,0
2025-580,Australian Open,Hard,32,A,,147,francesco-passaro,,LL,Francesco Passaro,R,0,ITA,0.0,grigor-dimitrov,10,,Grigor Dimitrov,R,0,BUL,0.0,N/A,3,R128,0,5,0,56,22,73,71,0,0,0,6,4,70,38,66,44,0,50,2,0,0,0,0
2025-580,Australian Open,Hard,32,A,,146,alex-michelsen,,,Alex Michelsen,R,0,USA,0.0,stefanos-tsitsipas,11,,Stefanos Tsitsipas,R,0,GRE,0.0,N/A,3,R128,0,13,2,72,84,73,38,0,58,7,8,8,80,101,69,36,0,43,3,0,0,0,0
2025-580,Australian Open,Hard,32,A,,145,tommy-paul,12,,Tommy Paul,R,0,USA,0.0,christopher-o'connell,,,Christopher O'Connell,R,0,AUS,0.0,N/A,3,R128,0,11,1,65,115,66,46,0,70,14,15,3,61,91,80,50,0,75,6,0,0,0,0
2025-580,Australian Open,Hard,32,A,,144,jack-draper,15,,Jack Draper,R,0,GBR,0.0,mariano-navone,,,Mariano Navone,R,0,ARG,0.0,N/A,3,R128,0,10,5,65,104,69,39,0,71,12,3,2,74,118,62,43,0,59,10,0,0,0,0
2025-580,Australian Open,Hard,32,A,,143,frances-tiafoe,17,,Frances Tiafoe,R,0,USA,0.0,arthur-rinderknech,,,Arthur Rinderknech,R,0,FRA,0.0,N/A,3,R128,0,33,10,60,96,82,46,0,50,5,14,8,59,99,78,57,0,80,8,0,0,0,0
2025-580,Australian Open,Hard,32,A,,142,sebastian-korda,22,,Sebastian Korda,R,0,USA,0.0,lukas-klein,,Q,Lukas Klein,R,0,SVK,0.0,N/A,3,R128,0,10,1,60,65,69,56,0,50,4,6,2,60,68,65,56,0,50,5,0,0,0,0
2025-580,Australian Open,Hard,32,A,,141,roberto-carballes baena,,,Roberto Carballes Baena,R,0,ESP,0.0,alejandro-tabilo,23,,Alejandro Tabilo,R,0,CHI,0.0,N/A,3,R128,0,8,1,67,74,66,38,0,50,5,7,2,67,76,64,62,0,67,8,0,0,0,0
2025-580,Australian Open,Hard,32,A,,140,jordan-thompson,27,,Jordan Thompson,R,0,AUS,0.0,dominik-koepfer,,Q,Dominik Koepfer,R,0,GER,0.0,N/A,3,R128,0,18,3,52,67,78,59,0,67,8,5,6,60,70,73,52,0,38,3,0,0,0,0
2025-580,Australian Open,Hard,32,A,,139,arthur-cazaux,,,Arthur Cazaux,R,0,FRA,0.0,sebastian-baez,28,,Sebastian Baez,R,0,ARG,0.0,N/A,3,R128,0,1,2,76,98,66,48,0,46,6,9,1,63,90,73,51,0,64,7,0,0,0,0
2025-580,Australian Open,Hard,32,A,,138,felix-auger-aliassime,29,,Felix Auger-Aliassime,R,0,CAN,0.0,jan-lennard-struff,,,Jan-Lennard Struff,R,0,GER,0.0,N/A,3,R128,0,15,4,75,84,55,36,0,62,13,19,1,77,72,76,52,0,50,2,0,0,0,0
2025-580,Australian Open,Hard,32,A,,137,benjamin-bonzi,,,Benjamin Bonzi,R,0,FRA,0.0,david-goffin,,,David Goffin,R,0,BEL,0.0,N/A,3,R128,0,8,3,52,44,64,37,0,50,7,12,3,61,64,72,49,0,63,5,0,0,0,0
2025-580,Australian Open,Hard,32,A,,136,nuno-borges,,,Nuno Borges,R,0,POR,0.0,alexandre-muller,,,Alexandre Muller,R,0,FRA,0.0,N/A,3,R128,0,6,1,67,82,68,49,0,50,5,19,4,70,86,78,57,0,80,4,0,0,0,0
2025-580,Australian Open,Hard,32,A,,135,alejandro-davidovich fokina,,,Alejandro Davidovich Fokina,R,0,ESP,0.0,juncheng-shang,,,Juncheng Shang,R,0,CHN,0.0,N/A,3,R128,0,3,4,60,53,57,36,0,58,7,0,2,59,34,65,58,0,25,1,0,0,0,0
2025-580,Australian Open,Hard,32,A,,134,james-duckworth,,,James Duckworth,R,0,AUS,0.0,dominic-stricker,,,Dominic Stricker,R,0,SUI,0.0,N/A,3,R128,0,7,1,62,43,81,69,0,100,1,6,3,65,51,65,44,0,17,1,0,0,0,0
2025-580,Australian Open,Hard,32,A,,133,jaime-faria,,Q,Jaime Faria,R,0,POR,0.0,pavel-kotov,,,Pavel Kotov,R,0,RUS,0.0,N/A,3,R128,0,10,2,61,43,79,74,0,100,2,9,7,52,44,68,35,0,40,4,0,0,0,0
2025-580,Australian Open,Hard,32,A,,132,jacob-fearnley,,,Jacob Fearnley,R,0,GBR,0.0,nick-kyrgios,,,Nick Kyrgios,R,0,AUS,0.0,N/A,3,R128,0,17,8,68,76,82,57,0,67,2,13,8,78,92,70,35,0,82,9,0,0,0,0
2025-580,Australian Open,Hard,32,A,,131,thanasi-kokkinakis,,,Thanasi Kokkinakis,R,0,AUS,0.0,roman-safiullin,,,Roman Safiullin,R,0,RUS,0.0,N/A,3,R128,0,23,0,67,106,72,35,0,82,18,14,0,69,90,64,48,0,25,2,0,0,0,0
2025-580,Australian Open,Hard,32,A,,130,fabian-marozsan,,,Fabian Marozsan,R,0,HUN,0.0,thiago-seyboth wild,,,Thiago Seyboth Wild,R,0,BRA,0.0,N/A,3,R128,0,23,6,69,131,77,42,0,75,12,20,0,72,118,75,68,0,50,2,0,0,0,0
2025-580,Australian Open,Hard,32,A,,129,james-mccabe,,WC,James McCabe,R,0,AUS,0.0,martin-landaluce,,Q,Martin Landaluce,R,0,ESP,0.0,N/A,3,R128,0,13,2,78,64,83,61,0,100,1,9,7,60,55,75,41,0,67,6,0,0,0,0
2025-580,Australian Open,Hard,32,A,,128,jakub-mensik,,,Jakub Mensik,R,0,CZE,0.0,nikoloz-basilashvili,,Q,Nikoloz Basilashvili,R,0,GEO,0.0,N/A,3,R128,0,10,9,50,57,77,43,0,45,5,31,8,59,74,82,47,0,92,11,0,0,0,0
2025-580,Australian Open,Hard,32,A,,127,yoshihito-nishioka,,,Yoshihito Nishioka,R,0,JPN,0.0,aziz-dougaz,,Q,Aziz Dougaz,R,0,TUN,0.0,N/A,3,R128,0,3,1,60,70,71,66,0,63,5,18,7,63,85,74,32,0,55,6,0,0,0,0
2025-580,Australian Open,Hard,32,A,,126,tristan-schoolkate,,WC,Tristan Schoolkate,R,0,AUS,0.0,taro-daniel,,,Taro Daniel,R,0,JPN,0.0,N/A,3,R128,0,23,3,63,82,76,67,0,75,6,8,0,79,101,68,52,0,58,7,0,0,0,0
2025-580,Australian Open,Hard,32,A,,125,aleksandar-vukic,,,Aleksandar Vukic,R,0,AUS,0.0,damir-dzumhur,,,Damir Dzumhur,R,0,BIH,0.0,N/A,3,R128,0,3,3,88,131,57,61,0,47,7,22,0,83,109,71,45,0,60,6,0,0,0,0
2025-580,Australian Open,Hard,32,A,,124,alexander-zverev,2,,Alexander Zverev,R,0,GER,0.0,lucas-pouille,,WC,Lucas Pouille,R,0,FRA,0.0,N/A,3,R128,0,3,7,55,62,73,41,0,84,16,18,1,73,64,78,63,0,100,2,0,0,0,0
2025-580,Australian Open,Hard,32,A,,123,casper-ruud,6,,Casper Ruud,R,0,NOR,0.0,jaume-munar,,,Jaume Munar,R,0,ESP,0.0,N/A,3,R128,0,7,2,67,83,69,58,0,38,3,10,2,65,90,73,38,0,58,7,0,0,0,0
2025-580,Australian Open,Hard,32,A,,122,ugo-humbert,14,,Ugo Humbert,R,0,FRA,0.0,matteo-gigante,,Q,Matteo Gigante,R,0,ITA,0.0,N/A,3,R128,0,9,4,60,64,75,62,0,67,2,16,7,62,74,77,49,0,67,6,0,0,0,0
2025-580,Australian Open,Hard,32,A,,121,arthur-fils,20,,Arthur Fils,R,0,FRA,0.0,otto-virtanen,,,Otto Virtanen,R,0,FIN,0.0,N/A,3,R128,0,11,12,56,82,71,52,0,70,7,15,2,64,74,81,55,0,50,2,0,0,0,0
2025-580,Australian Open,Hard,32,A,,120,jiri-lehecka,24,,Jiri Lehecka,R,0,CZE,0.0,li-tu,,WC,Li Tu,R,0,AUS,0.0,N/A,3,R128,0,13,2,68,70,81,70,0,75,3,8,2,64,69,75,50,0,50,3,0,0,0,0
2025-580,Australian Open,Hard,32,A,,119,tomas-machac,26,,Tomas Machac,R,0,CZE,0.0,sumit-nagal,,,Sumit Nagal,R,0,IND,0.0,N/A,3,R128,0,0,5,68,58,53,37,0,53,8,7,4,50,41,80,56,0,71,5,0,0,0,0
2025-580,Australian Open,Hard,32,A,,118,hugo-gaston,,,Hugo Gaston,R,0,FRA,0.0,omar-jasika,,WC,Omar Jasika,R,0,AUS,0.0,N/A,3,R128,0,12,2,62,62,76,53,0,78,7,2,3,79,85,60,35,0,36,4,0,0,0,0
2025-580,Australian Open,Hard,32,A,,117,hady-habib,,Q,Hady Habib,R,0,LBN,0.0,yunchaokete-bu,,,Yunchaokete Bu,R,0,CHN,0.0,N/A,3,R128,0,18,1,66,59,88,77,0,0,0,13,3,58,65,69,62,0,60,3,0,0,0,0
2025-580,Australian Open,Hard,32,A,,116,quentin-halys,,,Quentin Halys,R,0,FRA,0.0,adam-walton,,,Adam Walton,R,0,AUS,0.0,N/A,3,R128,0,11,1,65,99,78,66,0,60,3,31,6,60,97,84,50,0,67,4,0,0,0,0
2025-580,Australian Open,Hard,32,A,,115,pedro-martinez,,,Pedro Martinez,R,0,ESP,0.0,luciano-darderi,,,Luciano Darderi,R,0,ITA,0.0,N/A,3,R128,0,1,2,76,32,72,60,0,80,4,3,2,65,37,51,35,0,50,4,0,0,0,0
2025-580,Australian Open,Hard,32,A,,114,kei-nishikori,,,Kei Nishikori,R,0,JPN,0.0,thiago-monteiro,,Q,Thiago Monteiro,R,0,BRA,0.0,N/A,3,R128,0,17,3,71,100,81,58,0,86,6,21,5,64,109,74,50,0,74,14,0,0,0,0
2025-580,Australian Open,Hard,32,A,,113,reilly-opelka,,,Reilly Opelka,R,0,USA,0.0,gauthier-onclin,,Q,Gauthier Onclin,R,0,BEL,0.0,N/A,3,R128,0,1,3,73,79,62,62,0,43,3,27,3,72,100,73,33,0,77,10,0,0,0,0
2025-580,Australian Open,Hard,32,A,,112,dominik-koepfer,1,,Dominik Koepfer,R,0,GER,0.0,blake-ellis,,WC,Blake Ellis,R,0,AUS,0.0,N/A,3,Unknown,0,2,4,56,40,78,58,0,67,2,4,2,62,56,73,40,0,79,11,0,0,0,0
2025-580,Australian Open,Hard,32,A,,111,tristan-boyer,26,,Tristan Boyer,R,0,USA,0.0,christopher-eubanks,4,,Christopher Eubanks,R,0,USA,0.0,N/A,3,Unknown,0,7,0,90,62,61,57,0,71,5,3,1,87,46,76,71,0,0,0,0,0,0,0
2025-580,Australian Open,Hard,32,A,,110,thiago-monteiro,6,,Thiago Monteiro,R,0,BRA,0.0,kimmer-coppejans,,,Kimmer Coppejans,R,0,BEL,0.0,N/A,3,Unknown,0,6,0,96,44,91,0,0,0,0,3,0,98,48,71,0,0,50,2,0,0,0,0
2025-580,Australian Open,Hard,32,A,,109,joao-fonseca,,,Joao Fonseca,R,0,BRA,0.0,thiago agustin-tirante,12,,Thiago Agustin Tirante,R,0,ARG,0.0,N/A,3,Unknown,0,3,2,62,44,57,41,0,71,10,3,1,71,35,77,64,0,83,5,0,0,0,0
2025-580,Australian Open,Hard,32,A,,108,kamil-majchrzak,14,,Kamil Majchrzak,R,0,POL,0.0,billy-harris,19,,Billy Harris,R,0,GBR,0.0,N/A,3,Unknown,0,10,0,68,42,76,50,0,83,5,4,1,64,48,67,33,0,73,11,0,0,0,0
2025-580,Australian Open,Hard,32,A,,107,learner-tien,16,,Learner Tien,R,0,USA,0.0,jozef-kovalik,21,,Jozef Kovalik,R,0,SVK,0.0,N/A,3,Unknown,0,7,5,55,29,90,58,0,100,1,7,5,60,32,72,52,0,33,1,0,0,0,0
2025-580,Australian Open,Hard,32,A,,106,jaime-faria,17,,Jaime Faria,R,0,POR,0.0,mark-lajal,,,Mark Lajal,R,0,EST,0.0,N/A,3,Unknown,0,7,3,75,64,70,48,0,60,3,14,9,67,62,74,40,0,60,3,0,0,0,0
2025-580,Australian Open,Hard,32,A,,105,cristian-garin,,,Cristian Garin,R,0,CHI,0.0,hugo-dellien,18,,Hugo Dellien,R,0,BOL,0.0,N/A,3,Unknown,0,3,1,74,34,76,50,0,80,4,1,2,67,38,58,26,0,29,2,0,0,0,0
2025-580,Australian Open,Hard,32,A,,104,gauthier-onclin,,,Gauthier Onclin,R,0,BEL,0.0,mackenzie-mcdonald,25,,Mackenzie McDonald,R,0,USA,0.0,N/A,3,Unknown,0,0,2,71,84,71,50,0,67,4,9,6,69,69,70,39,0,56,5,0,0,0,0
2025-580,Australian Open,Hard,32,A,,103,lukas-klein,28,,Lukas Klein,R,0,SVK,0.0,terence-atmane,,,Terence Atmane,R,0,FRA,0.0,N/A,3,Unknown,0,3,6,60,30,67,30,0,33,2,6,0,67,32,78,63,0,100,1,0,0,0,0
2025-580,Australian Open,Hard,32,A,,102,matteo-gigante,32,,Matteo Gigante,R,0,ITA,0.0,henrique-rocha,,,Henrique Rocha,R,0,POR,0.0,N/A,3,Unknown,0,8,4,79,48,71,38,0,40,2,6,4,73,48,77,56,0,50,1,0,0,0,0
2025-580,Australian Open,Hard,32,A,,101,nikoloz-basilashvili,,,Nikoloz Basilashvili,R,0,GEO,0.0,francesco-passaro,,,Francesco Passaro,R,0,ITA,0.0,N/A,3,Unknown,0,7,3,89,56,64,14,0,50,3,8,9,74,58,72,40,0,100,6,0,0,0,0
2025-580,Australian Open,Hard,32,A,,100,aziz-dougaz,,,Aziz Dougaz,R,0,TUN,0.0,borna-gojo,,,Borna Gojo,R,0,CRO,0.0,N/A,3,Unknown,0,14,4,71,65,74,44,0,88,7,5,5,59,50,70,49,0,57,4,0,0,0,0
2025-580,Australian Open,Hard,32,A,,99,hady-habib,,,Hady Habib,R,0,LBN,0.0,clement-chidekh,,,Clement Chidekh,R,0,FRA,0.0,N/A,3,Unknown,0,21,4,65,65,71,29,0,38,3,1,7,63,94,64,41,0,78,21,0,0,0,0
2025-580,Australian Open,Hard,32,A,,98,mitchell-krueger,,,Mitchell Krueger,R,0,USA,0.0,yasutaka-uchiyama,,,Yasutaka Uchiyama,R,0,JPN,0.0,N/A,3,Unknown,0,20,2,73,69,75,31,0,43,3,9,0,79,62,79,63,0,0,0,0,0,0,0
2025-580,Australian Open,Hard,32,A,,97,martin-landaluce,,,Martin Landaluce,R,0,ESP,0.0,dalibor-svrcina,,,Dalibor Svrcina,R,0,CZE,0.0,N/A,3,Unknown,0,0,11,57,52,69,33,0,50,6,1,5,68,53,64,20,0,50,7,0,0,0,0
2025-580,Australian Open,Hard,32,A,,96,dominik-koepfer,1,,Dominik Koepfer,R,0,GER,0.0,ethan-quinn,,,Ethan Quinn,R,0,USA,0.0,N/A,3,Unknown,0,0,0,57,49,71,43,0,43,3,0,0,64,56,61,41,0,25,2,0,0,0,0
2025-580,Australian Open,Hard,32,A,,95,terence-atmane,,,Terence Atmane,R,0,FRA,0.0,mattia-bellucci,2,,Mattia Bellucci,R,0,ITA,0.0,N/A,3,Unknown,0,3,4,58,42,71,48,0,0,0,9,3,64,41,78,52,0,0,0,0,0,0,0
2025-580,Australian Open,Hard,32,A,,94,henrique-rocha,,,Henrique Rocha,R,0,POR,0.0,marton-fucsovics,3,,Marton Fucsovics,R,0,HUN,0.0,N/A,3,Unknown,0,2,2,55,38,63,52,0,33,1,4,0,63,41,76,58,0,100,1,0,0,0,0
2025-580,Australian Open,Hard,32,A,,93,christopher-eubanks,4,,Christopher Eubanks,R,0,USA,0.0,alejandro-moro canas,,,Alejandro Moro Canas,R,0,ESP,0.0,N/A,3,Unknown,0,13,2,80,39,85,50,0,100,1,4,1,70,31,68,54,0,0,0,0,0,0,0
2025-580,Australian Open,Hard,32,A,,92,thiago-monteiro,6,,Thiago Monteiro,R,0,BRA,0.0,valentin-royer,,,Valentin Royer,R,0,FRA,0.0,N/A,3,Unknown,0,7,2,72,52,83,55,0,100,7,4,4,80,44,80,36,0,0,0,0,0,0,0
2025-580,Australian Open,Hard,32,A,,91,gauthier-onclin,,,Gauthier Onclin,R,0,BEL,0.0,aleksandar-kovacevic,7,,Aleksandar Kovacevic,R,0,USA,0.0,N/A,3,Unknown,0,10,1,47,46,80,47,0,43,3,4,1,64,61,77,40,0,71,5,0,0,0,0
2025-580,Australian Open,Hard,32,A,,90,thiago agustin-tirante,12,,Thiago Agustin Tirante,R,0,ARG,0.0,titouan-droguet,,,Titouan Droguet,R,0,FRA,0.0,N/A,3,Unknown,0,6,3,48,34,82,65,0,100,5,8,2,69,46,70,71,0,50,1,0,0,0,0
2025-580,Australian Open,Hard,32,A,,89,kamil-majchrzak,14,,Kamil Majchrzak,R,0,POL,0.0,zachary-svajda,,,Zachary Svajda,R,0,USA,0.0,N/A,3,Unknown,0,4,0,74,61,84,57,0,100,2,5,0,69,59,61,62,0,33,2,0,0,0,0
2025-580,Australian Open,Hard,32,A,,88,learner-tien,16,,Learner Tien,R,0,USA,0.0,juan pablo-ficovich,,,Juan Pablo Ficovich,R,0,ARG,0.0,N/A,3,Unknown,0,0,1,88,45,82,50,0,100,4,0,2,85,52,58,33,0,25,1,0,0,0,0
2025-580,Australian Open,Hard,32,A,,87,jaime-faria,17,,Jaime Faria,R,0,POR,0.0,dane-sweeny,,WC,Dane Sweeny,R,0,AUS,0.0,N/A,3,Unknown,0,2,1,76,35,57,18,0,38,3,5,4,62,29,72,61,0,67,2,0,0,0,0
2025-580,Australian Open,Hard,32,A,,86,billy-harris,19,,Billy Harris,R,0,GBR,0.0,carlos-taberner,,,Carlos Taberner,R,0,ESP,0.0,N/A,3,Unknown,0,1,5,57,29,62,27,0,56,5,2,1,72,31,84,67,0,100,1,0,0,0,0
2025-580,Australian Open,Hard,32,A,,85,jozef-kovalik,21,,Jozef Kovalik,R,0,SVK,0.0,august-holmgren,,,August Holmgren,R,0,DEN,0.0,N/A,3,Unknown,0,5,2,78,73,66,50,0,29,2,6,6,79,95,65,50,0,70,7,0,0,0,0
2025-580,Australian Open,Hard,32,A,,84,borna-gojo,,,Borna Gojo,R,0,CRO,0.0,vit-kopriva,24,,Vit Kopriva,R,0,CZE,0.0,N/A,3,Unknown,0,10,3,81,54,80,38,0,0,0,4,5,66,49,65,56,0,40,2,0,0,0,0
2025-580,Australian Open,Hard,32,A,,83,mackenzie-mcdonald,25,,Mackenzie McDonald,R,0,USA,0.0,brandon-holt,,,Brandon Holt,R,0,USA,0.0,N/A,3,Unknown,0,8,0,91,61,59,83,0,20,1,14,1,80,51,75,23,0,83,5,0,0,0,0
2025-580,Australian Open,Hard,32,A,,82,tristan-boyer,26,,Tristan Boyer,R,0,USA,0.0,tomas-barrios vera,,,Tomas Barrios Vera,R,0,CHI,0.0,N/A,3,Unknown,0,3,0,85,68,65,75,0,25,1,11,1,77,61,79,61,0,33,1,0,0,0,0
2025-580,Australian Open,Hard,32,A,,81,lukas-klein,28,,Lukas Klein,R,0,SVK,0.0,eliot-spizzirri,,,Eliot Spizzirri,R,0,USA,0.0,N/A,3,Unknown,0,0,0,69,35,71,50,0,50,2,2,3,80,57,74,36,0,100,2,0,0,0,0
2025-580,Australian Open,Hard,32,A,,80,kimmer-coppejans,,,Kimmer Coppejans,R,0,BEL,0.0,valentin-vacherot,31,,Valentin Vacherot,R,0,MON,0.0,N/A,3,Unknown,0,7,0,78,45,89,62,0,0,0,8,2,83,58,69,58,0,50,1,0,0,0,0
2025-580,Australian Open,Hard,32,A,,79,matteo-gigante,32,,Matteo Gigante,R,0,ITA,0.0,lukas-neumayer,,,Lukas Neumayer,R,0,AUT,0.0,N/A,3,Unknown,0,4,2,64,46,63,42,0,67,6,12,4,81,43,81,40,0,50,1,0,0,0,0
2025-580,Australian Open,Hard,32,A,,78,nikoloz-basilashvili,,,Nikoloz Basilashvili,R,0,GEO,0.0,alibek-kachmazov,,,Alibek Kachmazov,R,0,RUS,0.0,N/A,3,Unknown,0,7,3,70,51,75,50,0,50,2,6,2,75,51,65,53,0,50,3,0,0,0,0
2025-580,Australian Open,Hard,32,A,,77,aziz-dougaz,,,Aziz Dougaz,R,0,TUN,0.0,benjamin-hassan,,,Benjamin Hassan,R,0,LBN,0.0,N/A,3,Unknown,0,5,5,63,64,64,73,0,82,9,5,6,66,65,83,47,0,75,6,0,0,0,0
2025-580,Australian Open,Hard,32,A,,76,blake-ellis,,WC,Blake Ellis,R,0,AUS,0.0,yosuke-watanuki,,,Yosuke Watanuki,R,0,JPN,0.0,N/A,3,Unknown,0,9,2,67,33,79,63,0,0,0,6,2,52,23,65,52,0,25,1,0,0,0,0
2025-580,Australian Open,Hard,32,A,,75,joao-fonseca,,,Joao Fonseca,R,0,BRA,0.0,coleman-wong,,,Coleman Wong,R,0,HKG,0.0,N/A,3,Unknown,0,4,4,81,44,50,20,0,38,3,6,1,87,33,82,40,0,0,0,0,0,0,0
2025-580,Australian Open,Hard,32,A,,74,mark-lajal,,,Mark Lajal,R,0,EST,0.0,sho-shimabukuro,,,Sho Shimabukuro,R,0,JPN,0.0,N/A,3,Unknown,0,11,2,66,62,79,50,0,67,4,11,7,63,61,82,47,0,75,3,0,0,0,0
2025-580,Australian Open,Hard,32,A,,73,martin-landaluce,,,Martin Landaluce,R,0,ESP,0.0,james-trotter,,,James Trotter,R,0,JPN,0.0,N/A,3,Unknown,0,3,6,67,44,82,41,0,67,2,10,4,62,46,70,43,0,57,4,0,0,0,0
2025-580,Australian Open,Hard,32,A,,72,francesco-passaro,,,Francesco Passaro,R,0,ITA,0.0,javier-barranco cosano,,,Javier Barranco Cosano,R,0,ESP,0.0,N/A,3,Unknown,0,8,2,76,84,70,41,0,57,4,4,9,60,73,67,43,0,84,16,0,0,0,0
2025-580,Australian Open,Hard,32,A,,71,dalibor-svrcina,,,Dalibor Svrcina,R,0,CZE,0.0,khumoyun-sultanov,,,Khumoyun Sultanov,R,0,UZB,0.0,N/A,3,Unknown,0,2,7,57,40,63,37,0,45,5,5,1,62,45,51,50,0,42,5,0,0,0,0
2025-580,Australian Open,Hard,32,A,,70,cristian-garin,,,Cristian Garin,R,0,CHI,0.0,laslo-djere,10,,Laslo Djere,R,0,SRB,0.0,N/A,3,Unknown,0,7,2,67,56,68,57,0,56,5,3,2,60,54,63,50,0,69,9,0,0,0,0
2025-580,Australian Open,Hard,32,A,,69,hady-habib,,,Hady Habib,R,0,LBN,0.0,chun-hsin-tseng,13,,Chun-Hsin Tseng,R,0,TPE,0.0,N/A,3,Unknown,0,8,2,69,53,81,29,0,80,4,17,0,85,61,77,45,0,50,1,0,0,0,0
2025-580,Australian Open,Hard,32,A,,68,hugo-dellien,18,,Hugo Dellien,R,0,BOL,0.0,maks-kasnikowski,,,Maks Kasnikowski,R,0,POL,0.0,N/A,3,Unknown,0,6,3,65,60,75,45,0,50,3,6,1,67,51,78,60,0,50,1,0,0,0,0
2025-580,Australian Open,Hard,32,A,,67,clement-chidekh,,,Clement Chidekh,R,0,FRA,0.0,jerome-kym,27,,Jerome Kym,R,0,SUI,0.0,N/A,3,Unknown,0,5,8,56,64,67,52,0,82,9,19,6,61,67,73,28,0,50,5,0,0,0,0
2025-580,Australian Open,Hard,32,A,,66,mitchell-krueger,,,Mitchell Krueger,R,0,USA,0.0,duje-ajdukovic,,,Duje Ajdukovic,R,0,CRO,0.0,N/A,3,Unknown,0,5,0,68,40,78,58,0,67,2,5,0,70,31,71,38,0,0,0,0,0,0,0
2025-580,Australian Open,Hard,32,A,,65,yasutaka-uchiyama,,,Yasutaka Uchiyama,R,0,JPN,0.0,adolfo daniel-vallejo,,,Adolfo Daniel Vallejo,R,0,PAR,0.0,N/A,3,Unknown,0,5,0,61,60,70,50,0,67,6,3,6,57,55,65,51,0,50,4,0,0,0,0
2025-580,Australian Open,Hard,32,A,,64,dominik-koepfer,1,,Dominik Koepfer,R,0,GER,0.0,ignacio-buse,,,Ignacio Buse,R,0,PER,0.0,N/A,3,Unknown,0,5,9,56,53,74,52,0,40,2,6,1,71,74,72,40,0,82,9,0,0,0,0
2025-580,Australian Open,Hard,32,A,,63,mattia-bellucci,2,,Mattia Bellucci,R,0,ITA,0.0,pavle-marinkov,,WC,Pavle Marinkov,R,0,AUS,0.0,N/A,3,Unknown,0,10,2,58,30,83,68,0,100,1,4,5,65,42,69,35,0,25,1,0,0,0,0
2025-580,Australian Open,Hard,32,A,,62,marton-fucsovics,3,,Marton Fucsovics,R,0,HUN,0.0,oriol-roca batalla,,,Oriol Roca Batalla,R,0,ESP,0.0,N/A,3,Unknown,0,5,1,71,34,76,79,0,50,1,0,3,71,46,63,42,0,50,3,0,0,0,0
2025-580,Australian Open,Hard,32,A,,61,thiago-monteiro,6,,Thiago Monteiro,R,0,BRA,0.0,jason-kubler,,,Jason Kubler,R,0,AUS,0.0,N/A,3,Unknown,0,12,4,62,48,81,62,0,80,4,7,2,70,57,68,67,0,67,2,0,0,0,0
2025-580,Australian Open,Hard,32,A,,60,aziz-dougaz,,,Aziz Dougaz,R,0,TUN,0.0,jesper-de jong,8,,Jesper de Jong,R,0,NED,0.0,N/A,3,Unknown,0,8,3,62,63,75,41,0,50,4,10,3,79,92,71,50,0,71,5,0,0,0,0
2025-580,Australian Open,Hard,32,A,,59,mark-lajal,,,Mark Lajal,R,0,EST,0.0,mikhail-kukushkin,9,,Mikhail Kukushkin,R,0,KAZ,0.0,N/A,3,Unknown,0,1,1,71,30,40,25,0,14,1,6,1,72,31,77,42,0,50,1,0,0,0,0
2025-580,Australian Open,Hard,32,A,,58,thiago agustin-tirante,12,,Thiago Agustin Tirante,R,0,ARG,0.0,jurij-rodionov,,,Jurij Rodionov,R,0,AUT,0.0,N/A,3,Unknown,0,6,3,70,75,69,53,0,50,3,11,5,67,78,74,37,0,63,5,0,0,0,0
2025-580,Australian Open,Hard,32,A,,57,kamil-majchrzak,14,,Kamil Majchrzak,R,0,POL,0.0,marco-trungelliti,,,Marco Trungelliti,R,0,ARG,0.0,N/A,3,Unknown,0,6,4,56,66,74,50,0,81,13,8,3,62,59,75,42,0,50,2,0,0,0,0
2025-580,Australian Open,Hard,32,A,,56,jaime-faria,17,,Jaime Faria,R,0,POR,0.0,gijs-brouwer,,,Gijs Brouwer,R,0,NED,0.0,N/A,3,Unknown,0,6,2,77,36,78,36,0,60,3,5,3,61,35,80,68,0,0,0,0,0,0,0
2025-580,Australian Open,Hard,32,A,,55,billy-harris,19,,Billy Harris,R,0,GBR,0.0,yuta-shimizu,,,Yuta Shimizu,R,0,JPN,0.0,N/A,3,Unknown,0,10,1,71,60,82,58,0,50,2,6,2,67,63,75,61,0,100,2,0,0,0,0
2025-580,Australian Open,Hard,32,A,,54,jozef-kovalik,21,,Jozef Kovalik,R,0,SVK,0.0,bernard-tomic,,,Bernard Tomic,R,0,AUS,0.0,N/A,3,Unknown,0,3,1,58,29,62,33,0,33,2,6,2,69,31,77,71,0,0,0,0,0,0,0
2025-580,Australian Open,Hard,32,A,,53,alibek-kachmazov,,,Alibek Kachmazov,R,0,RUS,0.0,shintaro-mochizuki,22,,Shintaro Mochizuki,R,0,JPN,0.0,N/A,3,Unknown,0,6,0,58,33,73,58,0,0,0,0,1,55,29,66,50,0,25,1,0,0,0,0
2025-580,Australian Open,Hard,32,A,,52,vit-kopriva,24,,Vit Kopriva,R,0,CZE,0.0,constant-lestienne,,,Constant Lestienne,R,0,FRA,0.0,N/A,3,Unknown,0,0,0,84,38,37,43,0,38,3,3,1,74,32,63,64,0,60,3,0,0,0,0
2025-580,Australian Open,Hard,32,A,,51,tristan-boyer,26,,Tristan Boyer,R,0,USA,0.0,rei-sakamoto,,WC,Rei Sakamoto,R,0,JPN,0.0,N/A,3,Unknown,0,6,1,58,26,46,32,0,29,2,5,1,60,30,70,60,0,100,4,0,0,0,0
2025-580,Australian Open,Hard,32,A,,50,lukas-klein,28,,Lukas Klein,R,0,SVK,0.0,alexis-galarneau,,,Alexis Galarneau,R,0,CAN,0.0,N/A,3,Unknown,0,2,2,78,76,70,38,0,57,4,6,4,73,65,74,42,0,67,4,0,0,0,0
2025-580,Australian Open,Hard,32,A,,49,joao-fonseca,,,Joao Fonseca,R,0,BRA,0.0,federico agustin-gomez,29,,Federico Agustin Gomez,R,0,ARG,0.0,N/A,3,Unknown,0,2,1,88,29,86,75,0,0,0,4,4,70,44,57,32,0,60,6,0,0,0,0
2025-580,Australian Open,Hard,32,A,,48,yosuke-watanuki,,,Yosuke Watanuki,R,0,JPN,0.0,juan manuel-cerundolo,30,,Juan Manuel Cerundolo,R,0,ARG,0.0,N/A,3,Unknown,0,9,3,66,41,73,57,0,33,1,1,7,63,49,69,31,0,43,3,0,0,0,0
2025-580,Australian Open,Hard,32,A,,47,valentin-vacherot,31,,Valentin Vacherot,R,0,MON,0.0,marc-andrea-huesler,,,Marc-Andrea Huesler,R,0,SUI,0.0,N/A,3,Unknown,0,7,2,53,27,78,54,0,67,4,6,1,71,41,73,53,0,100,1,0,0,0,0
2025-580,Australian Open,Hard,32,A,,46,terence-atmane,,,Terence Atmane,R,0,FRA,0.0,matthew-dellavedova,,WC,Matthew Dellavedova,R,0,AUS,0.0,N/A,3,Unknown,0,7,2,61,49,63,58,0,33,2,1,3,69,67,61,37,0,50,6,0,0,0,0
2025-580,Australian Open,Hard,32,A,,45,tomas-barrios vera,,,Tomas Barrios Vera,R,0,CHI,0.0,emilio-nava,,,Emilio Nava,R,0,USA,0.0,N/A,3,Unknown,0,0,1,81,64,73,67,0,67,2,11,0,67,49,65,67,0,0,0,0,0,0,0
2025-580,Australian Open,Hard,32,A,,44,nikoloz-basilashvili,,,Nikoloz Basilashvili,R,0,GEO,0.0,cruz-hewitt,,WC,Cruz Hewitt,R,0,AUS,0.0,N/A,3,Unknown,0,0,2,71,46,52,47,0,67,8,7,3,87,47,72,43,0,67,2,0,0,0,0
2025-580,Australian Open,Hard,32,A,,43,kimmer-coppejans,,,Kimmer Coppejans,R,0,BEL,0.0,matteo-martineau,,,Matteo Martineau,R,0,FRA,0.0,N/A,3,Unknown,0,10,0,60,48,75,56,0,25,1,10,6,69,61,72,46,0,70,7,0,0,0,0
2025-580,Australian Open,Hard,32,A,,42,titouan-droguet,,,Titouan Droguet,R,0,FRA,0.0,jan-choinski,,,Jan Choinski,R,0,GBR,0.0,N/A,3,Unknown,0,7,0,80,47,70,67,0,50,1,3,0,74,56,57,55,0,67,6,0,0,0,0
2025-580,Australian Open,Hard,32,A,,41,blake-ellis,,WC,Blake Ellis,R,0,AUS,0.0,antoine-escoffier,,,Antoine Escoffier,R,0,FRA,0.0,N/A,3,Unknown,0,1,6,61,27,41,35,0,20,1,2,0,67,30,67,80,0,0,0,0,0,0,0
2025-580,Australian Open,Hard,32,A,,40,borna-gojo,,,Borna Gojo,R,0,CRO,0.0,timofey-skatov,,,Timofey Skatov,R,0,KAZ,0.0,N/A,3,Unknown,0,14,1,66,29,90,67,0,100,3,3,0,70,37,68,50,0,71,5,0,0,0,0
2025-580,Australian Open,Hard,32,A,,39,benjamin-hassan,,,Benjamin Hassan,R,0,LBN,0.0,nicolas-mejia,,,Nicolas Mejia,R,0,COL,0.0,N/A,3,Unknown,0,1,2,80,86,64,45,0,60,6,4,2,77,76,70,48,0,50,3,0,0,0,0
2025-580,Australian Open,Hard,32,A,,38,august-holmgren,,,August Holmgren,R,0,DEN,0.0,hayden-jones,,WC,Hayden Jones,R,0,AUS,0.0,N/A,3,Unknown,0,4,3,74,94,72,61,0,100,9,16,4,64,72,85,51,0,75,3,0,0,0,0
2025-580,Australian Open,Hard,32,A,,37,ethan-quinn,,,Ethan Quinn,R,0,USA,0.0,calvin-hemery,,,Calvin Hemery,R,0,FRA,0.0,N/A,3,Unknown,0,2,0,0,0,0,0,0,60,3,2,0,0,0,0,0,0,43,3,0,0,0,0
2025-580,Australian Open,Hard,32,A,,36,henrique-rocha,,,Henrique Rocha,R,0,POR,0.0,henri-squire,,,Henri Squire,R,0,GER,0.0,N/A,3,Unknown,0,1,2,52,33,67,43,0,56,5,6,0,74,32,75,82,0,0,0,0,0,0,0
2025-580,Australian Open,Hard,32,A,,35,valentin-royer,,,Valentin Royer,R,0,FRA,0.0,marc-polmans,,WC,Marc Polmans,R,0,AUS,0.0,N/A,3,Unknown,0,10,1,70,35,86,47,0,100,2,4,2,69,24,54,36,0,0,0,0,0,0,0
2025-580,Australian Open,Hard,32,A,,34,sho-shimabukuro,,,Sho Shimabukuro,R,0,JPN,0.0,radu-albot,,,Radu Albot,R,0,MDA,0.0,N/A,3,Unknown,0,0,4,59,37,59,31,0,38,3,6,4,41,20,80,59,0,67,2,0,0,0,0
2025-580,Australian Open,Hard,32,A,,33,eliot-spizzirri,,,Eliot Spizzirri,R,0,USA,0.0,alexander-blockx,,,Alexander Blockx,R,0,BEL,0.0,N/A,3,Unknown,0,2,3,67,71,56,49,0,67,10,4,2,69,52,77,39,0,0,0,0,0,0,0
2025-580,Australian Open,Hard,32,A,,32,zachary-svajda,,,Zachary Svajda,R,0,USA,0.0,enzo-couacaud,,,Enzo Couacaud,R,0,FRA,0.0,N/A,3,Unknown,0,2,1,83,44,73,56,0,67,2,6,4,62,45,53,46,0,50,4,0,0,0,0
2025-580,Australian Open,Hard,32,A,,31,dane-sweeny,,WC,Dane Sweeny,R,0,AUS,0.0,pierre-hugues-herbert,,,Pierre-Hugues Herbert,R,0,FRA,0.0,N/A,3,Unknown,0,8,6,73,48,65,44,0,50,5,2,1,83,54,72,27,0,57,4,0,0,0,0
2025-580,Australian Open,Hard,32,A,,30,carlos-taberner,,,Carlos Taberner,R,0,ESP,0.0,edward-winter,,WC,Edward Winter,R,0,AUS,0.0,N/A,3,Unknown,0,3,2,68,44,68,52,0,50,3,2,6,59,49,73,50,0,91,10,0,0,0,0
2025-580,Australian Open,Hard,32,A,,29,coleman-wong,,,Coleman Wong,R,0,HKG,0.0,dmitry-popko,,,Dmitry Popko,R,0,KAZ,0.0,N/A,3,Unknown,0,10,2,76,68,84,43,0,86,6,8,0,70,77,66,70,0,80,8,0,0,0,0
2025-580,Australian Open,Hard,32,A,,28,christopher-eubanks,4,,Christopher Eubanks,R,0,USA,0.0,hugo-grenier,,,Hugo Grenier,R,0,FRA,0.0,N/A,3,Unknown,0,5,2,71,50,80,70,0,75,3,5,7,67,56,70,39,0,60,3,0,0,0,0
2025-580,Australian Open,Hard,32,A,,27,aleksandar-kovacevic,7,,Aleksandar Kovacevic,R,0,USA,0.0,andrea-collarini,,,Andrea Collarini,R,0,ARG,0.0,N/A,3,Unknown,0,10,1,76,50,82,56,0,0,0,3,0,70,40,80,76,0,50,1,0,0,0,0
2025-580,Australian Open,Hard,32,A,,26,laslo-djere,10,,Laslo Djere,R,0,SRB,0.0,gustavo-heide,,,Gustavo Heide,R,0,BRA,0.0,N/A,3,Unknown,0,7,1,76,31,84,50,0,50,1,2,0,67,34,47,47,0,50,5,0,0,0,0
2025-580,Australian Open,Hard,32,A,,25,yasutaka-uchiyama,,,Yasutaka Uchiyama,R,0,JPN,0.0,harold-mayot,11,,Harold Mayot,R,0,FRA,0.0,N/A,3,Unknown,0,3,3,68,52,62,48,0,50,4,5,0,68,55,67,50,0,67,6,0,0,0,0
2025-580,Australian Open,Hard,32,A,,24,chun-hsin-tseng,13,,Chun-Hsin Tseng,R,0,TPE,0.0,august-holmgren,,,August Holmgren,R,0,ITA,0.0,N/A,3,Unknown,0,1,2,52,23,78,71,0,50,1,4,3,69,44,61,30,0,69,9,0,0,0,0
2025-580,Australian Open,Hard,32,A,,23,martin-landaluce,,,Martin Landaluce,R,0,ESP,0.0,raphael-collignon,15,,Raphael Collignon,R,0,BEL,0.0,N/A,3,Unknown,0,1,3,68,39,67,39,0,50,3,2,2,79,50,74,38,0,100,6,0,0,0,0
2025-580,Australian Open,Hard,32,A,,22,learner-tien,16,,Learner Tien,R,0,USA,0.0,gregoire-barrere,,,Gregoire Barrere,R,0,FRA,0.0,N/A,3,Unknown,0,2,9,55,54,70,48,0,69,9,5,7,55,61,70,31,0,50,6,0,0,0,0
2025-580,Australian Open,Hard,32,A,,21,hugo-dellien,18,,Hugo Dellien,R,0,BOL,0.0,maximilian-marterer,,,Maximilian Marterer,R,0,GER,0.0,N/A,3,Unknown,0,1,0,70,43,53,61,0,50,4,1,0,85,41,76,57,0,50,1,0,0,0,0
2025-580,Australian Open,Hard,32,A,,20,khumoyun-sultanov,,,Khumoyun Sultanov,R,0,UZB,0.0,daniel elahi-galan,20,,Daniel Elahi Galan,R,0,COL,0.0,N/A,3,Unknown,0,7,4,74,94,73,33,0,83,10,8,1,72,71,68,61,0,20,1,0,0,0,0
2025-580,Australian Open,Hard,32,A,,19,duje-ajdukovic,,,Duje Ajdukovic,R,0,CRO,0.0,richard-gasquet,23,,Richard Gasquet,R,0,FRA,0.0,N/A,3,Unknown,0,4,0,80,55,73,50,0,60,3,4,5,63,48,67,43,0,70,7,0,0,0,0
2025-580,Australian Open,Hard,32,A,,18,mackenzie-mcdonald,25,,Mackenzie McDonald,R,0,USA,0.0,alex-bolt,,,Alex Bolt,R,0,AUS,0.0,N/A,3,Unknown,0,5,4,72,43,56,29,0,56,5,4,1,74,40,75,57,0,100,5,0,0,0,0
2025-580,Australian Open,Hard,32,A,,17,jerome-kym,27,,Jerome Kym,R,0,SUI,0.0,tim-van rijthoven,,,Tim van Rijthoven,R,0,NED,0.0,N/A,3,Unknown,0,1,0,57,20,55,33,0,43,3,8,1,67,30,87,53,0,100,3,0,0,0,0
2025-580,Australian Open,Hard,32,A,,16,matteo-gigante,32,,Matteo Gigante,R,0,ITA,0.0,nick-hardt,,,Nick Hardt,R,0,DOM,0.0,N/A,3,Unknown,0,0,4,55,23,48,11,0,14,1,4,5,65,35,74,26,0,67,4,0,0,0,0
2025-580,Australian Open,Hard,32,A,,15,javier-barranco cosano,,,Javier Barranco Cosano,R,0,ESP,0.0,facundo-mena,,,Facundo Mena,R,0,ARG,0.0,N/A,3,Unknown,0,4,1,71,35,74,57,0,75,3,2,3,59,32,72,23,0,0,0,0,0,0,0
2025-580,Australian Open,Hard,32,A,,14,clement-chidekh,,,Clement Chidekh,R,0,FRA,0.0,felipe-meligeni alves,,,Felipe Meligeni Alves,R,0,BRA,0.0,N/A,3,Unknown,0,6,1,65,42,57,43,0,73,8,9,6,55,29,86,42,0,60,3,0,0,0,0
2025-580,Australian Open,Hard,32,A,,13,juan pablo-ficovich,,,Juan Pablo Ficovich,R,0,ARG,0.0,paul-jubb,,,Paul Jubb,R,0,GBR,0.0,N/A,3,Unknown,0,2,2,57,30,83,57,0,0,0,2,6,71,56,64,39,0,67,6,0,0,0,0
2025-580,Australian Open,Hard,32,A,,12,cristian-garin,,,Cristian Garin,R,0,CHI,0.0,murkel-dellien,,,Murkel Dellien,R,0,BOL,0.0,N/A,3,Unknown,0,4,0,83,35,74,43,0,0,0,1,1,75,36,53,42,0,44,4,0,0,0,0
2025-580,Australian Open,Hard,32,A,,11,hady-habib,,,Hady Habib,R,0,LBN,0.0,patrick-kypson,,,Patrick Kypson,R,0,USA,0.0,N/A,3,Unknown,0,22,2,64,48,77,48,0,50,1,7,1,79,57,67,60,0,60,3,0,0,0,0
2025-580,Australian Open,Hard,32,A,,10,brandon-holt,,,Brandon Holt,R,0,USA,0.0,gianluca-mager,,,Gianluca Mager,R,0,ITA,0.0,N/A,3,Unknown,0,10,0,86,59,78,70,0,100,9,6,1,69,47,72,48,0,71,5,0,0,0,0
2025-580,Australian Open,Hard,32,A,,9,maks-kasnikowski,,,Maks Kasnikowski,R,0,POL,0.0,vilius-gaubas,,,Vilius Gaubas,R,0,LTU,0.0,N/A,3,Unknown,0,5,4,77,81,68,46,0,57,4,5,3,71,64,75,73,0,50,1,0,0,0,0
2025-580,Australian Open,Hard,32,A,,8,mitchell-krueger,,,Mitchell Krueger,R,0,USA,0.0,filip cristian-jianu,,,Filip Cristian Jianu,R,0,ROU,0.0,N/A,3,Unknown,0,7,0,78,38,74,73,0,67,2,4,0,64,49,55,46,0,71,10,0,0,0,0
2025-580,Australian Open,Hard,32,A,,7,alejandro-moro canas,,,Alejandro Moro Canas,R,0,ESP,0.0,juan pablo-varillas,,,Juan Pablo Varillas,R,0,PER,0.0,N/A,3,Unknown,0,3,4,56,68,60,57,0,54,7,0,4,70,79,59,56,0,38,3,0,0,0,0
2025-580,Australian Open,Hard,32,A,,6,lukas-neumayer,,,Lukas Neumayer,R,0,AUT,0.0,elmer-moller,,,Elmer Moller,R,0,DEN,0.0,N/A,3,Unknown,0,4,5,76,91,69,34,0,71,5,11,7,76,78,67,28,0,56,5,0,0,0,0
2025-580,Australian Open,Hard,32,A,,5,gauthier-onclin,,,Gauthier Onclin,R,0,BEL,0.0,roman andres-burruchaga,,,Roman Andres Burruchaga,R,0,ARG,0.0,N/A,3,Unknown,0,6,0,84,59,64,45,0,33,2,0,0,63,50,68,57,0,50,3,0,0,0,0
2025-580,Australian Open,Hard,32,A,,4,francesco-passaro,,,Francesco Passaro,R,0,ITA,0.0,giulio-zeppieri,,,Giulio Zeppieri,R,0,ITA,0.0,N/A,3,Unknown,0,6,0,68,46,80,64,0,100,3,5,1,66,52,71,44,0,86,6,0,0,0,0
2025-580,Australian Open,Hard,32,A,,3,dalibor-svrcina,,,Dalibor Svrcina,R,0,CZE,0.0,ugo-blanchet,,,Ugo Blanchet,R,0,FRA,0.0,N/A,3,Unknown,0,6,2,54,35,74,47,0,57,4,2,4,58,37,78,56,0,50,1,0,0,0,0
2025-580,Australian Open,Hard,32,A,,2,james-trotter,,,James Trotter,R,0,JPN,0.0,daniel-evans,,,Daniel Evans,R,0,GBR,0.0,N/A,3,Unknown,0,12,4,61,57,68,53,0,63,5,4,2,65,68,68,41,0,64,7,0,0,0,0
2025-580,Australian Open,Hard,32,A,,1,adolfo daniel-vallejo,,,Adolfo Daniel Vallejo,R,0,PAR,0.0,adrian-andreev,,,Adrian Andreev,R,0,BUL,0.0,N/A,3,Unknown,0,3,3,70,37,65,38,0,33,2,3,2,73,53,66,45,0,50,2,0,0,0,0
2025-404,Indian Wells,Hard,32,A,,131,jack-draper,13,,Jack Draper,R,0,GBR,0.0,holger-rune,12,,Holger Rune,R,0,DEN,0.0,6-2  6-2 .,3,F,69,1,2,34,52,20,7,8,3,7,10,0,26,46,24,10,8,0,0,0,0,0,0
2025-1536,Madrid,Clay,32,A,,131,casper-ruud,14,,Casper Ruud,R,0,NOR,0.0,jack-draper,5,,Jack Draper,R,0,GBR,0.0,7-5  3-6  6-4 .,3,F,149,9,7,57,96,46,15,16,4,7,6,3,65,102,47,17,15,7,10,0,0,0,0
2025-416,Rome,Clay,32,A,,131,carlos-alcaraz,3,,Carlos Alcaraz,R,0,ESP,0.0,jannik-sinner,1,,Jannik Sinner,R,0,ITA,0.0,7-6(5) 6-1 .,3,F,103,1,3,35,58,25,10,9,1,3,4,2,48,75,35,16,10,2,2,0,0,0,0
2025-404,Indian Wells,Hard,32,A,,130,jack-draper,13,,Jack Draper,R,0,GBR,0.0,carlos-alcaraz,2,,Carlos Alcaraz,R,0,ESP,0.0,6-1  0-6  6-4 .,3,SF,104,4,2,47,69,30,11,12,5,9,3,4,39,70,25,14,11,1,5,0,0,0,0
2025-1536,Madrid,Clay,32,A,,130,jack-draper,5,,Jack Draper,R,0,GBR,0.0,lorenzo-musetti,10,,Lorenzo Musetti,R,0,ITA,0.0,6-3  7-6(4).,3,SF,117,3,1,49,73,38,14,11,2,3,3,2,53,73,37,10,10,4,6,0,0,0,0
2025-403,Miami,Hard,32,A,,130,jakub-mensik,,,Jakub Mensik,R,0,CZE,0.0,novak-djokovic,4,,Novak Djokovic,R,0,SRB,0.0,7-6(4) 7-6(4).,3,F,123,14,1,52,78,40,14,12,0,1,7,1,56,74,43,9,12,2,3,0,0,0,0
2025-416,Rome,Clay,32,A,,130,jannik-sinner,1,,Jannik Sinner,R,0,ITA,0.0,tommy-paul,11,,Tommy Paul,R,0,USA,0.0,1-6  6-0  6-3 .,3,SF,103,4,1,44,61,32,7,11,3,6,0,3,58,74,33,7,11,5,10,0,0,0,0
2025-404,Indian Wells,Hard,32,A,,129,holger-rune,12,,Holger Rune,R,0,DEN,0.0,daniil-medvedev,5,,Daniil Medvedev,R,0,RUS,0.0,7-5  6-4 .,3,SF,99,1,2,47,70,34,14,11,1,2,2,0,30,60,20,16,11,1,4,0,0,0,0
2025-1536,Madrid,Clay,32,A,,129,casper-ruud,14,,Casper Ruud,R,0,NOR,0.0,francisco-cerundolo,20,,Francisco Cerundolo,R,0,ARG,0.0,6-4  7-5 .,3,SF,114,2,3,40,65,27,11,11,4,9,4,3,57,85,36,12,11,15,18,0,0,0,0
2025-403,Miami,Hard,32,A,,129,jakub-mensik,,,Jakub Mensik,R,0,CZE,0.0,taylor-fritz,3,,Taylor Fritz,R,0,USA,0.0,7-6(4) 4-6  7-6(4).,3,SF,145,25,4,73,101,60,15,17,1,2,14,3,79,114,63,16,17,2,2,0,0,0,0
2025-416,Rome,Clay,32,A,,129,carlos-alcaraz,3,,Carlos Alcaraz,R,0,ESP,0.0,lorenzo-musetti,8,,Lorenzo Musetti,R,0,ITA,0.0,6-3  7-6(4).,3,SF,123,1,5,47,71,31,11,10,5,8,0,1,67,93,41,7,11,9,14,0,0,0,0
2025-404,Indian Wells,Hard,32,A,,128,carlos-alcaraz,2,,Carlos Alcaraz,R,0,ESP,0.0,francisco-cerundolo,25,,Francisco Cerundolo,R,0,ARG,0.0,6-3  7-6(4).,3,QF,103,1,4,57,73,38,5,10,1,3,5,5,48,73,36,15,11,8,9,0,0,0,0
2025-1536,Madrid,Clay,32,A,,128,jack-draper,5,,Jack Draper,R,0,GBR,0.0,matteo-arnaldi,,,Matteo Arnaldi,R,0,ITA,0.0,6-0  6-4 .,3,QF,77,4,1,29,43,22,11,8,0,0,3,1,26,57,14,15,8,6,10,0,0,0,0
2025-403,Miami,Hard,32,A,,128,novak-djokovic,4,,Novak Djokovic,R,0,SRB,0.0,grigor-dimitrov,14,,Grigor Dimitrov,R,0,BUL,0.0,6-2  6-3 .,3,SF,70,5,1,39,45,31,2,9,1,2,3,3,23,43,16,6,8,2,6,0,0,0,0
2025-416,Rome,Clay,32,A,,128,jannik-sinner,1,,Jannik Sinner,R,0,ITA,0.0,casper-ruud,6,,Casper Ruud,R,0,NOR,0.0,6-0  6-1 .,3,QF,64,1,0,23,33,18,7,6,0,0,1,2,23,44,10,4,7,3,9,0,0,0,0
2025-404,Indian Wells,Hard,32,A,,127,daniil-medvedev,5,,Daniil Medvedev,R,0,RUS,0.0,arthur-fils,20,,Arthur Fils,R,0,FRA,0.0,6-4  2-6  7-6(7).,3,QF,145,2,7,61,106,45,21,15,8,11,5,3,54,88,34,25,15,4,8,0,0,0,0
2025-1536,Madrid,Clay,32,A,,127,casper-ruud,14,,Casper Ruud,R,0,NOR,0.0,daniil-medvedev,9,,Daniil Medvedev,R,0,RUS,0.0,6-3  7-5 .,3,QF,100,2,2,41,62,31,14,11,2,2,1,4,46,78,31,16,10,6,8,0,0,0,0
2025-403,Miami,Hard,32,A,,127,taylor-fritz,3,,Taylor Fritz,R,0,USA,0.0,matteo-berrettini,29,,Matteo Berrettini,R,0,ITA,0.0,7-5 6-7(7) 7-5 .,3,QF,164,16,3,78,102,62,15,18,4,5,17,0,96,123,72,10,18,8,11,0,0,0,0
2025-416,Rome,Clay,32,A,,127,tommy-paul,11,,Tommy Paul,R,0,USA,0.0,hubert-hurkacz,30,,Hubert Hurkacz,R,0,POL,0.0,7-6(4) 6-3 .,3,QF,118,6,2,44,71,31,8,10,5,9,1,1,53,91,39,17,11,5,8,0,0,0,0
2025-404,Indian Wells,Hard,32,A,,126,jack-draper,13,,Jack Draper,R,0,GBR,0.0,ben-shelton,11,,Ben Shelton,R,0,USA,0.0,6-4  7-5 .,3,QF,99,3,5,42,75,28,16,11,2,5,3,1,49,68,33,14,11,0,1,0,0,0,0
2025-1536,Madrid,Clay,32,A,,126,lorenzo-musetti,10,,Lorenzo Musetti,R,0,ITA,0.0,gabriel-diallo,,LL,Gabriel Diallo,R,0,CAN,0.0,6-4  6-3 .,3,QF,89,4,0,36,57,28,11,9,4,5,0,1,36,62,26,6,10,2,6,0,0,0,0
2025-403,Miami,Hard,32,A,,126,novak-djokovic,4,,Novak Djokovic,R,0,SRB,0.0,sebastian-korda,24,,Sebastian Korda,R,0,USA,0.0,6-3  7-6(4).,3,QF,82,7,0,37,56,26,13,10,0,2,11,0,49,59,41,6,11,0,1,0,0,0,0
2025-416,Rome,Clay,32,A,,126,lorenzo-musetti,8,,Lorenzo Musetti,R,0,ITA,0.0,alexander-zverev,2,,Alexander Zverev,R,0,GER,0.0,7-6(1) 6-4 .,3,QF,135,2,0,37,74,26,22,11,4,6,3,2,51,73,30,11,11,0,3,0,0,0,0
2025-404,Indian Wells,Hard,32,A,,125,holger-rune,12,,Holger Rune,R,0,DEN,0.0,tallon-griekspoor,,,Tallon Griekspoor,R,0,NED,0.0,5-7  6-0  6-3 .,3,QF,128,3,3,60,95,38,10,13,9,15,6,0,51,74,39,11,14,1,4,0,0,0,0
2025-1536,Madrid,Clay,32,A,,125,francisco-cerundolo,20,,Francisco Cerundolo,R,0,ARG,0.0,jakub-mensik,22,,Jakub Mensik,R,0,CZE,0.0,3-6  7-6(5) 6-2 .,3,QF,131,7,5,57,90,42,21,14,7,8,11,2,62,95,50,14,15,8,10,0,0,0,0
2025-403,Miami,Hard,32,A,,125,jakub-mensik,,,Jakub Mensik,R,0,CZE,0.0,arthur-fils,17,,Arthur Fils,R,0,FRA,0.0,7-6(5) 6-1 .,3,QF,75,1,3,47,69,33,7,10,3,7,13,2,35,53,30,9,9,2,3,0,0,0,0
2025-416,Rome,Clay,32,A,,125,carlos-alcaraz,3,,Carlos Alcaraz,R,0,ESP,0.0,jack-draper,5,,Jack Draper,R,0,GBR,0.0,6-4  6-4 .,3,QF,97,1,2,32,47,18,7,10,0,4,1,3,49,80,30,18,10,6,8,0,0,0,0
2025-404,Indian Wells,Hard,32,A,,124,carlos-alcaraz,2,,Carlos Alcaraz,R,0,ESP,0.0,grigor-dimitrov,14,,Grigor Dimitrov,R,0,BUL,0.0,6-1  6-1 .,3,R16,74,1,4,34,63,17,11,7,9,14,6,2,30,40,23,7,7,3,3,0,0,0,0
2025-1536,Madrid,Clay,32,A,,124,jack-draper,5,,Jack Draper,R,0,GBR,0.0,tommy-paul,11,,Tommy Paul,R,0,USA,0.0,6-2  6-2 .,3,R16,68,4,1,21,41,18,14,8,0,0,0,1,34,54,18,8,8,2,6,0,0,0,0
2025-403,Miami,Hard,32,A,,124,grigor-dimitrov,14,,Grigor Dimitrov,R,0,BUL,0.0,francisco-cerundolo,23,,Francisco Cerundolo,R,0,ARG,0.0,6-7(6) 6-4  7-6(3).,3,QF,168,7,1,73,115,51,23,17,10,13,7,3,66,108,53,21,17,3,5,0,0,0,0
2025-416,Rome,Clay,32,A,,124,casper-ruud,6,,Casper Ruud,R,0,NOR,0.0,jaume-munar,,,Jaume Munar,R,0,ESP,0.0,6-3  6-4 .,3,R16,97,3,3,34,61,23,16,9,3,5,1,1,32,54,25,17,10,2,2,0,0,0,0
2025-404,Indian Wells,Hard,32,A,,123,jack-draper,13,,Jack Draper,R,0,GBR,0.0,taylor-fritz,3,,Taylor Fritz,R,0,USA,0.0,7-5  6-4 .,3,R16,78,8,2,35,57,32,10,11,0,1,6,0,40,57,30,8,11,1,4,0,0,0,0
2025-1536,Madrid,Clay,32,A,,123,lorenzo-musetti,10,,Lorenzo Musetti,R,0,ITA,0.0,alex-de minaur,6,,Alex de Minaur,R,0,AUS,0.0,6-4  6-2 .,3,R16,83,1,1,35,58,25,9,9,7,10,3,1,33,48,26,11,9,0,0,0,0,0,0
2025-403,Miami,Hard,32,A,,123,arthur-fils,17,,Arthur Fils,R,0,FRA,0.0,alexander-zverev,1,,Alexander Zverev,R,0,GER,0.0,3-6  6-3  6-4 .,3,R16,120,9,0,55,80,38,14,14,2,5,4,2,51,75,35,16,14,1,3,0,0,0,0
2025-416,Rome,Clay,32,A,,123,jannik-sinner,1,,Jannik Sinner,R,0,ITA,0.0,francisco-cerundolo,17,,Francisco Cerundolo,R,0,ARG,0.0,7-6(2) 6-3 .,3,R16,137,2,0,60,91,40,15,11,6,8,2,3,60,86,36,11,10,9,12,0,0,0,0
2025-404,Indian Wells,Hard,32,A,,122,francisco-cerundolo,25,,Francisco Cerundolo,R,0,ARG,0.0,alex-de minaur,9,,Alex de Minaur,R,0,AUS,0.0,7-5  6-3 .,3,R16,110,2,5,45,78,27,18,10,11,14,2,1,34,67,22,9,11,1,7,0,0,0,0
2025-1536,Madrid,Clay,32,A,,122,gabriel-diallo,,LL,Gabriel Diallo,R,0,CAN,0.0,grigor-dimitrov,15,,Grigor Dimitrov,R,0,BUL,0.0,5-7  7-6(7) 6-4 .,3,R16,142,14,6,55,94,49,22,17,3,4,8,2,75,97,58,14,17,0,1,0,0,0,0
2025-416,Rome,Clay,32,A,,122,alexander-zverev,2,,Alexander Zverev,R,0,GER,0.0,arthur-fils,13,,Arthur Fils,R,0,FRA,0.0,7-6(3) 6-1 .,3,R16,105,1,5,43,75,27,12,10,5,10,8,0,47,64,34,7,9,5,7,0,0,0,0
2025-404,Indian Wells,Hard,32,A,,121,ben-shelton,11,,Ben Shelton,R,0,USA,0.0,brandon-nakashima,32,,Brandon Nakashima,R,0,USA,0.0,7-6(6) 6-1 .,3,R16,94,0,1,30,62,18,17,9,2,5,6,1,40,61,29,14,10,3,4,0,0,0,0
2025-1536,Madrid,Clay,32,A,,121,matteo-arnaldi,,,Matteo Arnaldi,R,0,ITA,0.0,frances-tiafoe,16,,Frances Tiafoe,R,0,USA,0.0,6-3  7-5 .,3,R16,97,7,0,32,51,24,9,10,2,5,6,1,40,76,28,21,11,6,7,0,0,0,0
2025-403,Miami,Hard,32,A,,121,novak-djokovic,4,,Novak Djokovic,R,0,SRB,0.0,lorenzo-musetti,15,,Lorenzo Musetti,R,0,ITA,0.0,6-2  6-2 .,3,R16,83,1,3,39,56,20,6,8,7,12,1,1,32,46,24,8,8,0,1,0,0,0,0
2025-416,Rome,Clay,32,A,,121,carlos-alcaraz,3,,Carlos Alcaraz,R,0,ESP,0.0,karen-khachanov,23,,Karen Khachanov,R,0,RUS,0.0,6-3  3-6  7-5 .,3,R16,148,3,3,58,88,40,13,15,5,10,1,2,69,105,45,15,15,5,9,0,0,0,0
2025-404,Indian Wells,Hard,32,A,,120,daniil-medvedev,5,,Daniil Medvedev,R,0,RUS,0.0,tommy-paul,10,,Tommy Paul,R,0,USA,0.0,6-4  6-0 .,3,R16,74,4,4,37,55,19,5,8,2,8,8,4,31,51,22,9,8,3,5,0,0,0,0
2025-1536,Madrid,Clay,32,A,,120,francisco-cerundolo,20,,Francisco Cerundolo,R,0,ARG,0.0,alexander-zverev,1,,Alexander Zverev,R,0,GER,0.0,7-5  6-3 .,3,R16,89,1,0,38,47,30,5,10,1,3,1,2,42,70,34,16,11,1,1,0,0,0,0
2025-403,Miami,Hard,32,A,,120,francisco-cerundolo,23,,Francisco Cerundolo,R,0,ARG,0.0,casper-ruud,5,,Casper Ruud,R,0,NOR,0.0,6-4  6-2 .,3,R16,86,4,3,52,66,28,9,9,7,10,6,1,37,53,28,11,9,0,0,0,0,0,0
2025-416,Rome,Clay,32,A,,120,jack-draper,5,,Jack Draper,R,0,GBR,0.0,corentin-moutet,,,Corentin Moutet,R,0,FRA,0.0,1-6  6-4  6-3 .,3,R16,140,2,2,45,72,32,15,13,1,4,2,3,43,79,29,21,13,5,8,0,0,0,0
2025-404,Indian Wells,Hard,32,A,,119,holger-rune,12,,Holger Rune,R,0,DEN,0.0,stefanos-tsitsipas,8,,Stefanos Tsitsipas,R,0,GRE,0.0,6-4  6-4 .,3,R16,88,3,0,41,58,30,11,10,5,6,2,1,37,61,22,13,10,2,5,0,0,0,0
2025-1536,Madrid,Clay,32,A,,119,casper-ruud,14,,Casper Ruud,R,0,NOR,0.0,taylor-fritz,3,,Taylor Fritz,R,0,USA,0.0,7-5  6-4 .,3,R16,96,6,0,41,62,27,12,11,4,7,3,2,45,72,33,15,11,2,3,0,0,0,0
2025-403,Miami,Hard,32,A,,119,matteo-berrettini,29,,Matteo Berrettini,R,0,ITA,0.0,alex-de minaur,10,,Alex de Minaur,R,0,AUS,0.0,6-3  7-6(7).,3,R16,120,7,3,41,65,25,15,10,4,7,7,2,49,85,36,16,11,7,9,0,0,0,0
2025-416,Rome,Clay,32,A,,119,tommy-paul,11,,Tommy Paul,R,0,USA,0.0,alex-de minaur,7,,Alex de Minaur,R,0,AUS,0.0,7-5  6-3 .,3,R16,114,0,1,43,74,27,19,11,8,10,1,3,41,72,23,15,10,3,7,0,0,0,0
2025-404,Indian Wells,Hard,32,A,,118,arthur-fils,20,,Arthur Fils,R,0,FRA,0.0,marcos-giron,,,Marcos Giron,R,0,USA,0.0,6-2  2-6  6-3 .,3,R16,112,3,1,50,88,35,16,12,2,5,4,0,51,81,32,21,13,4,6,0,0,0,0
2025-1536,Madrid,Clay,32,A,,118,daniil-medvedev,9,,Daniil Medvedev,R,0,RUS,0.0,brandon-nakashima,31,,Brandon Nakashima,R,0,USA,0.0,3-6  6-1  6-4 .,3,R16,109,7,7,49,81,38,14,13,1,3,6,0,60,80,41,7,13,3,7,0,0,0,0
2025-403,Miami,Hard,32,A,,118,grigor-dimitrov,14,,Grigor Dimitrov,R,0,BUL,0.0,brandon-nakashima,31,,Brandon Nakashima,R,0,USA,0.0,6-4  7-5 .,3,R16,83,12,2,40,57,33,11,11,0,0,5,1,36,54,33,7,11,3,5,0,0,0,0
2025-416,Rome,Clay,32,A,,118,lorenzo-musetti,8,,Lorenzo Musetti,R,0,ITA,0.0,daniil-medvedev,10,,Daniil Medvedev,R,0,RUS,0.0,7-5  6-4 .,3,R16,99,4,0,35,58,27,16,11,2,3,2,0,35,58,25,12,11,2,5,0,0,0,0
2025-404,Indian Wells,Hard,32,A,,117,tallon-griekspoor,,,Tallon Griekspoor,R,0,NED,0.0,yosuke-watanuki,,Q,Yosuke Watanuki,R,0,JPN,0.0,7-6(4) 6-1 .,3,R16,86,3,0,42,61,34,13,10,1,1,5,1,23,54,19,13,9,2,4,0,0,0,0
2025-1536,Madrid,Clay,32,A,,117,jakub-mensik,22,,Jakub Mensik,R,0,CZE,0.0,alexander-bublik,,,Alexander Bublik,R,0,KAZ,0.0,6-3  6-2 .,3,R16,56,10,1,31,49,24,14,9,3,3,4,1,30,49,20,7,8,1,4,0,0,0,0
2025-403,Miami,Hard,32,A,,117,jakub-mensik,,,Jakub Mensik,R,0,CZE,0.0,tomas-machac,20,,Tomas Machac,R,0,CZE,0.0,WINNER: J. MENSIK BY WALKOVER,3,R16,0,0,0,0,0,0,0,0,0,0,0,0,0,0,0,0,0,0,0,0,0,0,0
2025-416,Rome,Clay,32,A,,117,hubert-hurkacz,30,,Hubert Hurkacz,R,0,POL,0.0,jakub-mensik,20,,Jakub Mensik,R,0,CZE,0.0,7-6(5) 4-6  7-6(5).,3,R16,179,19,3,85,130,62,25,17,7,8,17,6,63,115,54,27,17,3,3,0,0,0,0
2025-404,Indian Wells,Hard,32,A,,116,carlos-alcaraz,2,,Carlos Alcaraz,R,0,ESP,0.0,denis-shapovalov,27,,Denis Shapovalov,R,0,CAN,0.0,6-2  6-4 .,3,R32,83,2,8,31,59,23,10,9,4,8,2,5,45,63,31,10,9,3,4,0,0,0,0
2025-1536,Madrid,Clay,32,A,,116,jack-draper,5,,Jack Draper,R,0,GBR,0.0,matteo-berrettini,30,,Matteo Berrettini,R,0,ITA,0.0,7-6(2) 0-0 RET.,3,R32,58,3,0,30,41,22,6,6,1,2,2,1,30,43,23,2,6,5,6,0,0,0,0
2025-403,Miami,Hard,32,A,,116,sebastian-korda,24,,Sebastian Korda,R,0,USA,0.0,gael-monfils,,,Gael Monfils,R,0,FRA,0.0,6-4  2-6  6-4 .,3,R16,132,8,4,56,83,43,12,14,4,6,6,3,49,83,39,15,14,1,3,0,0,0,0
2025-416,Rome,Clay,32,A,,116,jannik-sinner,1,,Jannik Sinner,R,0,ITA,0.0,jesper-de jong,,LL,Jesper de Jong,R,0,NED,0.0,6-4  6-2 .,3,R32,93,4,1,33,52,21,13,9,2,4,1,1,28,58,15,11,9,2,7,0,0,0,0
2025-404,Indian Wells,Hard,32,A,,115,taylor-fritz,3,,Taylor Fritz,R,0,USA,0.0,alejandro-tabilo,30,,Alejandro Tabilo,R,0,CHI,0.0,4-6  6-3  6-1 .,3,R32,114,3,5,50,89,27,21,13,4,9,12,3,49,80,39,14,13,5,7,0,0,0,0
2025-1536,Madrid,Clay,32,A,,115,alex-de minaur,6,,Alex de Minaur,R,0,AUS,0.0,denis-shapovalov,29,,Denis Shapovalov,R,0,CAN,0.0,6-3  7-6(3).,3,R32,89,1,0,34,62,27,21,10,1,1,6,5,41,65,28,15,11,1,3,0,0,0,0
2025-403,Miami,Hard,32,A,,115,alexander-zverev,1,,Alexander Zverev,R,0,GER,0.0,jordan-thompson,,,Jordan Thompson,R,0,AUS,0.0,7-5  6-4 .,3,R32,87,6,0,42,55,32,10,11,0,1,11,0,42,60,29,9,11,2,5,0,0,0,0
2025-416,Rome,Clay,32,A,,115,casper-ruud,6,,Casper Ruud,R,0,NOR,0.0,matteo-berrettini,29,,Matteo Berrettini,R,0,ITA,0.0,7-5 2-0 RET.,3,R32,60,1,1,30,44,21,6,7,2,4,4,1,25,35,22,6,7,0,0,0,0,0,0
2025-404,Indian Wells,Hard,32,A,,114,alex-de minaur,9,,Alex de Minaur,R,0,AUS,0.0,hubert-hurkacz,21,,Hubert Hurkacz,R,0,POL,0.0,6-4  6-0 .,3,R32,73,7,1,25,43,14,7,8,0,4,2,3,20,49,16,19,8,1,1,0,0,0,0
2025-1536,Madrid,Clay,32,A,,114,lorenzo-musetti,10,,Lorenzo Musetti,R,0,ITA,0.0,stefanos-tsitsipas,17,,Stefanos Tsitsipas,R,0,GRE,0.0,7-5  7-6(3).,3,R32,114,1,6,45,79,35,15,12,6,8,4,0,61,80,47,8,12,4,5,0,0,0,0
2025-403,Miami,Hard,32,A,,114,taylor-fritz,3,,Taylor Fritz,R,0,USA,0.0,denis-shapovalov,27,,Denis Shapovalov,R,0,CAN,0.0,7-5  6-3 .,3,R32,86,9,1,38,59,32,12,11,3,4,6,6,37,52,23,8,10,1,4,0,0,0,0
2025-416,Rome,Clay,32,A,,114,alex-de minaur,7,,Alex de Minaur,R,0,AUS,0.0,hugo-dellien,,LL,Hugo Dellien,R,0,BOL,0.0,6-4  6-4 .,3,R32,117,1,0,38,57,24,11,10,3,6,3,1,25,62,19,23,10,5,6,0,0,0,0
2025-422,Cincinnati,Hard,32,A,,114,carlos-alcaraz,2,,Carlos Alcaraz,R,0,ESP,0.0,hamad-medjedovic,,,Hamad Medjedovic,R,0,SRB,0.0,6-4  6-4 .,3,R32,95,9,8,47,79,30,16,10,4,7,12,3,33,57,26,15,10,1,2,0,0,0,0
2025-404,Indian Wells,Hard,32,A,,113,ben-shelton,11,,Ben Shelton,R,0,USA,0.0,karen-khachanov,22,,Karen Khachanov,R,0,RUS,0.0,6-3  7-5 .,3,R32,95,7,3,40,61,28,8,10,7,10,8,3,48,77,33,16,11,4,5,0,0,0,0
2025-1536,Madrid,Clay,32,A,,113,tommy-paul,11,,Tommy Paul,R,0,USA,0.0,karen-khachanov,24,,Karen Khachanov,R,0,RUS,0.0,6-3  3-6  6-2 .,3,R32,103,1,2,40,71,28,18,13,4,7,6,2,46,70,39,12,13,3,4,0,0,0,0
2025-403,Miami,Hard,32,A,,113,arthur-fils,17,,Arthur Fils,R,0,FRA,0.0,frances-tiafoe,16,,Frances Tiafoe,R,0,USA,0.0,7-6(11) 5-7  6-2 .,3,R32,175,21,4,68,100,49,19,16,2,5,11,5,78,141,52,30,16,10,14,0,0,0,0
2025-416,Rome,Clay,32,A,,113,tommy-paul,11,,Tommy Paul,R,0,USA,0.0,tomas-machac,19,,Tomas Machac,R,0,CZE,0.0,6-3 6-7(5) 6-4 .,3,R32,143,7,0,57,99,44,22,16,2,4,3,1,50,86,34,21,15,2,6,0,0,0,0
2025-422,Cincinnati,Hard,32,A,,113,andrey-rublev,9,,Andrey Rublev,R,0,RUS,0.0,alexei-popyrin,21,,Alexei Popyrin,R,0,AUS,0.0,6-7(5) 7-6(5) 7-5 .,3,R32,209,20,5,77,127,57,25,18,6,8,18,9,69,124,54,33,18,5,6,0,0,0,0
2025-404,Indian Wells,Hard,32,A,,112,jack-draper,13,,Jack Draper,R,0,GBR,0.0,jenson-brooksby,PR,,Jenson Brooksby,R,0,USA,0.0,7-5  6-4 .,3,R32,101,4,3,30,56,27,16,11,1,2,1,4,44,81,25,21,11,2,5,0,0,0,0
2025-1536,Madrid,Clay,32,A,,112,frances-tiafoe,16,,Frances Tiafoe,R,0,USA,0.0,alexandre-muller,,,Alexandre Muller,R,0,FRA,0.0,6-3  6-3 .,3,R32,78,3,2,31,55,27,13,9,2,2,4,1,46,65,30,6,9,7,10,0,0,0,0
2025-403,Miami,Hard,32,A,,112,tomas-machac,20,,Tomas Machac,R,0,CZE,0.0,reilly-opelka,PR,,Reilly Opelka,R,0,USA,0.0,7-6(1) 6-3 .,3,R32,74,19,2,44,59,34,6,10,0,1,8,1,39,58,35,13,11,0,0,0,0,0,0
2025-416,Rome,Clay,32,A,,112,francisco-cerundolo,17,,Francisco Cerundolo,R,0,ARG,0.0,sebastian-ofner,,Q,Sebastian Ofner,R,0,AUT,0.0,6-2  6-4 .,3,R32,76,2,0,35,53,27,12,9,3,3,4,0,27,51,19,11,9,1,4,0,0,0,0
2025-422,Cincinnati,Hard,32,A,,112,karen-khachanov,14,,Karen Khachanov,R,0,RUS,0.0,jenson-brooksby,,WC,Jenson Brooksby,R,0,USA,0.0,6-3  6-3 .,3,R32,84,2,0,32,58,23,16,9,2,3,1,1,34,52,21,7,9,3,7,0,0,0,0
2025-404,Indian Wells,Hard,32,A,,111,grigor-dimitrov,14,,Grigor Dimitrov,R,0,BUL,0.0,gael-monfils,,,Gael Monfils,R,0,FRA,0.0,7-6(4) 4-6  7-6(2).,3,R32,181,3,7,65,116,44,33,17,6,9,8,6,73,122,53,27,17,9,11,0,0,0,0
2025-1536,Madrid,Clay,32,A,,111,gabriel-diallo,,LL,Gabriel Diallo,R,0,CAN,0.0,cameron-norrie,,,Cameron Norrie,R,0,GBR,0.0,2-6  6-4  6-4 .,3,R32,151,4,8,72,108,50,16,14,12,14,8,1,75,104,53,12,14,12,14,0,0,0,0
2025-403,Miami,Hard,32,A,,111,matteo-berrettini,29,,Matteo Berrettini,R,0,ITA,0.0,zizou-bergs,,,Zizou Bergs,R,0,BEL,0.0,6-4  6-4 .,3,R32,94,3,1,37,56,28,12,10,0,1,10,5,39,69,26,13,10,9,12,0,0,0,0
2025-416,Rome,Clay,32,A,,111,jakub-mensik,20,,Jakub Mensik,R,0,CZE,0.0,fabian-marozsan,,,Fabian Marozsan,R,0,HUN,0.0,6-4  7-6(2).,3,R32,89,10,2,35,64,29,17,11,4,6,2,5,42,72,29,14,11,3,6,0,0,0,0
2025-422,Cincinnati,Hard,32,A,,111,luca-nardi,,LL,Luca Nardi,R,0,ITA,0.0,jakub-mensik,16,,Jakub Mensik,R,0,CZE,0.0,6-2 2-1 RET.,3,R32,42,0,0,0,0,0,0,0,0,0,0,0,0,0,0,0,0,0,0,0,0,0,0
2025-404,Indian Wells,Hard,32,A,,110,francisco-cerundolo,25,,Francisco Cerundolo,R,0,ARG,0.0,botic-van de zandschulp,,LL,Botic van de Zandschulp,R,0,NED,0.0,6-3  6-4 .,3,R32,101,1,2,37,57,24,9,9,1,4,2,2,38,71,25,20,10,4,5,0,0,0,0
2025-1536,Madrid,Clay,32,A,,110,grigor-dimitrov,15,,Grigor Dimitrov,R,0,BUL,0.0,jacob-fearnley,,Q,Jacob Fearnley,R,0,GBR,0.0,6-4  7-6(3).,3,R32,117,11,2,42,77,31,18,11,4,6,7,6,45,75,30,12,11,2,5,0,0,0,0
2025-403,Miami,Hard,32,A,,110,jakub-mensik,,,Jakub Mensik,R,0,CZE,0.0,roman-safiullin,,,Roman Safiullin,R,0,RUS,0.0,6-4  6-4 .,3,R32,72,5,0,36,50,29,8,10,0,2,15,1,41,55,36,6,10,0,0,0,0,0,0
2025-416,Rome,Clay,32,A,,110,jaume-munar,,,Jaume Munar,R,0,ESP,0.0,sebastian-korda,22,,Sebastian Korda,R,0,USA,0.0,6-4  6-2 .,3,R32,87,1,2,37,52,28,7,9,2,3,5,1,36,54,21,8,9,3,7,0,0,0,0
2025-421,Toronto,Hard,32,A,,110,karen-khachanov,11,,Karen Khachanov,R,0,RUS,0.0,alexander-zverev,1,,Alexander Zverev,R,0,GER,0.0,6-3  4-6  7-6(4).,3,SF,172,13,7,72,102,52,13,15,2,3,5,3,63,105,46,22,16,1,2,0,0,0,0
2025-404,Indian Wells,Hard,32,A,,109,brandon-nakashima,32,,Brandon Nakashima,R,0,USA,0.0,matteo-arnaldi,,,Matteo Arnaldi,R,0,ITA,0.0,6-2  6-4 .,3,R32,74,2,5,32,56,23,9,9,3,6,4,0,27,45,24,13,9,1,1,0,0,0,0
2025-1536,Madrid,Clay,32,A,,109,matteo-arnaldi,,,Matteo Arnaldi,R,0,ITA,0.0,damir-dzumhur,,,Damir Dzumhur,R,0,BIH,0.0,6-3  6-4 .,3,R32,104,0,5,38,64,23,15,9,2,4,6,3,42,77,31,21,10,5,5,0,0,0,0
2025-403,Miami,Hard,32,A,,109,adam-walton,,LL,Adam Walton,R,0,AUS,0.0,coleman-wong,,WC,Coleman Wong,R,0,HKG,0.0,7-6(6) 4-6  6-4 .,3,R32,139,10,0,70,104,50,18,16,4,7,15,0,64,99,45,21,16,1,4,0,0,0,0
2025-416,Rome,Clay,32,A,,109,hubert-hurkacz,30,,Hubert Hurkacz,R,0,POL,0.0,marcos-giron,,,Marcos Giron,R,0,USA,0.0,6-3  1-6  6-1 .,3,R32,96,6,0,38,64,23,14,11,7,11,12,0,45,70,36,9,12,1,4,0,0,0,0
2025-422,Cincinnati,Hard,32,A,,109,francisco-comesana,,,Francisco Comesana,R,0,ARG,0.0,reilly-opelka,,,Reilly Opelka,R,0,USA,0.0,6-7(4) 6-4  7-5 .,3,R32,188,27,10,67,123,57,19,17,9,13,15,6,59,103,45,25,17,3,5,0,0,0,0
2025-404,Indian Wells,Hard,32,A,,108,daniil-medvedev,5,,Daniil Medvedev,R,0,RUS,0.0,alex-michelsen,31,,Alex Michelsen,R,0,USA,0.0,2-0 RET.,3,R32,10,0,1,3,7,1,1,1,0,1,1,0,4,5,3,1,1,0,0,0,0,0,0
2025-1536,Madrid,Clay,32,A,,108,alexander-zverev,1,,Alexander Zverev,R,0,GER,0.0,alejandro-davidovich fokina,28,,Alejandro Davidovich Fokina,R,0,ESP,0.0,2-6  7-6(3) 7-6(0).,3,R32,164,11,6,64,92,46,16,16,3,7,2,0,71,106,54,16,16,9,11,0,0,0,0
2025-403,Miami,Hard,32,A,,108,novak-djokovic,4,,Novak Djokovic,R,0,SRB,0.0,camilo-ugo carabelli,,LL,Camilo Ugo Carabelli,R,0,ARG,0.0,6-1  7-6(1).,3,R32,105,3,2,32,64,23,15,9,4,7,10,2,49,64,39,7,10,0,1,0,0,0,0
2025-416,Rome,Clay,32,A,,108,alexander-zverev,2,,Alexander Zverev,R,0,GER,0.0,vilius-gaubas,,Q,Vilius Gaubas,R,0,LTU,0.0,6-4  6-0 .,3,R32,85,0,0,44,66,18,9,8,6,12,0,0,29,45,22,8,8,2,4,0,0,0,0
2025-421,Toronto,Hard,32,A,,108,taylor-fritz,2,,Taylor Fritz,R,0,USA,0.0,andrey-rublev,6,,Andrey Rublev,R,0,RUS,0.0,6-3  7-6(4).,3,QF,81,6,1,31,57,24,15,10,0,2,20,3,48,73,38,16,11,3,4,0,0,0,0
2025-404,Indian Wells,Hard,32,A,,107,stefanos-tsitsipas,8,,Stefanos Tsitsipas,R,0,GRE,0.0,matteo-berrettini,28,,Matteo Berrettini,R,0,ITA,0.0,6-3  6-3 .,3,R32,68,6,1,37,52,26,4,9,3,6,0,2,26,44,24,12,9,0,0,0,0,0,0
2025-1536,Madrid,Clay,32,A,,107,taylor-fritz,3,,Taylor Fritz,R,0,USA,0.0,benjamin-bonzi,,,Benjamin Bonzi,R,0,FRA,0.0,6-4 7-5 0-0 RET.,3,R32,96,6,1,45,69,34,12,11,1,2,1,0,51,66,37,10,11,4,5,0,0,0,0
2025-403,Miami,Hard,32,A,,107,casper-ruud,5,,Casper Ruud,R,0,NOR,0.0,alejandro-tabilo,30,,Alejandro Tabilo,R,0,CHI,0.0,6-4  7-6(4).,3,R32,95,11,2,39,62,34,17,11,3,3,7,1,55,74,37,13,11,3,4,0,0,0,0
2025-416,Rome,Clay,32,A,,107,carlos-alcaraz,3,,Carlos Alcaraz,R,0,ESP,0.0,laslo-djere,,,Laslo Djere,R,0,SRB,0.0,7-6(2) 6-2 .,3,R32,103,1,3,36,72,21,19,10,5,9,1,0,44,66,30,14,10,2,4,0,0,0,0
2025-422,Cincinnati,Hard,32,A,,107,jannik-sinner,1,,Jannik Sinner,R,0,ITA,0.0,gabriel-diallo,30,,Gabriel Diallo,R,0,CAN,0.0,6-2  7-6(6).,3,R32,112,6,5,31,62,25,20,10,2,3,10,10,52,84,40,5,10,9,12,0,0,0,0
2025-404,Indian Wells,Hard,32,A,,106,tommy-paul,10,,Tommy Paul,R,0,USA,0.0,cameron-norrie,,,Cameron Norrie,R,0,GBR,0.0,6-3  7-5 .,3,R32,92,6,3,30,58,21,14,10,0,3,1,7,35,70,21,13,11,6,12,0,0,0,0
2025-1536,Madrid,Clay,32,A,,106,alexander-bublik,,,Alexander Bublik,R,0,KAZ,0.0,andrey-rublev,7,,Andrey Rublev,R,0,RUS,0.0,6-4  0-6  6-4 .,3,R32,82,12,6,38,71,29,18,13,2,5,12,2,48,67,38,11,13,4,6,0,0,0,0
2025-403,Miami,Hard,32,A,,106,sebastian-korda,24,,Sebastian Korda,R,0,USA,0.0,stefanos-tsitsipas,9,,Stefanos Tsitsipas,R,0,GRE,0.0,7-6(4) 6-3 .,3,R32,95,8,2,45,74,34,14,11,4,6,5,1,35,58,25,10,10,1,4,0,0,0,0
2025-416,Rome,Clay,32,A,,106,jack-draper,5,,Jack Draper,R,0,GBR,0.0,vit-kopriva,,Q,Vit Kopriva,R,0,CZE,0.0,6-4  6-3 .,3,R32,101,3,2,29,49,24,14,9,4,4,1,5,43,79,27,19,10,10,13,0,0,0,0
2025-422,Cincinnati,Hard,32,A,,106,taylor-fritz,4,,Taylor Fritz,R,0,USA,0.0,lorenzo-sonego,31,,Lorenzo Sonego,R,0,ITA,0.0,7-6(4) 7-5 .,3,R32,127,13,2,37,66,32,21,12,0,0,4,6,45,83,35,21,12,4,5,0,0,0,0
2025-404,Indian Wells,Hard,32,A,,105,holger-rune,12,,Holger Rune,R,0,DEN,0.0,ugo-humbert,18,,Ugo Humbert,R,0,FRA,0.0,5-7  6-4  7-5 .,3,R32,155,6,9,56,110,42,28,17,7,10,10,5,55,104,39,24,17,6,10,0,0,0,0
2025-1536,Madrid,Clay,32,A,,105,daniil-medvedev,9,,Daniil Medvedev,R,0,RUS,0.0,juan manuel-cerundolo,,Q,Juan Manuel Cerundolo,R,0,ARG,0.0,6-2  6-2 .,3,R32,63,2,2,29,45,22,11,8,1,1,2,1,23,42,11,9,8,1,5,0,0,0,0
2025-403,Miami,Hard,32,A,,105,francisco-cerundolo,23,,Francisco Cerundolo,R,0,ARG,0.0,tommy-paul,12,,Tommy Paul,R,0,USA,0.0,6-2  7-6(4).,3,R32,91,1,2,44,59,28,10,10,0,3,3,3,36,61,22,9,10,3,8,0,0,0,0
2025-416,Rome,Clay,32,A,,105,lorenzo-musetti,8,,Lorenzo Musetti,R,0,ITA,0.0,brandon-nakashima,28,,Brandon Nakashima,R,0,USA,0.0,6-4  6-3 .,3,R32,83,4,1,39,52,32,6,9,1,1,4,0,30,49,25,7,10,1,4,0,0,0,0
2025-422,Cincinnati,Hard,32,A,,105,holger-rune,7,,Holger Rune,R,0,DEN,0.0,alex-michelsen,28,,Alex Michelsen,R,0,USA,0.0,7-6(4) 6-3 .,3,R32,93,3,3,39,62,28,12,10,4,6,9,4,39,67,32,14,11,0,1,0,0,0,0
2025-404,Indian Wells,Hard,32,A,,104,arthur-fils,20,,Arthur Fils,R,0,FRA,0.0,lorenzo-musetti,15,,Lorenzo Musetti,R,0,ITA,0.0,3-6  7-6(4) 6-3 .,3,R32,151,6,3,65,103,44,20,16,3,7,6,3,54,90,38,19,14,3,6,0,0,0,0
2025-1536,Madrid,Clay,32,A,,104,jakub-mensik,22,,Jakub Mensik,R,0,CZE,0.0,ben-shelton,12,,Ben Shelton,R,0,USA,0.0,6-1  6-4 .,3,R32,68,5,1,28,59,17,15,9,5,9,5,2,28,43,26,6,8,0,0,0,0,0,0
2025-403,Miami,Hard,32,A,,104,grigor-dimitrov,14,,Grigor Dimitrov,R,0,BUL,0.0,karen-khachanov,22,,Karen Khachanov,R,0,RUS,0.0,6-7(3) 6-4  7-5 .,3,R32,157,13,5,67,95,54,20,17,5,5,11,1,70,110,53,20,17,8,10,0,0,0,0
2025-416,Rome,Clay,32,A,,104,corentin-moutet,,,Corentin Moutet,R,0,FRA,0.0,holger-rune,9,,Holger Rune,R,0,DEN,0.0,7-5  5-7  7-6(4).,3,R32,224,4,4,64,113,50,23,18,1,4,4,8,58,135,40,41,18,10,13,0,0,0,0
2025-421,Toronto,Hard,32,A,,104,taylor-fritz,2,,Taylor Fritz,R,0,USA,0.0,jiri-lehecka,19,,Jiri Lehecka,R,0,CZE,0.0,7-6(4) 6-7(5) 7-6(5).,3,R16,176,6,2,78,125,63,28,18,5,5,16,5,79,133,65,31,18,9,9,0,0,0,0
2025-404,Indian Wells,Hard,32,A,,103,yosuke-watanuki,,Q,Yosuke Watanuki,R,0,JPN,0.0,frances-tiafoe,16,,Frances Tiafoe,R,0,USA,0.0,6-4  7-6(6).,3,R32,113,16,2,37,71,28,22,11,4,6,4,2,50,87,32,17,11,9,12,0,0,0,0
2025-1536,Madrid,Clay,32,A,,103,casper-ruud,14,,Casper Ruud,R,0,NOR,0.0,sebastian-korda,23,,Sebastian Korda,R,0,USA,0.0,6-3  6-3 .,3,R32,70,2,2,31,52,21,8,9,4,8,3,1,40,58,29,10,9,4,5,0,0,0,0
2025-403,Miami,Hard,32,A,,103,lorenzo-musetti,15,,Lorenzo Musetti,R,0,ITA,0.0,felix-auger-aliassime,18,,Felix Auger-Aliassime,R,0,CAN,0.0,4-6  6-2  6-3 .,3,R32,146,1,1,60,93,40,20,14,6,8,11,4,70,90,46,8,13,10,14,0,0,0,0
2025-416,Rome,Clay,32,A,,103,daniil-medvedev,10,,Daniil Medvedev,R,0,RUS,0.0,alexei-popyrin,24,,Alexei Popyrin,R,0,AUS,0.0,6-4  6-1 .,3,R32,86,2,0,32,57,20,11,8,2,6,4,3,39,62,29,10,9,6,7,0,0,0,0
2025-421,Toronto,Hard,32,A,,103,ben-shelton,4,,Ben Shelton,R,0,USA,0.0,flavio-cobolli,13,,Flavio Cobolli,R,0,ITA,0.0,6-4  4-6  7-6(1).,3,R16,144,8,2,45,101,34,29,16,6,9,12,4,69,112,49,21,16,7,10,0,0,0,0
2025-404,Indian Wells,Hard,32,A,,102,marcos-giron,,,Marcos Giron,R,0,USA,0.0,alexei-popyrin,26,,Alexei Popyrin,R,0,AUS,0.0,5-7  6-3  6-3 .,3,R32,152,7,2,67,111,43,28,15,14,15,5,4,38,86,27,28,15,5,8,0,0,0,0
2025-1536,Madrid,Clay,32,A,,102,francisco-cerundolo,20,,Francisco Cerundolo,R,0,ARG,0.0,francisco-comesana,,,Francisco Comesana,R,0,ARG,0.0,6-4  6-4 .,3,R32,96,4,3,55,71,38,11,10,4,4,1,0,41,64,28,13,10,3,5,0,0,0,0
2025-403,Miami,Hard,32,A,,102,brandon-nakashima,31,,Brandon Nakashima,R,0,USA,0.0,david-goffin,,,David Goffin,R,0,BEL,0.0,6-3 6-7(5) 6-3 .,3,R32,136,13,2,63,94,53,15,16,2,4,7,5,56,100,43,18,14,6,10,0,0,0,0
2025-416,Rome,Clay,32,A,,102,arthur-fils,13,,Arthur Fils,R,0,FRA,0.0,stefanos-tsitsipas,18,,Stefanos Tsitsipas,R,0,GRE,0.0,2-6  6-4  6-2 .,3,R32,113,3,0,46,73,29,19,13,2,4,5,4,46,76,32,14,13,0,3,0,0,0,0
2025-422,Cincinnati,Hard,32,A,,102,benjamin-bonzi,,,Benjamin Bonzi,R,0,FRA,0.0,stefanos-tsitsipas,25,,Stefanos Tsitsipas,R,0,GRE,0.0,6-7(4) 6-3  6-4 .,3,R32,159,14,3,57,108,43,25,15,8,11,6,6,59,103,49,21,16,5,6,0,0,0,0
2025-404,Indian Wells,Hard,32,A,,101,tallon-griekspoor,,,Tallon Griekspoor,R,0,NED,0.0,giovanni-mpetshi perricard,29,,Giovanni Mpetshi Perricard,R,0,FRA,0.0,7-6(3) 6-3 .,3,R32,76,10,1,32,60,26,21,11,1,2,5,5,28,55,22,17,10,3,5,0,0,0,0
2025-1536,Madrid,Clay,32,A,,101,brandon-nakashima,31,,Brandon Nakashima,R,0,USA,0.0,flavio-cobolli,,,Flavio Cobolli,R,0,ITA,0.0,7-5  6-3 .,3,R32,102,4,0,47,66,35,11,11,3,4,1,4,41,69,28,12,10,5,8,0,0,0,0
2025-403,Miami,Hard,32,A,,101,gael-monfils,,,Gael Monfils,R,0,FRA,0.0,jaume-munar,,,Jaume Munar,R,0,ESP,0.0,7-5  5-7  7-6(1).,3,R32,157,8,2,68,104,49,20,18,5,8,7,5,73,110,57,17,18,1,4,0,0,0,0
2025-416,Rome,Clay,32,A,,101,karen-khachanov,23,,Karen Khachanov,R,0,RUS,0.0,francesco-passaro,,WC,Francesco Passaro,R,0,ITA,0.0,6-3  6-0 .,3,R32,61,1,2,23,41,10,4,8,0,6,1,1,21,40,17,10,7,1,2,0,0,0,0
2025-422,Cincinnati,Hard,32,A,,101,terence-atmane,,Q,Terence Atmane,R,0,FRA,0.0,joao-fonseca,,,Joao Fonseca,R,0,BRA,0.0,6-3  6-4 .,3,R32,78,1,0,45,64,28,9,9,10,13,8,3,34,60,27,15,10,1,2,0,0,0,0
2025-404,Indian Wells,Hard,32,A,,100,carlos-alcaraz,2,,Carlos Alcaraz,R,0,ESP,0.0,quentin-halys,,,Quentin Halys,R,0,FRA,0.0,6-4  6-2 .,3,R64,67,2,0,31,49,23,9,9,2,5,7,3,21,48,20,17,9,1,1,0,0,0,0
2025-1536,Madrid,Clay,32,A,,100,matteo-arnaldi,,,Matteo Arnaldi,R,0,ITA,0.0,novak-djokovic,4,,Novak Djokovic,R,0,SRB,0.0,6-3  6-4 .,3,R64,101,5,0,41,74,29,17,10,4,5,4,3,33,53,24,8,9,0,3,0,0,0,0
2025-403,Miami,Hard,32,A,,100,alexander-zverev,1,,Alexander Zverev,R,0,GER,0.0,jacob-fearnley,,Q,Jacob Fearnley,R,0,GBR,0.0,6-2  6-4 .,3,R64,74,8,1,44,49,36,2,9,2,2,4,3,40,59,23,10,9,2,5,0,0,0,0
2025-416,Rome,Clay,32,A,,100,jannik-sinner,1,,Jannik Sinner,R,0,ITA,0.0,mariano-navone,,,Mariano Navone,R,0,ARG,0.0,6-3  6-4 .,3,R64,98,1,1,38,63,24,17,10,2,3,0,1,45,60,26,8,9,4,7,0,0,0,0
2025-422,Cincinnati,Hard,32,A,,100,carlos-alcaraz,2,,Carlos Alcaraz,R,0,ESP,0.0,damir-dzumhur,,,Damir Dzumhur,R,0,BIH,0.0,6-1  2-6  6-3 .,3,R64,101,0,0,0,0,0,0,0,0,0,0,0,0,0,0,0,0,0,0,0,0,0,0
2025-404,Indian Wells,Hard,32,A,,99,taylor-fritz,3,,Taylor Fritz,R,0,USA,0.0,matteo-gigante,,Q,Matteo Gigante,R,0,ITA,0.0,6-3  7-5 .,3,R64,88,2,5,27,58,20,15,10,2,5,5,1,39,64,35,10,11,5,6,0,0,0,0
2025-1536,Madrid,Clay,32,A,,99,jack-draper,5,,Jack Draper,R,0,GBR,0.0,tallon-griekspoor,,,Tallon Griekspoor,R,0,NED,0.0,6-3  6-4 .,3,R64,75,5,2,27,53,23,18,10,1,1,3,2,38,50,27,6,9,2,4,0,0,0,0
2025-403,Miami,Hard,32,A,,99,taylor-fritz,3,,Taylor Fritz,R,0,USA,0.0,lorenzo-sonego,,,Lorenzo Sonego,R,0,ITA,0.0,7-6(2) 6-3 .,3,R64,108,9,0,39,62,32,16,11,0,0,10,0,66,87,46,7,10,6,7,0,0,0,0
2025-416,Rome,Clay,32,A,,99,marcos-giron,,,Marcos Giron,R,0,USA,0.0,taylor-fritz,4,,Taylor Fritz,R,0,USA,0.0,7-6(4) 7-6(3).,3,R64,102,4,2,43,71,31,12,12,0,3,4,3,44,77,34,16,12,4,7,0,0,0,0
2025-422,Cincinnati,Hard,32,A,,99,alexander-zverev,3,,Alexander Zverev,R,0,GER,0.0,nishesh-basavareddy,,WC,Nishesh Basavareddy,R,0,USA,0.0,6-3  6-3 .,3,R64,66,1,4,26,51,18,12,9,0,3,12,1,41,50,32,4,9,0,0,0,0,0,0
2025-404,Indian Wells,Hard,32,A,,98,botic-van de zandschulp,,LL,Botic van de Zandschulp,R,0,NED,0.0,novak-djokovic,6,,Novak Djokovic,R,0,SRB,0.0,6-2  3-6  6-1 .,3,R64,121,0,3,49,73,31,7,12,3,8,4,4,58,82,35,17,12,2,4,0,0,0,0
2025-1536,Madrid,Clay,32,A,,98,alex-de minaur,6,,Alex de Minaur,R,0,AUS,0.0,lorenzo-sonego,,,Lorenzo Sonego,R,0,ITA,0.0,6-2  6-3 .,3,R64,75,1,0,28,40,23,11,9,1,2,1,5,30,52,19,8,8,2,6,0,0,0,0
2025-403,Miami,Hard,32,A,,98,jakub-mensik,,,Jakub Mensik,R,0,CZE,0.0,jack-draper,6,,Jack Draper,R,0,GBR,0.0,7-6(2) 7-6(3).,3,R64,114,21,0,50,76,43,14,12,1,2,12,2,60,92,44,17,12,8,9,0,0,0,0
2025-416,Rome,Clay,32,A,,98,casper-ruud,6,,Casper Ruud,R,0,NOR,0.0,alexander-bublik,,,Alexander Bublik,R,0,KAZ,0.0,6-4  4-6  6-3 .,3,R64,116,15,5,63,95,46,12,14,5,8,7,2,48,78,37,19,15,0,2,0,0,0,0
2025-422,Cincinnati,Hard,32,A,,98,ben-shelton,5,,Ben Shelton,R,0,USA,0.0,camilo-ugo carabelli,,,Camilo Ugo Carabelli,R,0,ARG,0.0,6-3 3-1 RET.,3,R64,63,0,0,0,0,0,0,0,0,0,0,0,0,0,0,0,0,0,0,0,0,0,0
2025-404,Indian Wells,Hard,32,A,,97,matteo-arnaldi,,,Matteo Arnaldi,R,0,ITA,0.0,andrey-rublev,7,,Andrey Rublev,R,0,RUS,0.0,6-4  7-5 .,3,R64,107,2,5,33,61,20,10,11,4,10,0,0,30,70,17,22,11,7,11,0,0,0,0
2025-1536,Madrid,Clay,32,A,,97,lorenzo-musetti,10,,Lorenzo Musetti,R,0,ITA,0.0,tomas martin-etcheverry,,,Tomas Martin Etcheverry,R,0,ARG,0.0,7-6(3) 6-2 .,3,R64,107,5,2,48,69,32,8,10,10,13,1,1,41,58,29,12,10,0,1,0,0,0,0
2025-403,Miami,Hard,32,A,,97,zizou-bergs,,,Zizou Bergs,R,0,BEL,0.0,andrey-rublev,8,,Andrey Rublev,R,0,RUS,0.0,7-5  6-4 .,3,R64,99,8,1,45,68,32,15,11,1,2,6,4,45,74,34,8,11,5,8,0,0,0,0
2025-416,Rome,Clay,32,A,,97,alex-de minaur,7,,Alex de Minaur,R,0,AUS,0.0,luca-nardi,,WC,Luca Nardi,R,0,ITA,0.0,6-4  7-5 .,3,R64,117,2,3,53,90,36,13,11,12,16,5,0,33,58,29,9,11,1,3,0,0,0,0
2025-422,Cincinnati,Hard,32,A,,97,reilly-opelka,,,Reilly Opelka,R,0,USA,0.0,alex-de minaur,6,,Alex de Minaur,R,0,AUS,0.0,7-6(6) 6-4 .,3,R64,99,2,0,49,69,37,12,11,0,1,14,5,41,76,31,24,11,7,7,0,0,0,0
2025-404,Indian Wells,Hard,32,A,,96,alex-de minaur,9,,Alex de Minaur,R,0,AUS,0.0,david-goffin,,,David Goffin,R,0,BEL,0.0,6-2  6-2 .,3,R64,74,2,2,19,56,10,19,8,7,11,2,4,25,43,23,10,8,3,3,0,0,0,0
2025-1536,Madrid,Clay,32,A,,96,tommy-paul,11,,Tommy Paul,R,0,USA,0.0,joao-fonseca,,,Joao Fonseca,R,0,BRA,0.0,7-6(7) 7-6(3).,3,R64,125,2,2,64,89,47,12,12,0,1,9,1,69,102,51,16,12,10,11,0,0,0,0
2025-403,Miami,Hard,32,A,,96,alex-de minaur,10,,Alex de Minaur,R,0,AUS,0.0,yunchaokete-bu,,,Yunchaokete Bu,R,0,CHN,0.0,6-4  6-4 .,3,R64,85,5,0,32,48,28,12,10,0,0,6,1,40,65,30,11,10,3,5,0,0,0,0
2025-416,Rome,Clay,32,A,,96,tommy-paul,11,,Tommy Paul,R,0,USA,0.0,roberto-bautista agut,,,Roberto Bautista Agut,R,0,ESP,0.0,6-1  6-4 .,3,R64,80,2,0,22,45,19,14,8,0,0,0,0,28,53,18,11,9,0,4,0,0,0,0
2025-421,Toronto,Hard,32,A,,96,taylor-fritz,2,,Taylor Fritz,R,0,USA,0.0,gabriel-diallo,27,,Gabriel Diallo,R,0,CAN,0.0,6-4  6-2 .,3,R32,75,4,6,35,63,24,11,9,4,7,5,0,26,48,23,15,9,1,1,0,0,0,0
2025-422,Cincinnati,Hard,32,A,,96,andrey-rublev,9,,Andrey Rublev,R,0,RUS,0.0,learner-tien,,,Learner Tien,R,0,USA,0.0,7-6(4) 6-3 .,3,R64,104,4,8,37,74,27,17,10,4,6,12,0,40,67,34,15,11,3,4,0,0,0,0
2025-404,Indian Wells,Hard,32,A,,95,ben-shelton,11,,Ben Shelton,R,0,USA,0.0,mariano-navone,,,Mariano Navone,R,0,ARG,0.0,6-3  6-2 .,3,R64,77,0,0,30,46,18,9,8,3,6,5,1,35,56,28,10,9,0,0,0,0,0,0
2025-1536,Madrid,Clay,32,A,,95,grigor-dimitrov,15,,Grigor Dimitrov,R,0,BUL,0.0,nicolas-jarry,,,Nicolas Jarry,R,0,CHI,0.0,6-3  6-4 .,3,R64,97,4,4,31,64,23,22,10,5,5,5,3,43,68,32,9,9,3,5,0,0,0,0
2025-403,Miami,Hard,32,A,,95,reilly-opelka,PR,,Reilly Opelka,R,0,USA,0.0,holger-rune,11,,Holger Rune,R,0,DEN,0.0,4-6  6-3  7-6(5).,3,R64,123,1,5,59,93,45,20,15,2,3,21,4,63,93,48,20,16,1,2,0,0,0,0
2025-416,Rome,Clay,32,A,,95,jaume-munar,,,Jaume Munar,R,0,ESP,0.0,ben-shelton,12,,Ben Shelton,R,0,USA,0.0,6-2  6-1 .,3,R64,77,1,2,31,56,19,7,8,7,12,0,2,33,47,24,10,7,1,1,0,0,0,0
2025-422,Cincinnati,Hard,32,A,,95,adam-walton,,,Adam Walton,R,0,AUS,0.0,daniil-medvedev,12,,Daniil Medvedev,R,0,RUS,0.0,6-7(0) 6-4  6-1 .,3,R64,141,0,0,0,0,0,0,0,0,0,0,0,0,0,0,0,0,0,0,0,0,0,0
2025-404,Indian Wells,Hard,32,A,,94,jack-draper,13,,Jack Draper,R,0,GBR,0.0,joao-fonseca,,WC,Joao Fonseca,R,0,BRA,0.0,6-4  6-0 .,3,R64,75,6,6,33,60,25,12,8,6,7,0,1,24,46,14,8,8,3,8,0,0,0,0
2025-1536,Madrid,Clay,32,A,,94,frances-tiafoe,16,,Frances Tiafoe,R,0,USA,0.0,luciano-darderi,,,Luciano Darderi,R,0,ITA,0.0,7-5 3-1 RET.,3,R64,67,4,1,28,38,25,7,8,0,0,4,3,37,61,24,12,8,3,5,0,0,0,0
2025-403,Miami,Hard,32,A,,94,coleman-wong,,WC,Coleman Wong,R,0,HKG,0.0,ben-shelton,13,,Ben Shelton,R,0,USA,0.0,7-6(3) 2-6  7-6(5).,3,R64,136,8,0,71,108,51,19,16,5,8,17,2,67,99,53,18,16,2,3,0,0,0,0
2025-416,Rome,Clay,32,A,,94,sebastian-ofner,,Q,Sebastian Ofner,R,0,AUT,0.0,frances-tiafoe,15,,Frances Tiafoe,R,0,USA,0.0,6-2 6-7(2) 6-3 .,3,R64,120,6,1,42,88,35,27,15,3,4,8,2,46,80,36,19,14,3,7,0,0,0,0
2025-421,Toronto,Hard,32,A,,94,andrey-rublev,6,,Andrey Rublev,R,0,RUS,0.0,lorenzo-sonego,28,,Lorenzo Sonego,R,0,ITA,0.0,5-7  6-4  6-3 .,3,R32,152,6,2,58,86,51,9,15,2,4,10,5,65,110,46,21,16,6,10,0,0,0,0
2025-422,Cincinnati,Hard,32,A,,94,karen-khachanov,14,,Karen Khachanov,R,0,RUS,0.0,valentin-royer,,Q,Valentin Royer,R,0,FRA,0.0,6-4  7-6(6).,3,R64,110,7,0,41,63,30,13,11,1,3,6,2,60,92,41,12,11,8,11,0,0,0,0
2025-404,Indian Wells,Hard,32,A,,93,grigor-dimitrov,14,,Grigor Dimitrov,R,0,BUL,0.0,nuno-borges,,,Nuno Borges,R,0,POR,0.0,6-3  6-4 .,3,R64,93,6,5,46,76,36,14,10,7,8,2,2,41,60,26,9,9,5,8,0,0,0,0
2025-1536,Madrid,Clay,32,A,,93,stefanos-tsitsipas,17,,Stefanos Tsitsipas,R,0,GRE,0.0,jan-lennard-struff,,,Jan-Lennard Struff,R,0,GER,0.0,3-6  6-4  6-3 .,3,R64,118,6,3,60,96,45,14,14,4,7,7,1,52,89,39,15,14,4,8,0,0,0,0
2025-403,Miami,Hard,32,A,,93,frances-tiafoe,16,,Frances Tiafoe,R,0,USA,0.0,alejandro-davidovich fokina,,,Alejandro Davidovich Fokina,R,0,ESP,0.0,7-5  7-6(5).,3,R64,119,3,2,67,95,45,12,12,8,10,10,1,43,74,37,15,12,5,6,0,0,0,0
2025-416,Rome,Clay,32,A,,93,fabian-marozsan,,,Fabian Marozsan,R,0,HUN,0.0,andrey-rublev,16,,Andrey Rublev,R,0,RUS,0.0,7-5  4-6  6-3 .,3,R64,142,8,2,67,104,48,15,16,5,9,5,1,58,108,42,21,15,13,18,0,0,0,0
2025-421,Toronto,Hard,32,A,,93,frances-tiafoe,7,,Frances Tiafoe,R,0,USA,0.0,aleksandar-vukic,,,Aleksandar Vukic,R,0,AUS,0.0,6-3  4-6  6-3 .,3,R32,110,10,3,45,83,34,22,14,2,4,4,2,58,100,40,21,14,8,12,0,0,0,0
2025-422,Cincinnati,Hard,32,A,,93,jakub-mensik,16,,Jakub Mensik,R,0,CZE,0.0,ethan-quinn,,,Ethan Quinn,R,0,USA,0.0,6-4  6-2 .,3,R64,72,10,1,28,58,23,17,9,0,0,2,4,26,50,18,11,9,0,3,0,0,0,0
2025-404,Indian Wells,Hard,32,A,,92,jenson-brooksby,PR,,Jenson Brooksby,R,0,USA,0.0,felix-auger-aliassime,17,,Felix Auger-Aliassime,R,0,CAN,0.0,6-4  6-2 .,3,R64,88,1,3,33,56,26,13,9,2,2,2,3,30,52,20,12,9,3,6,0,0,0,0
2025-1536,Madrid,Clay,32,A,,92,jacob-fearnley,,Q,Jacob Fearnley,R,0,GBR,0.0,tomas-machac,19,,Tomas Machac,R,0,CZE,0.0,1-6  6-3  6-2 .,3,R64,104,9,3,46,78,36,14,12,3,5,5,9,45,86,31,21,12,4,7,0,0,0,0
2025-403,Miami,Hard,32,A,,92,arthur-fils,17,,Arthur Fils,R,0,FRA,0.0,gabriel-diallo,,LL,Gabriel Diallo,R,0,CAN,0.0,6-4 2-3 RET.,3,R64,70,1,2,28,40,24,6,7,1,1,5,2,32,48,27,5,8,1,2,0,0,0,0
2025-416,Rome,Clay,32,A,,92,francisco-cerundolo,17,,Francisco Cerundolo,R,0,ARG,0.0,nicolas-jarry,,,Nicolas Jarry,R,0,CHI,0.0,7-6(4) 6-3 .,3,R64,117,3,2,51,77,35,18,11,3,4,7,3,47,78,33,15,10,14,16,0,0,0,0
2025-421,Toronto,Hard,32,A,,92,alejandro-davidovich fokina,20,,Alejandro Davidovich Fokina,R,0,ESP,0.0,jakub-mensik,12,,Jakub Mensik,R,0,CZE,0.0,6-2  6-4 .,3,R32,76,2,1,25,48,17,17,9,2,3,7,5,29,57,18,11,9,0,4,0,0,0,0
2025-422,Cincinnati,Hard,32,A,,92,alexei-popyrin,21,,Alexei Popyrin,R,0,AUS,0.0,martin-landaluce,,Q,Martin Landaluce,R,0,ESP,0.0,7-6(3) 6-3 .,3,R64,137,15,7,51,99,37,25,11,13,14,7,7,43,67,31,9,10,5,7,0,0,0,0
2025-404,Indian Wells,Hard,32,A,,91,hubert-hurkacz,21,,Hubert Hurkacz,R,0,POL,0.0,hugo-gaston,,Q,Hugo Gaston,R,0,FRA,0.0,7-5  6-3 .,3,R64,89,13,1,46,76,36,15,11,4,4,1,4,23,56,22,16,10,1,3,0,0,0,0
2025-1536,Madrid,Clay,32,A,,91,alexandre-muller,,,Alexandre Muller,R,0,FRA,0.0,ugo-humbert,21,,Ugo Humbert,R,0,FRA,0.0,6-2 6-7(3) 7-6(5).,3,R64,150,5,2,83,110,55,17,16,5,7,5,3,65,107,44,23,16,3,7,0,0,0,0
2025-403,Miami,Hard,32,A,,91,joao-fonseca,,,Joao Fonseca,R,0,BRA,0.0,ugo-humbert,19,,Ugo Humbert,R,0,FRA,0.0,6-4  6-3 .,3,R64,71,5,0,26,40,25,11,9,0,0,5,2,33,53,26,6,10,2,5,0,0,0,0
2025-416,Rome,Clay,32,A,,91,tomas-machac,19,,Tomas Machac,R,0,CZE,0.0,learner-tien,,,Learner Tien,R,0,USA,0.0,6-4  6-4 .,3,R64,82,2,4,37,64,23,12,10,6,10,0,1,25,54,22,14,10,1,3,0,0,0,0
2025-421,Toronto,Hard,32,A,,91,flavio-cobolli,13,,Flavio Cobolli,R,0,ITA,0.0,fabian-marozsan,,,Fabian Marozsan,R,0,HUN,0.0,6-2  4-6  6-3 .,3,R32,110,7,3,48,84,32,23,13,4,6,3,5,58,99,36,19,14,7,12,0,0,0,0
2025-422,Cincinnati,Hard,32,A,,91,jiri-lehecka,22,,Jiri Lehecka,R,0,CZE,0.0,tristan-boyer,,WC,Tristan Boyer,R,0,USA,0.0,4-6  6-1  6-4 .,3,R64,113,9,5,46,71,40,14,14,2,3,4,1,48,77,36,13,13,0,3,0,0,0,0
2025-404,Indian Wells,Hard,32,A,,90,karen-khachanov,22,,Karen Khachanov,R,0,RUS,0.0,jakub-mensik,,,Jakub Mensik,R,0,CZE,0.0,3-6  6-0  6-3 .,3,R64,119,2,2,46,76,33,15,12,5,7,7,5,42,80,29,16,12,7,12,0,0,0,0
2025-1536,Madrid,Clay,32,A,,90,karen-khachanov,24,,Karen Khachanov,R,0,RUS,0.0,reilly-opelka,PR,,Reilly Opelka,R,0,USA,0.0,7-6(3) 7-6(4).,3,R64,106,6,1,44,66,40,15,12,0,0,17,3,62,89,47,10,12,4,4,0,0,0,0
2025-403,Miami,Hard,32,A,,90,tomas-machac,20,,Tomas Machac,R,0,CZE,0.0,matteo-arnaldi,,,Matteo Arnaldi,R,0,ITA,0.0,6-2  1-6  6-3 .,3,R64,104,6,3,45,74,29,15,12,2,5,5,6,53,77,36,13,12,4,6,0,0,0,0
2025-416,Rome,Clay,32,A,,90,jakub-mensik,20,,Jakub Mensik,R,0,CZE,0.0,matteo-gigante,,WC,Matteo Gigante,R,0,ITA,0.0,7-6(4) 7-5 .,3,R64,102,7,2,38,73,28,25,12,0,0,5,4,41,71,30,20,12,3,4,0,0,0,0
2025-421,Toronto,Hard,32,A,,90,jiri-lehecka,19,,Jiri Lehecka,R,0,CZE,0.0,arthur-fils,15,,Arthur Fils,R,0,FRA,0.0,3-6  6-3  6-4 .,3,R32,112,3,1,54,76,41,13,14,3,5,12,5,50,88,42,17,14,1,2,0,0,0,0
2025-422,Cincinnati,Hard,32,A,,90,luca-nardi,,LL,Luca Nardi,R,0,ITA,0.0,denis-shapovalov,24,,Denis Shapovalov,R,0,CAN,0.0,6-7(5) 6-3  6-4 .,3,R64,148,3,3,64,101,48,21,16,5,6,4,8,69,103,48,16,15,7,10,0,0,0,0
2025-404,Indian Wells,Hard,32,A,,89,gael-monfils,,,Gael Monfils,R,0,FRA,0.0,sebastian-korda,24,,Sebastian Korda,R,0,USA,0.0,7-6(2) 7-6(4).,3,R64,120,4,9,42,80,34,22,12,4,6,4,2,55,89,38,18,12,5,7,0,0,0,0
2025-1536,Madrid,Clay,32,A,,89,cameron-norrie,,,Cameron Norrie,R,0,GBR,0.0,jiri-lehecka,26,,Jiri Lehecka,R,0,CZE,0.0,2-6  6-4  6-0 .,3,R64,95,9,3,39,66,25,14,12,3,7,4,1,47,73,35,13,12,2,4,0,0,0,0
2025-403,Miami,Hard,32,A,,89,roman-safiullin,,,Roman Safiullin,R,0,RUS,0.0,alexei-popyrin,25,,Alexei Popyrin,R,0,AUS,0.0,6-7(4) 6-3  7-5 .,3,R64,154,20,5,71,113,55,18,17,8,12,7,4,60,93,51,16,16,1,2,0,0,0,0
2025-416,Rome,Clay,32,A,,89,sebastian-korda,22,,Sebastian Korda,R,0,USA,0.0,aleksandar-vukic,,,Aleksandar Vukic,R,0,AUS,0.0,6-3  6-4 .,3,R64,87,5,2,35,65,24,15,9,4,6,4,0,39,65,30,17,10,7,7,0,0,0,0
2025-421,Toronto,Hard,32,A,,89,alexander-zverev,1,,Alexander Zverev,R,0,GER,0.0,matteo-arnaldi,32,,Matteo Arnaldi,R,0,ITA,0.0,6-7(5) 6-3  6-2 .,3,R32,166,9,4,78,106,60,14,15,3,4,6,7,58,104,41,21,14,10,14,0,0,0,0
2025-422,Cincinnati,Hard,32,A,,89,hamad-medjedovic,,,Hamad Medjedovic,R,0,SRB,0.0,tallon-griekspoor,26,,Tallon Griekspoor,R,0,NED,0.0,6-4  7-6(3).,3,R64,100,13,7,43,71,36,11,11,5,7,14,3,43,72,36,17,11,5,6,0,0,0,0
2025-404,Indian Wells,Hard,32,A,,88,francisco-cerundolo,25,,Francisco Cerundolo,R,0,ARG,0.0,mackenzie-mcdonald,,WC,Mackenzie McDonald,R,0,USA,0.0,4-6  7-6(3) 6-1 .,3,R64,138,2,2,82,121,47,19,15,7,12,4,3,49,80,31,20,14,1,4,0,0,0,0
2025-1536,Madrid,Clay,32,A,,88,denis-shapovalov,29,,Denis Shapovalov,R,0,CAN,0.0,kei-nishikori,,,Kei Nishikori,R,0,JPN,0.0,6-1  6-4 .,3,R64,64,0,0,25,41,17,7,8,3,6,4,1,30,50,25,13,9,1,1,0,0,0,0
2025-403,Miami,Hard,32,A,,88,denis-shapovalov,27,,Denis Shapovalov,R,0,CAN,0.0,thiago agustin-tirante,,Q,Thiago Agustin Tirante,R,0,ARG,0.0,6-3 6-7(1) 7-6(3).,3,R64,144,8,1,68,101,49,15,16,1,5,6,11,55,108,41,28,17,4,7,0,0,0,0
2025-416,Rome,Clay,32,A,,88,jesper-de jong,,LL,Jesper de Jong,R,0,NED,0.0,alejandro-davidovich fokina,25,,Alejandro Davidovich Fokina,R,0,ESP,0.0,6-0  6-2 .,3,R64,66,2,1,30,45,23,5,7,3,4,1,2,30,47,13,5,7,6,12,0,0,0,0
2025-421,Toronto,Hard,32,A,,88,alex-michelsen,26,,Alex Michelsen,R,0,USA,0.0,lorenzo-musetti,3,,Lorenzo Musetti,R,0,ITA,0.0,3-6  7-6(4) 6-4 .,3,R32,151,5,4,59,99,42,25,16,7,9,5,6,68,109,54,17,15,10,12,0,0,0,0
2025-422,Cincinnati,Hard,32,A,,88,brandon-nakashima,27,,Brandon Nakashima,R,0,USA,0.0,alexander-blockx,,Q,Alexander Blockx,R,0,BEL,0.0,4-6  6-3  7-6(5).,3,R64,143,6,3,73,107,50,20,16,11,15,7,3,61,100,43,20,15,12,16,0,0,0,0
2025-404,Indian Wells,Hard,32,A,,87,denis-shapovalov,27,,Denis Shapovalov,R,0,CAN,0.0,adam-walton,,Q,Adam Walton,R,0,AUS,0.0,6-3  6-2 .,3,R64,76,2,3,42,69,29,11,9,8,10,1,2,30,47,17,4,8,1,6,0,0,0,0
2025-1536,Madrid,Clay,32,A,,87,matteo-berrettini,30,,Matteo Berrettini,R,0,ITA,0.0,marcos-giron,,,Marcos Giron,R,0,USA,0.0,6-7(3) 7-6(6) 6-1 .,3,R64,154,7,6,63,105,48,20,15,5,7,12,1,75,97,58,14,16,0,0,0,0,0,0
2025-403,Miami,Hard,32,A,,87,jordan-thompson,,,Jordan Thompson,R,0,AUS,0.0,giovanni-mpetshi perricard,28,,Giovanni Mpetshi Perricard,R,0,FRA,0.0,7-6(4) 7-6(1).,3,R64,97,7,1,43,66,38,16,12,0,1,15,2,59,82,43,12,12,2,3,0,0,0,0
2025-416,Rome,Clay,32,A,,87,matteo-berrettini,29,,Matteo Berrettini,R,0,ITA,0.0,jacob-fearnley,,,Jacob Fearnley,R,0,GBR,0.0,6-4  7-6(0).,3,R64,116,6,2,44,66,34,15,11,1,2,3,4,48,81,35,13,11,5,7,0,0,0,0
2025-421,Toronto,Hard,32,A,,87,holger-rune,5,,Holger Rune,R,0,DEN,0.0,alexandre-muller,29,,Alexandre Muller,R,0,FRA,0.0,6-2  6-4 .,3,R32,65,2,2,25,46,19,10,9,0,3,4,1,32,49,26,11,9,0,0,0,0,0,0
2025-422,Cincinnati,Hard,32,A,,87,francisco-comesana,,,Francisco Comesana,R,0,ARG,0.0,luciano-darderi,29,,Luciano Darderi,R,0,ITA,0.0,6-4 3-1 RET.,3,R64,52,0,0,0,0,0,0,0,0,0,0,0,0,0,0,0,0,0,0,0,0,0,0
2025-404,Indian Wells,Hard,32,A,,86,alejandro-tabilo,30,,Alejandro Tabilo,R,0,CHI,0.0,dusan-lajovic,,,Dusan Lajovic,R,0,SRB,0.0,6-3  7-5 .,3,R64,92,6,2,41,74,30,21,11,2,2,3,2,41,66,28,12,10,2,4,0,0,0,0
2025-1536,Madrid,Clay,32,A,,86,damir-dzumhur,,,Damir Dzumhur,R,0,BIH,0.0,sebastian-baez,32,,Sebastian Baez,R,0,ARG,0.0,1-6  6-1  6-2 .,3,R64,98,0,1,53,72,26,12,11,5,10,1,5,45,72,30,13,11,9,12,0,0,0,0
2025-403,Miami,Hard,32,A,,86,matteo-berrettini,29,,Matteo Berrettini,R,0,ITA,0.0,hugo-gaston,,LL,Hugo Gaston,R,0,FRA,0.0,4-6  6-3  6-3 .,3,R64,117,10,2,53,71,43,11,14,0,1,5,1,53,96,38,20,14,7,10,0,0,0,0
2025-416,Rome,Clay,32,A,,86,hubert-hurkacz,30,,Hubert Hurkacz,R,0,POL,0.0,pedro-martinez,,,Pedro Martinez,R,0,ESP,0.0,6-1  7-5 .,3,R64,83,0,4,44,60,27,6,9,2,6,7,1,38,50,31,7,10,0,1,0,0,0,0
2025-421,Toronto,Hard,32,A,,86,casper-ruud,8,,Casper Ruud,R,0,NOR,0.0,nuno-borges,30,,Nuno Borges,R,0,POR,0.0,7-5  6-4 .,3,R32,102,1,6,29,69,18,22,11,5,8,9,1,55,80,38,13,11,4,5,0,0,0,0
2025-422,Cincinnati,Hard,32,A,,86,roberto-bautista agut,,,Roberto Bautista Agut,R,0,ESP,0.0,cameron-norrie,32,,Cameron Norrie,R,0,GBR,0.0,6-4  6-3 .,3,R64,111,9,2,50,74,39,9,10,6,7,6,6,38,64,28,10,9,8,11,0,0,0,0
2025-404,Indian Wells,Hard,32,A,,85,brandon-nakashima,32,,Brandon Nakashima,R,0,USA,0.0,rinky-hijikata,,,Rinky Hijikata,R,0,AUS,0.0,7-5  6-1 .,3,R64,92,4,0,40,63,24,11,9,1,4,14,0,43,71,33,15,10,3,3,0,0,0,0
2025-1536,Madrid,Clay,32,A,,85,gabriel-diallo,,LL,Gabriel Diallo,R,0,CAN,0.0,kamil-majchrzak,,LL,Kamil Majchrzak,R,0,POL,0.0,7-5  4-6  6-4 .,3,R64,130,10,5,66,94,49,17,16,1,3,7,4,60,98,45,18,16,7,10,0,0,0,0
2025-403,Miami,Hard,32,A,,85,adam-walton,,LL,Adam Walton,R,0,AUS,0.0,luciano-darderi,,,Luciano Darderi,R,0,ITA,0.0,6-4  6-4 .,3,R64,92,15,0,40,66,32,16,10,3,3,7,0,41,66,27,14,10,6,8,0,0,0,0
2025-416,Rome,Clay,32,A,,85,hugo-dellien,,LL,Hugo Dellien,R,0,BOL,0.0,thiago-seyboth wild,,Q,Thiago Seyboth Wild,R,0,BRA,0.0,4-6  6-3  6-4 .,3,R64,135,2,1,57,88,40,17,15,1,4,4,1,58,88,40,11,14,5,9,0,0,0,0
2025-421,Toronto,Hard,32,A,,85,alexei-popyrin,18,,Alexei Popyrin,R,0,AUS,0.0,daniil-medvedev,10,,Daniil Medvedev,R,0,RUS,0.0,5-7  6-4  6-4 .,3,R32,150,12,8,58,110,44,25,16,9,12,7,7,63,103,53,16,16,9,11,0,0,0,0
2025-422,Cincinnati,Hard,32,A,,85,jenson-brooksby,,WC,Jenson Brooksby,R,0,USA,0.0,arthur-cazaux,,LL,Arthur Cazaux,R,0,FRA,0.0,7-5  6-1 .,3,R64,113,3,1,42,65,34,13,10,6,6,5,3,42,81,33,13,9,6,9,0,0,0,0
2025-404,Indian Wells,Hard,32,A,,84,tallon-griekspoor,,,Tallon Griekspoor,R,0,NED,0.0,alexander-zverev,1,,Alexander Zverev,R,0,GER,0.0,4-6  7-6(5) 7-6(4).,3,R64,187,6,2,66,106,44,24,17,5,9,10,9,90,135,63,19,17,9,14,0,0,0,0
2025-1536,Madrid,Clay,32,A,,84,alexander-zverev,1,,Alexander Zverev,R,0,GER,0.0,roberto-bautista agut,,,Roberto Bautista Agut,R,0,ESP,0.0,6-2  6-2 .,3,R64,70,10,1,26,42,21,11,8,0,0,1,1,30,51,18,8,8,5,9,0,0,0,0
2025-403,Miami,Hard,32,A,,84,david-goffin,,,David Goffin,R,0,BEL,0.0,carlos-alcaraz,2,,Carlos Alcaraz,R,0,ESP,0.0,5-7  6-4  6-3 .,3,R64,138,3,2,58,89,40,17,15,3,5,8,2,67,100,43,18,16,3,7,0,0,0,0
2025-416,Rome,Clay,32,A,,84,alexander-zverev,2,,Alexander Zverev,R,0,GER,0.0,camilo-ugo carabelli,,,Camilo Ugo Carabelli,R,0,ARG,0.0,6-2  6-1 .,3,R64,66,1,4,35,44,16,1,8,4,10,1,1,29,45,20,9,7,3,4,0,0,0,0
2025-421,Toronto,Hard,32,A,,84,karen-khachanov,11,,Karen Khachanov,R,0,RUS,0.0,emilio-nava,,Q,Emilio Nava,R,0,USA,0.0,6-7(6) 6-4  6-1 .,3,R32,130,8,3,48,82,34,24,14,0,1,10,8,57,103,44,16,15,6,11,0,0,0,0
2025-422,Cincinnati,Hard,32,A,,84,jannik-sinner,1,,Jannik Sinner,R,0,ITA,0.0,daniel elahi-galan,,Q,Daniel Elahi Galan,R,0,COL,0.0,6-1  6-1 .,3,R64,59,6,3,23,36,22,8,7,1,1,5,2,26,48,13,8,7,8,13,0,0,0,0
2025-404,Indian Wells,Hard,32,A,,83,marcos-giron,,,Marcos Giron,R,0,USA,0.0,casper-ruud,4,,Casper Ruud,R,0,NOR,0.0,7-6(4) 3-6  6-2 .,3,R64,158,3,8,61,101,47,14,14,4,7,4,3,70,115,52,19,15,8,11,0,0,0,0
2025-1536,Madrid,Clay,32,A,,83,taylor-fritz,3,,Taylor Fritz,R,0,USA,0.0,christopher-o'connell,,,Christopher O'Connell,R,0,AUS,0.0,6-1  6-4 .,3,R64,75,5,0,31,54,27,9,9,3,4,2,2,23,50,16,10,8,4,8,0,0,0,0
2025-403,Miami,Hard,32,A,,83,novak-djokovic,4,,Novak Djokovic,R,0,SRB,0.0,rinky-hijikata,,,Rinky Hijikata,R,0,AUS,0.0,6-0  7-6(1).,3,R64,79,2,1,43,63,29,7,9,7,10,9,1,39,49,33,8,9,2,2,0,0,0,0
2025-416,Rome,Clay,32,A,,83,carlos-alcaraz,3,,Carlos Alcaraz,R,0,ESP,0.0,dusan-lajovic,,Q,Dusan Lajovic,R,0,SRB,0.0,6-3  6-3 .,3,R64,82,3,1,41,67,24,12,9,6,10,3,2,36,51,26,9,9,1,2,0,0,0,0
2025-421,Toronto,Hard,32,A,,83,francisco-cerundolo,14,,Francisco Cerundolo,R,0,ARG,0.0,tomas martin-etcheverry,,,Tomas Martin Etcheverry,R,0,ARG,0.0,6-3  6-4 .,3,R32,109,5,0,37,64,26,11,9,7,10,1,1,36,71,23,22,10,8,9,0,0,0,0
2025-422,Cincinnati,Hard,32,A,,83,taylor-fritz,4,,Taylor Fritz,R,0,USA,0.0,emilio-nava,,Q,Emilio Nava,R,0,USA,0.0,6-4  6-4 .,3,R64,68,12,0,32,53,26,16,10,2,2,9,2,32,50,25,9,10,1,3,0,0,0,0
2025-404,Indian Wells,Hard,32,A,,82,daniil-medvedev,5,,Daniil Medvedev,R,0,RUS,0.0,yunchaokete-bu,,,Yunchaokete Bu,R,0,CHN,0.0,6-2  6-2 .,3,R64,96,0,1,29,62,18,12,8,9,14,3,1,21,52,19,14,8,1,2,0,0,0,0
2025-1536,Madrid,Clay,32,A,,82,andrey-rublev,7,,Andrey Rublev,R,0,RUS,0.0,gael-monfils,,,Gael Monfils,R,0,FRA,0.0,WINNER: A. RUBLEV BY WALKOVER,3,R64,0,0,0,0,0,0,0,0,0,0,0,0,0,0,0,0,0,0,0,0,0,0,0
2025-403,Miami,Hard,32,A,,82,casper-ruud,5,,Casper Ruud,R,0,NOR,0.0,miomir-kecmanovic,,,Miomir Kecmanovic,R,0,SRB,0.0,3-6  6-4  6-4 .,3,R64,125,9,0,71,99,54,12,15,7,9,4,0,49,81,36,20,14,3,5,0,0,0,0
2025-416,Rome,Clay,32,A,,82,jack-draper,5,,Jack Draper,R,0,GBR,0.0,luciano-darderi,,,Luciano Darderi,R,0,ITA,0.0,6-1  6-4 .,3,R64,78,7,0,46,65,35,8,8,7,7,2,1,30,53,18,9,9,1,5,0,0,0,0
2025-422,Cincinnati,Hard,32,A,,82,holger-rune,7,,Holger Rune,R,0,DEN,0.0,roman-safiullin,,,Roman Safiullin,R,0,RUS,0.0,7-5  7-6(5).,3,R64,118,2,4,38,70,24,21,12,2,5,4,4,47,84,32,23,12,2,4,0,0,0,0
2025-404,Indian Wells,Hard,32,A,,81,stefanos-tsitsipas,8,,Stefanos Tsitsipas,R,0,GRE,0.0,thiago-seyboth wild,,,Thiago Seyboth Wild,R,0,BRA,0.0,6-2  6-4 .,3,R64,87,2,5,42,71,33,8,9,5,8,4,1,34,49,26,12,9,2,2,0,0,0,0
2025-1536,Madrid,Clay,32,A,,81,flavio-cobolli,,,Flavio Cobolli,R,0,ITA,0.0,holger-rune,8,,Holger Rune,R,0,DEN,0.0,6-2 0-0 RET.,3,R64,43,0,1,19,28,13,6,4,3,3,0,0,13,24,8,5,4,0,2,0,0,0,0
2025-403,Miami,Hard,32,A,,81,jaume-munar,,,Jaume Munar,R,0,ESP,0.0,daniil-medvedev,7,,Daniil Medvedev,R,0,RUS,0.0,6-2  6-3 .,3,R64,78,1,4,31,53,19,10,8,8,11,0,0,30,52,23,15,9,2,2,0,0,0,0
2025-416,Rome,Clay,32,A,,81,lorenzo-musetti,8,,Lorenzo Musetti,R,0,ITA,0.0,otto-virtanen,,Q,Otto Virtanen,R,0,FIN,0.0,6-3  6-2 .,3,R64,85,1,1,37,53,30,9,9,0,0,1,1,38,65,25,10,8,6,9,0,0,0,0
2025-421,Toronto,Hard,32,A,,81,learner-tien,,,Learner Tien,R,0,USA,0.0,reilly-opelka,,,Reilly Opelka,R,0,USA,0.0,7-6(3) 6-3 .,3,R32,85,2,2,50,82,40,18,11,4,4,10,5,31,57,30,12,10,0,1,0,0,0,0
2025-422,Cincinnati,Hard,32,A,,81,benjamin-bonzi,,,Benjamin Bonzi,R,0,FRA,0.0,lorenzo-musetti,8,,Lorenzo Musetti,R,0,ITA,0.0,5-7  6-4  7-6(4).,3,R64,166,10,4,65,110,43,22,17,9,14,11,5,67,110,46,21,17,3,8,0,0,0,0
2025-404,Indian Wells,Hard,32,A,,80,tommy-paul,10,,Tommy Paul,R,0,USA,0.0,tristan-boyer,,WC,Tristan Boyer,R,0,USA,0.0,6-3  6-1 .,3,R64,69,4,1,22,41,16,14,8,1,2,1,3,34,60,21,7,8,2,7,0,0,0,0
2025-1536,Madrid,Clay,32,A,,80,daniil-medvedev,9,,Daniil Medvedev,R,0,RUS,0.0,laslo-djere,,,Laslo Djere,R,0,SRB,0.0,WINNER: D. MEDVEDEV BY WALKOVER,3,R64,0,0,0,0,0,0,0,0,0,0,0,0,0,0,0,0,0,0,0,0,0,0,0
2025-403,Miami,Hard,32,A,,80,stefanos-tsitsipas,9,,Stefanos Tsitsipas,R,0,GRE,0.0,chun-hsin-tseng,,Q,Chun-Hsin Tseng,R,0,TPE,0.0,4-6  7-5  6-3 .,3,R64,134,7,0,50,82,35,19,15,5,8,9,3,59,86,44,17,16,4,6,0,0,0,0
2025-416,Rome,Clay,32,A,,80,holger-rune,9,,Holger Rune,R,0,DEN,0.0,francisco-comesana,,,Francisco Comesana,R,0,ARG,0.0,3-6  6-3  6-4 .,3,R64,177,4,4,59,96,40,19,14,7,10,3,2,93,136,59,21,14,18,20,0,0,0,0
2025-421,Toronto,Hard,32,A,,80,taylor-fritz,2,,Taylor Fritz,R,0,USA,0.0,roberto-carballes baena,,,Roberto Carballes Baena,R,0,ESP,0.0,7-5  7-6(1).,3,R64,151,1,4,44,88,29,22,12,3,6,8,3,46,78,38,15,12,4,6,0,0,0,0
2025-422,Cincinnati,Hard,32,A,,80,frances-tiafoe,10,,Frances Tiafoe,R,0,USA,0.0,roberto-carballes baena,,,Roberto Carballes Baena,R,0,ESP,0.0,6-4  6-3 .,3,R64,90,7,3,24,54,18,14,9,1,4,10,4,39,74,25,12,10,11,17,0,0,0,0
2025-404,Indian Wells,Hard,32,A,,79,holger-rune,12,,Holger Rune,R,0,DEN,0.0,corentin-moutet,,,Corentin Moutet,R,0,FRA,0.0,6-2  6-4 .,3,R64,106,2,1,33,49,23,9,9,3,5,2,2,43,63,21,10,9,6,11,0,0,0,0
2025-1536,Madrid,Clay,32,A,,79,ben-shelton,12,,Ben Shelton,R,0,USA,0.0,mariano-navone,,,Mariano Navone,R,0,ARG,0.0,4-6  7-6(5) 6-3 .,3,R64,139,8,5,65,97,50,18,15,9,11,0,2,77,97,54,9,16,2,5,0,0,0,0
2025-403,Miami,Hard,32,A,,79,tommy-paul,12,,Tommy Paul,R,0,USA,0.0,alexander-bublik,,,Alexander Bublik,R,0,KAZ,0.0,5-7  7-5  6-4 .,3,R64,130,19,10,66,112,52,22,17,10,12,17,2,58,100,46,27,17,3,4,0,0,0,0
2025-416,Rome,Clay,32,A,,79,daniil-medvedev,10,,Daniil Medvedev,R,0,RUS,0.0,cameron-norrie,,LL,Cameron Norrie,R,0,GBR,0.0,6-4  6-2 .,3,R64,92,0,2,54,77,33,8,9,10,14,4,4,34,50,25,10,9,0,1,0,0,0,0
2025-421,Toronto,Hard,32,A,,79,ben-shelton,4,,Ben Shelton,R,0,USA,0.0,adrian-mannarino,,Q,Adrian Mannarino,R,0,FRA,0.0,6-2  6-3 .,3,R64,65,0,0,0,0,0,0,0,0,0,0,0,0,0,0,0,0,0,0,0,0,0,0
2025-422,Cincinnati,Hard,32,A,,79,arthur-rinderknech,,,Arthur Rinderknech,R,0,FRA,0.0,casper-ruud,11,,Casper Ruud,R,0,NOR,0.0,6-7(5) 6-4  6-2 .,3,R64,157,8,3,49,88,35,20,15,0,4,13,6,63,95,49,18,15,8,9,0,0,0,0
2025-404,Indian Wells,Hard,32,A,,78,lorenzo-musetti,15,,Lorenzo Musetti,R,0,ITA,0.0,roman-safiullin,,,Roman Safiullin,R,0,RUS,0.0,7-5  5-7  6-2 .,3,R64,162,2,7,57,100,34,20,16,6,12,5,4,68,107,46,17,16,4,8,0,0,0,0
2025-1536,Madrid,Clay,32,A,,78,francisco-comesana,,,Francisco Comesana,R,0,ARG,0.0,arthur-fils,13,,Arthur Fils,R,0,FRA,0.0,7-6(4) 6-4 .,3,R64,105,11,2,46,81,32,17,11,4,7,2,4,49,71,33,8,11,3,7,0,0,0,0
2025-403,Miami,Hard,32,A,,78,grigor-dimitrov,14,,Grigor Dimitrov,R,0,BUL,0.0,federico-cina,,WC,Federico Cina,R,0,ITA,0.0,6-1  6-4 .,3,R64,68,4,1,32,54,26,14,9,2,2,3,2,33,49,20,6,8,4,7,0,0,0,0
2025-416,Rome,Clay,32,A,,78,arthur-fils,13,,Arthur Fils,R,0,FRA,0.0,tallon-griekspoor,,,Tallon Griekspoor,R,0,NED,0.0,6-2  6-2 .,3,R64,67,2,1,24,44,18,15,8,1,1,2,1,33,53,18,10,8,3,7,0,0,0,0
2025-421,Toronto,Hard,32,A,,78,andrey-rublev,6,,Andrey Rublev,R,0,RUS,0.0,hugo-gaston,,,Hugo Gaston,R,0,FRA,0.0,6-2  6-3 .,3,R64,86,6,6,35,64,27,13,9,4,5,1,4,27,54,20,7,8,2,6,0,0,0,0
2025-422,Cincinnati,Hard,32,A,,78,tommy-paul,13,,Tommy Paul,R,0,USA,0.0,pedro-martinez,,,Pedro Martinez,R,0,ESP,0.0,6-2  6-2 .,3,R64,91,0,4,37,65,19,13,8,6,10,8,2,33,56,25,13,8,6,6,0,0,0,0
2025-404,Indian Wells,Hard,32,A,,77,frances-tiafoe,16,,Frances Tiafoe,R,0,USA,0.0,damir-dzumhur,,Q,Damir Dzumhur,R,0,BIH,0.0,7-6(4) 7-6(7).,3,R64,129,2,3,57,89,31,18,12,5,10,5,5,55,99,38,22,12,2,7,0,0,0,0
2025-1536,Madrid,Clay,32,A,,77,casper-ruud,14,,Casper Ruud,R,0,NOR,0.0,arthur-rinderknech,,,Arthur Rinderknech,R,0,FRA,0.0,6-3  6-4 .,3,R64,73,2,0,32,48,23,8,9,0,3,2,2,37,54,28,11,10,1,2,0,0,0,0
2025-403,Miami,Hard,32,A,,77,lorenzo-musetti,15,,Lorenzo Musetti,R,0,ITA,0.0,quentin-halys,,,Quentin Halys,R,0,FRA,0.0,3-6  7-6(4) 7-5 .,3,R64,147,4,3,79,120,53,25,16,3,5,17,7,61,105,50,20,17,4,6,0,0,0,0
2025-416,Rome,Clay,32,A,,77,francesco-passaro,,WC,Francesco Passaro,R,0,ITA,0.0,grigor-dimitrov,14,,Grigor Dimitrov,R,0,BUL,0.0,7-5  6-3 .,3,R64,104,6,7,41,77,27,16,10,10,14,1,2,41,58,34,7,11,1,3,0,0,0,0
2025-421,Toronto,Hard,32,A,,77,frances-tiafoe,7,,Frances Tiafoe,R,0,USA,0.0,yosuke-watanuki,,Q,Yosuke Watanuki,R,0,JPN,0.0,1-6  7-5  7-6(5).,3,R64,133,10,3,55,94,41,24,15,7,9,17,3,45,95,40,30,16,2,3,0,0,0,0
2025-422,Cincinnati,Hard,32,A,,77,terence-atmane,,Q,Terence Atmane,R,0,FRA,0.0,flavio-cobolli,15,,Flavio Cobolli,R,0,ITA,0.0,6-4  3-6  7-6(5).,3,R64,134,9,5,61,106,46,22,15,8,10,7,6,49,94,40,27,16,3,5,0,0,0,0
2025-404,Indian Wells,Hard,32,A,,76,ugo-humbert,18,,Ugo Humbert,R,0,FRA,0.0,kei-nishikori,,,Kei Nishikori,R,0,JPN,0.0,6-4  6-3 .,3,R64,88,1,2,29,47,17,8,9,1,5,7,3,35,70,27,17,10,4,6,0,0,0,0
2025-1536,Madrid,Clay,32,A,,76,juan manuel-cerundolo,,Q,Juan Manuel Cerundolo,R,0,ARG,0.0,felix-auger-aliassime,18,,Felix Auger-Aliassime,R,0,CAN,0.0,7-6(5) 6-4 .,3,R64,113,5,0,57,77,45,11,11,5,5,8,3,50,67,37,12,11,5,6,0,0,0,0
2025-403,Miami,Hard,32,A,,76,felix-auger-aliassime,18,,Felix Auger-Aliassime,R,0,CAN,0.0,tristan-schoolkate,,Q,Tristan Schoolkate,R,0,AUS,0.0,6-4  6-4 .,3,R64,87,4,3,50,71,35,8,10,7,9,6,2,37,50,32,9,10,1,1,0,0,0,0
2025-410,Monte Carlo,Clay,32,A,,76,carlos-alcaraz,2,,Carlos Alcaraz,R,0,ESP,0.0,lorenzo-musetti,13,,Lorenzo Musetti,R,0,ITA,0.0,3-6  6-1  6-0 .,3,F,107,3,1,43,68,21,13,11,2,8,3,3,56,78,39,11,11,7,9,0,0,0,0
2025-416,Rome,Clay,32,A,,76,stefanos-tsitsipas,18,,Stefanos Tsitsipas,R,0,GRE,0.0,alexandre-muller,,,Alexandre Muller,R,0,FRA,0.0,6-2  7-6(3).,3,R64,91,2,3,55,73,32,8,10,4,7,8,3,36,57,29,12,10,0,1,0,0,0,0
2025-421,Toronto,Hard,32,A,,76,alex-de minaur,9,,Alex de Minaur,R,0,AUS,0.0,francisco-comesana,,,Francisco Comesana,R,0,ARG,0.0,6-4  6-2 .,3,R64,90,4,7,34,58,25,6,9,3,6,2,3,23,53,19,20,9,1,1,0,0,0,0
2025-422,Cincinnati,Hard,32,A,,76,joao-fonseca,,,Joao Fonseca,R,0,BRA,0.0,alejandro-davidovich fokina,17,,Alejandro Davidovich Fokina,R,0,ESP,0.0,7-6(4) 5-4 RET.,3,R64,98,0,0,0,0,0,0,0,0,0,0,0,0,0,0,0,0,0,0,0,0,0,0
2025-404,Indian Wells,Hard,32,A,,75,yosuke-watanuki,,Q,Yosuke Watanuki,R,0,JPN,0.0,tomas-machac,19,,Tomas Machac,R,0,CZE,0.0,6-4 4-2 RET.,3,R64,56,5,3,30,44,24,4,8,0,2,4,2,22,42,19,10,8,2,4,0,0,0,0
2025-1536,Madrid,Clay,32,A,,75,francisco-cerundolo,20,,Francisco Cerundolo,R,0,ARG,0.0,harold-mayot,,Q,Harold Mayot,R,0,FRA,0.0,6-3  6-4 .,3,R64,89,3,1,35,58,23,18,10,2,3,1,1,47,67,31,8,9,6,9,0,0,0,0
2025-403,Miami,Hard,32,A,,75,karen-khachanov,22,,Karen Khachanov,R,0,RUS,0.0,nick-kyrgios,PR,,Nick Kyrgios,R,0,AUS,0.0,7-6(3) 6-0 .,3,R64,76,8,2,40,64,25,10,9,3,6,8,1,40,53,34,8,9,2,2,0,0,0,0
2025-410,Monte Carlo,Clay,32,A,,75,carlos-alcaraz,2,,Carlos Alcaraz,R,0,ESP,0.0,alejandro-davidovich fokina,,,Alejandro Davidovich Fokina,R,0,ESP,0.0,7-6(2) 6-4 .,3,SF,129,3,3,74,109,47,12,11,16,19,0,1,48,73,31,16,11,5,7,0,0,0,0
2025-416,Rome,Clay,32,A,,75,corentin-moutet,,,Corentin Moutet,R,0,FRA,0.0,ugo-humbert,21,,Ugo Humbert,R,0,FRA,0.0,6-3 4-0 RET.,3,R64,69,0,2,34,51,14,8,7,3,8,1,1,21,39,14,11,6,5,6,0,0,0,0
2025-421,Toronto,Hard,32,A,,75,jakub-mensik,12,,Jakub Mensik,R,0,CZE,0.0,tristan-boyer,,Q,Tristan Boyer,R,0,USA,0.0,6-4  6-4 .,3,R64,89,0,0,0,0,0,0,0,0,0,0,0,0,0,0,0,0,0,0,0,0,0,0
2025-422,Cincinnati,Hard,32,A,,75,adrian-mannarino,,Q,Adrian Mannarino,R,0,FRA,0.0,tomas-machac,19,,Tomas Machac,R,0,CZE,0.0,6-3  6-3 .,3,R64,90,7,7,41,75,21,16,9,7,11,5,0,29,59,24,16,9,3,4,0,0,0,0
2025-404,Indian Wells,Hard,32,A,,74,arthur-fils,20,,Arthur Fils,R,0,FRA,0.0,gabriel-diallo,,LL,Gabriel Diallo,R,0,CAN,0.0,6-2  6-2 .,3,R64,67,0,0,25,37,22,7,8,0,1,3,2,32,55,15,9,8,3,8,0,0,0,0
2025-1536,Madrid,Clay,32,A,,74,jakub-mensik,22,,Jakub Mensik,R,0,CZE,0.0,ethan-quinn,,Q,Ethan Quinn,R,0,USA,0.0,7-6(4) 6-1 .,3,R64,80,4,3,35,57,21,11,9,3,7,14,4,44,66,33,8,10,1,3,0,0,0,0
2025-403,Miami,Hard,32,A,,74,francisco-cerundolo,23,,Francisco Cerundolo,R,0,ARG,0.0,alexandre-muller,,,Alexandre Muller,R,0,FRA,0.0,6-1  6-2 .,3,R64,60,4,1,29,42,22,9,7,1,1,0,2,35,50,19,4,8,2,7,0,0,0,0
2025-410,Monte Carlo,Clay,32,A,,74,lorenzo-musetti,13,,Lorenzo Musetti,R,0,ITA,0.0,alex-de minaur,8,,Alex de Minaur,R,0,AUS,0.0,1-6  6-4  7-6(4).,3,SF,158,2,1,62,93,37,12,15,5,12,1,3,49,94,36,18,14,4,9,0,0,0,0
2025-416,Rome,Clay,32,A,,74,karen-khachanov,23,,Karen Khachanov,R,0,RUS,0.0,roman andres-burruchaga,,Q,Roman Andres Burruchaga,R,0,ARG,0.0,6-4  5-7  6-1 .,3,R64,160,1,3,62,96,37,17,15,4,10,5,3,75,103,48,15,14,7,10,0,0,0,0
2025-421,Toronto,Hard,32,A,,74,flavio-cobolli,13,,Flavio Cobolli,R,0,ITA,0.0,alexis-galarneau,,WC,Alexis Galarneau,R,0,CAN,0.0,6-4  5-7  6-4 .,3,R64,148,0,0,0,0,0,0,0,0,0,0,0,0,0,0,0,0,0,0,0,0,0,0
2025-422,Cincinnati,Hard,32,A,,74,ugo-humbert,20,,Ugo Humbert,R,0,FRA,0.0,coleman-wong,,Q,Coleman Wong,R,0,HKG,0.0,6-3  6-4 .,3,R64,67,6,1,32,45,25,7,9,2,4,10,1,37,57,32,10,10,1,1,0,0,0,0
2025-404,Indian Wells,Hard,32,A,,73,cameron-norrie,,,Cameron Norrie,R,0,GBR,0.0,jiri-lehecka,23,,Jiri Lehecka,R,0,CZE,0.0,3-6  6-4  7-5 .,3,R64,143,3,2,66,110,45,23,15,10,12,4,3,47,93,34,28,16,3,6,0,0,0,0
2025-1536,Madrid,Clay,32,A,,73,sebastian-korda,23,,Sebastian Korda,R,0,USA,0.0,federico-cina,,WC,Federico Cina,R,0,ITA,0.0,6-3  3-6  6-1 .,3,R64,101,7,3,44,78,36,18,13,3,4,2,5,52,79,36,11,12,3,6,0,0,0,0
2025-403,Miami,Hard,32,A,,73,sebastian-korda,24,,Sebastian Korda,R,0,USA,0.0,eliot-spizzirri,,WC,Eliot Spizzirri,R,0,USA,0.0,6-4  6-2 .,3,R64,71,5,2,36,57,27,10,9,3,4,3,0,44,57,27,5,9,2,6,0,0,0,0
2025-410,Monte Carlo,Clay,32,A,,73,carlos-alcaraz,2,,Carlos Alcaraz,R,0,ESP,0.0,arthur-fils,12,,Arthur Fils,R,0,FRA,0.0,4-6  7-5  6-3 .,3,QF,143,0,5,62,103,45,13,15,9,14,3,7,62,101,43,19,16,7,11,0,0,0,0
2025-416,Rome,Clay,32,A,,73,alexei-popyrin,24,,Alexei Popyrin,R,0,AUS,0.0,carlos-taberner,,Q,Carlos Taberner,R,0,ESP,0.0,6-1  7-6(4).,3,R64,100,9,1,45,68,32,15,10,2,3,0,3,41,59,27,9,9,5,8,0,0,0,0
2025-421,Toronto,Hard,32,A,,73,arthur-fils,15,,Arthur Fils,R,0,FRA,0.0,pablo-carreno busta,,,Pablo Carreno Busta,R,0,ESP,0.0,6-3  6-4 .,3,R64,88,6,2,46,68,33,12,10,5,6,0,3,39,63,26,11,9,1,4,0,0,0,0
2025-422,Cincinnati,Hard,32,A,,73,felix-auger-aliassime,23,,Felix Auger-Aliassime,R,0,CAN,0.0,tomas martin-etcheverry,,,Tomas Martin Etcheverry,R,0,ARG,0.0,6-2  7-6(3).,3,R64,117,2,2,35,66,25,14,10,2,4,14,1,53,67,41,8,10,4,4,0,0,0,0
2025-404,Indian Wells,Hard,32,A,,72,alexei-popyrin,26,,Alexei Popyrin,R,0,AUS,0.0,zizou-bergs,,,Zizou Bergs,R,0,BEL,0.0,7-6(4) 7-5 .,3,R64,130,2,4,51,85,36,18,12,4,6,5,1,52,83,41,16,12,4,5,0,0,0,0
2025-1536,Madrid,Clay,32,A,,72,alexander-bublik,,,Alexander Bublik,R,0,KAZ,0.0,alexei-popyrin,25,,Alexei Popyrin,R,0,AUS,0.0,6-4  7-6(4).,3,R64,110,7,5,54,84,39,14,11,5,7,10,5,42,77,34,18,11,5,6,0,0,0,0
2025-403,Miami,Hard,32,A,,72,gael-monfils,,,Gael Monfils,R,0,FRA,0.0,jiri-lehecka,26,,Jiri Lehecka,R,0,CZE,0.0,6-1  3-6  7-6(8).,3,R64,126,14,3,59,89,47,16,14,4,5,8,3,53,97,36,26,14,4,6,0,0,0,0
2025-410,Monte Carlo,Clay,32,A,,72,lorenzo-musetti,13,,Lorenzo Musetti,R,0,ITA,0.0,stefanos-tsitsipas,6,,Stefanos Tsitsipas,R,0,GRE,0.0,1-6  6-3  6-4 .,3,QF,141,1,1,75,102,47,15,13,14,17,1,7,42,85,28,23,13,3,6,0,0,0,0
2025-416,Rome,Clay,32,A,,72,vilius-gaubas,,Q,Vilius Gaubas,R,0,LTU,0.0,denis-shapovalov,27,,Denis Shapovalov,R,0,CAN,0.0,6-3  6-4 .,3,R64,107,4,9,35,66,22,14,9,3,6,0,2,57,73,37,10,10,6,7,0,0,0,0
2025-421,Toronto,Hard,32,A,,72,jiri-lehecka,19,,Jiri Lehecka,R,0,CZE,0.0,mackenzie-mcdonald,,,Mackenzie McDonald,R,0,USA,0.0,7-6(2) 6-4 .,3,R64,91,9,1,47,71,32,12,11,5,7,5,1,45,66,35,13,11,0,1,0,0,0,0
2025-422,Cincinnati,Hard,32,A,,72,stefanos-tsitsipas,25,,Stefanos Tsitsipas,R,0,GRE,0.0,fabian-marozsan,,,Fabian Marozsan,R,0,HUN,0.0,7-6(3) 6-2 .,3,R64,83,9,0,44,63,33,12,10,3,3,2,5,38,65,29,11,10,1,3,0,0,0,0
2025-404,Indian Wells,Hard,32,A,,71,matteo-berrettini,28,,Matteo Berrettini,R,0,ITA,0.0,christopher-o'connell,,,Christopher O'Connell,R,0,AUS,0.0,6-2  7-6(2).,3,R64,94,7,1,40,63,28,17,10,1,1,4,3,40,61,28,9,10,1,3,0,0,0,0
2025-1536,Madrid,Clay,32,A,,71,benjamin-bonzi,,,Benjamin Bonzi,R,0,FRA,0.0,hubert-hurkacz,27,,Hubert Hurkacz,R,0,POL,0.0,6-4  7-5 .,3,R64,87,6,1,35,60,27,16,11,1,2,4,0,31,62,23,16,11,3,6,0,0,0,0
2025-410,Monte Carlo,Clay,32,A,,71,alex-de minaur,8,,Alex de Minaur,R,0,AUS,0.0,grigor-dimitrov,15,,Grigor Dimitrov,R,0,BUL,0.0,6-0  6-0 .,3,QF,44,0,1,19,32,6,2,6,2,8,0,0,16,31,12,12,6,0,0,0,0,0,0
2025-416,Rome,Clay,32,A,,71,brandon-nakashima,28,,Brandon Nakashima,R,0,USA,0.0,jordan-thompson,,,Jordan Thompson,R,0,AUS,0.0,WINNER: B. NAKASHIMA BY WALKOVER,3,R64,0,0,0,0,0,0,0,0,0,0,0,0,0,0,0,0,0,0,0,0,0,0,0
2025-421,Toronto,Hard,32,A,,71,alejandro-davidovich fokina,20,,Alejandro Davidovich Fokina,R,0,ESP,0.0,corentin-moutet,,,Corentin Moutet,R,0,FRA,0.0,6-4  6-3 .,3,R64,84,4,3,38,63,28,9,9,8,10,2,5,30,53,16,10,10,1,6,0,0,0,0
2025-422,Cincinnati,Hard,32,A,,71,alex-michelsen,28,,Alex Michelsen,R,0,USA,0.0,corentin-moutet,,,Corentin Moutet,R,0,FRA,0.0,3-6  6-3  6-4 .,3,R64,146,2,4,46,87,37,18,14,3,6,8,4,55,92,36,17,14,9,13,0,0,0,0
2025-404,Indian Wells,Hard,32,A,,70,giovanni-mpetshi perricard,29,,Giovanni Mpetshi Perricard,R,0,FRA,0.0,fabian-marozsan,,,Fabian Marozsan,R,0,HUN,0.0,6-4 0-0 RET.,3,R64,42,3,3,19,35,11,9,5,4,5,10,3,16,28,13,8,5,2,2,0,0,0,0
2025-1536,Madrid,Clay,32,A,,70,alejandro-davidovich fokina,28,,Alejandro Davidovich Fokina,R,0,ESP,0.0,nuno-borges,,,Nuno Borges,R,0,POR,0.0,6-2  6-3 .,3,R64,73,4,2,32,58,21,7,8,5,9,2,0,36,51,25,10,9,2,3,0,0,0,0
2025-403,Miami,Hard,32,A,,70,brandon-nakashima,31,,Brandon Nakashima,R,0,USA,0.0,roberto-carballes baena,,,Roberto Carballes Baena,R,0,ESP,0.0,6-4  4-6  6-3 .,3,R64,142,14,3,69,101,52,14,15,5,7,5,1,48,86,35,18,14,2,5,0,0,0,0
2025-410,Monte Carlo,Clay,32,A,,70,alejandro-davidovich fokina,,,Alejandro Davidovich Fokina,R,0,ESP,0.0,alexei-popyrin,,,Alexei Popyrin,R,0,AUS,0.0,6-3  6-2 .,3,QF,69,1,0,32,47,26,11,9,0,0,9,4,38,57,24,8,8,6,9,0,0,0,0
2025-416,Rome,Clay,32,A,,70,laslo-djere,,,Laslo Djere,R,0,SRB,0.0,alex-michelsen,31,,Alex Michelsen,R,0,USA,0.0,6-0  6-3 .,3,R64,71,0,3,34,49,17,5,7,3,8,1,0,34,55,24,12,8,3,4,0,0,0,0
2025-421,Toronto,Hard,32,A,,70,fabian-marozsan,,,Fabian Marozsan,R,0,HUN,0.0,felix-auger-aliassime,21,,Felix Auger-Aliassime,R,0,CAN,0.0,6-4  6-4 .,3,R64,101,4,0,37,64,29,12,10,5,7,2,5,33,59,22,11,10,1,5,0,0,0,0
2025-422,Cincinnati,Hard,32,A,,70,gabriel-diallo,30,,Gabriel Diallo,R,0,CAN,0.0,sebastian-baez,,,Sebastian Baez,R,0,ARG,0.0,7-5  6-4 .,3,R64,91,0,5,44,67,29,10,11,3,7,9,3,32,56,27,12,11,0,2,0,0,0,0
2025-404,Indian Wells,Hard,32,A,,69,alex-michelsen,31,,Alex Michelsen,R,0,USA,0.0,colton-smith,,Q,Colton Smith,R,0,USA,0.0,6-3  6-4 .,3,R64,108,2,3,52,88,35,20,10,5,6,3,1,37,62,25,12,9,4,7,0,0,0,0
2025-1536,Madrid,Clay,32,A,,69,brandon-nakashima,31,,Brandon Nakashima,R,0,USA,0.0,sebastian-ofner,PR,,Sebastian Ofner,R,0,AUT,0.0,6-3  7-6(3).,3,R64,90,15,2,49,73,41,10,11,1,1,5,2,38,62,31,10,10,0,1,0,0,0,0
2025-403,Miami,Hard,32,A,,69,camilo-ugo carabelli,,LL,Camilo Ugo Carabelli,R,0,ARG,0.0,alex-michelsen,32,,Alex Michelsen,R,0,USA,0.0,6-7(3) 7-5  6-3 .,3,R64,152,10,0,73,96,51,13,16,0,3,3,1,75,112,53,21,17,4,5,0,0,0,0
2025-410,Monte Carlo,Clay,32,A,,69,carlos-alcaraz,2,,Carlos Alcaraz,R,0,ESP,0.0,daniel-altmaier,,Q,Daniel Altmaier,R,0,GER,0.0,6-3  6-1 .,3,R16,86,0,2,24,52,12,13,8,2,7,0,2,35,59,21,15,8,9,10,0,0,0,0
2025-416,Rome,Clay,32,A,,69,vit-kopriva,,Q,Vit Kopriva,R,0,CZE,0.0,sebastian-baez,32,,Sebastian Baez,R,0,ARG,0.0,3-6  6-4  6-4 .,3,R64,152,3,1,66,95,40,17,15,3,7,2,2,64,91,40,14,14,4,8,0,0,0,0
2025-421,Toronto,Hard,32,A,,69,christopher-o'connell,,,Christopher O'Connell,R,0,AUS,0.0,stefanos-tsitsipas,23,,Stefanos Tsitsipas,R,0,GRE,0.0,6-4  4-6  6-2 .,3,R64,121,10,4,40,76,29,16,14,2,6,7,5,46,93,34,24,14,6,8,0,0,0,0
2025-422,Cincinnati,Hard,32,A,,69,lorenzo-sonego,31,,Lorenzo Sonego,R,0,ITA,0.0,zizou-bergs,,,Zizou Bergs,R,0,BEL,0.0,6-3  7-6(4).,3,R64,101,5,5,31,64,23,19,10,3,4,5,2,43,66,36,13,11,1,1,0,0,0,0
2025-404,Indian Wells,Hard,32,A,,68,matteo-arnaldi,,,Matteo Arnaldi,R,0,ITA,0.0,aleksandar-kovacevic,,,Aleksandar Kovacevic,R,0,USA,0.0,6-3  5-7  6-4 .,3,R128,149,7,6,61,106,41,24,16,12,15,5,1,53,92,37,19,15,6,10,0,0,0,0
2025-1536,Madrid,Clay,32,A,,68,matteo-arnaldi,,,Matteo Arnaldi,R,0,ITA,0.0,borna-coric,,Q,Borna Coric,R,0,CRO,0.0,4-6  6-4  7-5 .,3,R128,167,13,4,49,97,36,27,16,6,8,5,3,74,106,54,12,16,3,6,0,0,0,0
2025-403,Miami,Hard,32,A,,68,matteo-arnaldi,,,Matteo Arnaldi,R,0,ITA,0.0,yibing-wu,,WC,Yibing Wu,R,0,CHN,0.0,7-6(3) 4-6  6-3 .,3,R128,150,16,3,50,91,41,24,16,0,2,5,0,84,114,56,15,15,10,12,0,0,0,0
2025-410,Monte Carlo,Clay,32,A,,68,alexei-popyrin,,,Alexei Popyrin,R,0,AUS,0.0,casper-ruud,4,,Casper Ruud,R,0,NOR,0.0,6-4  3-6  7-5 .,3,R16,177,4,5,73,117,54,19,15,12,14,2,2,85,123,58,18,16,12,15,0,0,0,0
2025-416,Rome,Clay,32,A,,68,roberto-bautista agut,,,Roberto Bautista Agut,R,0,ESP,0.0,matteo-arnaldi,,,Matteo Arnaldi,R,0,ITA,0.0,6-4  6-3 .,3,R128,114,4,2,35,55,22,5,9,4,8,1,2,52,76,33,13,10,7,9,0,0,0,0
2025-421,Toronto,Hard,32,A,,68,brandon-nakashima,25,,Brandon Nakashima,R,0,USA,0.0,ethan-quinn,,,Ethan Quinn,R,0,USA,0.0,7-6(6) 6-4 .,3,R64,112,13,0,45,70,36,16,11,2,2,10,8,44,92,35,25,11,11,12,0,0,0,0
2025-422,Cincinnati,Hard,32,A,,68,nishesh-basavareddy,,WC,Nishesh Basavareddy,R,0,USA,0.0,aleksandar-vukic,,LL,Aleksandar Vukic,R,0,AUS,0.0,7-6(5) 7-5 .,3,R128,100,13,2,42,82,32,18,12,3,6,10,4,47,74,30,19,12,1,3,0,0,0,0
2025-404,Indian Wells,Hard,32,A,,67,nuno-borges,,,Nuno Borges,R,0,POR,0.0,arthur-rinderknech,,,Arthur Rinderknech,R,0,FRA,0.0,6-1  5-7  6-2 .,3,R128,140,5,1,67,104,37,18,13,7,12,6,2,78,108,53,15,14,11,13,0,0,0,0
2025-1536,Madrid,Clay,32,A,,67,luciano-darderi,,,Luciano Darderi,R,0,ITA,0.0,quentin-halys,,,Quentin Halys,R,0,FRA,0.0,6-4  6-4 .,3,R128,73,6,3,28,59,20,17,10,4,7,5,0,29,48,23,15,10,2,3,0,0,0,0
2025-403,Miami,Hard,32,A,,67,zizou-bergs,,,Zizou Bergs,R,0,BEL,0.0,nuno-borges,,,Nuno Borges,R,0,POR,0.0,7-6(2) 7-5 .,3,R128,143,9,2,57,98,41,20,12,8,10,5,5,53,82,33,15,12,4,7,0,0,0,0
2025-410,Monte Carlo,Clay,32,A,,67,alejandro-davidovich fokina,,,Alejandro Davidovich Fokina,R,0,ESP,0.0,jack-draper,5,,Jack Draper,R,0,GBR,0.0,6-3 6-7(6) 6-4 .,3,R16,166,5,10,47,98,30,25,15,7,13,1,0,74,118,44,26,16,12,16,0,0,0,0
2025-416,Rome,Clay,32,A,,67,alexander-bublik,,,Alexander Bublik,R,0,KAZ,0.0,roman-safiullin,,,Roman Safiullin,R,0,RUS,0.0,6-3  7-6(4).,3,R128,97,6,3,45,71,34,16,11,5,7,1,2,52,76,32,14,10,4,7,0,0,0,0
2025-421,Toronto,Hard,32,A,,67,gabriel-diallo,27,,Gabriel Diallo,R,0,CAN,0.0,matteo-gigante,,WC,Matteo Gigante,R,0,ITA,0.0,6-3  7-6(5).,3,R64,106,8,5,43,65,35,12,11,2,3,5,6,52,91,36,18,10,10,12,0,0,0,0
2025-422,Cincinnati,Hard,32,A,,67,roberto-bautista agut,,,Roberto Bautista Agut,R,0,ESP,0.0,daniel-altmaier,,,Daniel Altmaier,R,0,GER,0.0,7-6(5) 7-6(1).,3,R128,119,13,4,53,87,40,15,12,5,7,5,5,50,76,40,13,12,1,3,0,0,0,0
2025-404,Indian Wells,Hard,32,A,,66,jenson-brooksby,PR,,Jenson Brooksby,R,0,USA,0.0,benjamin-bonzi,,,Benjamin Bonzi,R,0,FRA,0.0,1-6  7-5  7-5 .,3,R128,150,0,1,72,102,44,18,16,4,8,1,2,51,100,36,24,15,11,15,0,0,0,0
2025-1536,Madrid,Clay,32,A,,66,gabriel-diallo,,LL,Gabriel Diallo,R,0,CAN,0.0,zizou-bergs,,,Zizou Bergs,R,0,BEL,0.0,6-1  6-2 .,3,R128,57,3,0,25,38,14,5,7,0,4,4,0,21,37,18,14,8,0,0,0,0,0,0
2025-403,Miami,Hard,32,A,,66,yunchaokete-bu,,,Yunchaokete Bu,R,0,CHN,0.0,cameron-norrie,,,Cameron Norrie,R,0,GBR,0.0,6-4  6-2 .,3,R128,79,8,0,31,53,25,13,9,0,0,4,3,39,62,26,9,9,7,10,0,0,0,0
2025-410,Monte Carlo,Clay,32,A,,66,stefanos-tsitsipas,6,,Stefanos Tsitsipas,R,0,GRE,0.0,nuno-borges,,,Nuno Borges,R,0,POR,0.0,6-1  6-1 .,3,R16,67,0,2,29,46,12,6,7,1,7,3,2,32,56,23,11,7,5,6,0,0,0,0
2025-416,Rome,Clay,32,A,,66,jesper-de jong,,LL,Jesper de Jong,R,0,NED,0.0,alexander-shevchenko,,Q,Alexander Shevchenko,R,0,KAZ,0.0,6-2  6-4 .,3,R128,86,5,2,33,54,29,11,9,3,3,2,3,32,65,19,16,9,4,7,0,0,0,0
2025-421,Toronto,Hard,32,A,,66,lorenzo-sonego,28,,Lorenzo Sonego,R,0,ITA,0.0,yunchaokete-bu,,,Yunchaokete Bu,R,0,CHN,0.0,6-1  6-4 .,3,R64,79,1,3,21,42,14,8,8,0,4,7,5,28,53,22,15,9,1,2,0,0,0,0
2025-422,Cincinnati,Hard,32,A,,66,alexander-blockx,,Q,Alexander Blockx,R,0,BEL,0.0,marcos-giron,,,Marcos Giron,R,0,USA,0.0,6-2  3-6  6-3 .,3,R128,111,1,1,43,82,29,21,13,4,7,8,2,47,72,37,15,13,0,1,0,0,0,0
2025-404,Indian Wells,Hard,32,A,,65,joao-fonseca,,WC,Joao Fonseca,R,0,BRA,0.0,jacob-fearnley,,,Jacob Fearnley,R,0,GBR,0.0,6-2  1-6  6-3 .,3,R128,120,3,3,49,90,27,23,12,3,7,3,2,49,84,34,17,12,6,9,0,0,0,0
2025-1536,Madrid,Clay,32,A,,65,damir-dzumhur,,,Damir Dzumhur,R,0,BIH,0.0,mattia-bellucci,,,Mattia Bellucci,R,0,ITA,0.0,4-6  6-4  6-2 .,3,R128,154,0,2,67,92,42,16,14,9,11,4,2,59,95,37,17,14,7,11,0,0,0,0
2025-403,Miami,Hard,32,A,,65,luciano-darderi,,,Luciano Darderi,R,0,ITA,0.0,pedro-martinez,,,Pedro Martinez,R,0,ESP,0.0,6-4  6-1 .,3,R128,63,1,3,22,41,14,11,8,2,5,6,1,31,43,30,6,9,0,0,0,0,0,0
2025-410,Monte Carlo,Clay,32,A,,65,arthur-fils,12,,Arthur Fils,R,0,FRA,0.0,andrey-rublev,7,,Andrey Rublev,R,0,RUS,0.0,6-2  6-3 .,3,R16,61,2,3,32,53,19,6,9,4,9,4,2,26,42,21,9,8,0,1,0,0,0,0
2025-416,Rome,Clay,32,A,,65,jacob-fearnley,,,Jacob Fearnley,R,0,GBR,0.0,fabio-fognini,,WC,Fabio Fognini,R,0,ITA,0.0,6-2  6-3 .,3,R128,80,1,5,29,53,20,12,9,2,4,1,1,27,55,14,12,8,3,8,0,0,0,0
2025-421,Toronto,Hard,32,A,,65,aleksandar-vukic,,,Aleksandar Vukic,R,0,AUS,0.0,cameron-norrie,31,,Cameron Norrie,R,0,GBR,0.0,6-3 6-7(2) 6-3 .,3,R64,127,13,0,48,87,39,29,16,3,3,14,3,55,94,46,18,14,9,11,0,0,0,0
2025-422,Cincinnati,Hard,32,A,,65,tristan-boyer,,WC,Tristan Boyer,R,0,USA,0.0,brandon-holt,,WC,Brandon Holt,R,0,USA,0.0,6-3  7-6(3).,3,R128,110,8,0,48,70,37,11,11,3,4,5,1,50,80,32,16,10,7,9,0,0,0,0
2025-404,Indian Wells,Hard,32,A,,64,hugo-gaston,,Q,Hugo Gaston,R,0,FRA,0.0,luciano-darderi,,,Luciano Darderi,R,0,ITA,0.0,6-3  6-3 .,3,R128,82,2,0,36,57,22,8,9,2,6,5,1,28,60,25,13,9,4,5,0,0,0,0
2025-1536,Madrid,Clay,32,A,,64,tomas martin-etcheverry,,,Tomas Martin Etcheverry,R,0,ARG,0.0,hamad-medjedovic,,,Hamad Medjedovic,R,0,SRB,0.0,6-4  7-6(6).,3,R128,196,8,1,63,97,46,14,11,7,9,8,0,47,84,30,21,11,8,11,0,0,0,0
2025-403,Miami,Hard,32,A,,64,alejandro-davidovich fokina,,,Alejandro Davidovich Fokina,R,0,ESP,0.0,jan-lennard-struff,,,Jan-Lennard Struff,R,0,GER,0.0,7-6(3) 6-3 .,3,R128,90,12,3,35,66,29,13,11,2,4,4,0,49,71,37,14,10,7,7,0,0,0,0
2025-410,Monte Carlo,Clay,32,A,,64,alex-de minaur,8,,Alex de Minaur,R,0,AUS,0.0,daniil-medvedev,9,,Daniil Medvedev,R,0,RUS,0.0,6-2  6-2 .,3,R16,72,3,3,29,52,13,6,8,5,12,3,3,24,46,14,12,8,1,4,0,0,0,0
2025-416,Rome,Clay,32,A,,64,matteo-gigante,,WC,Matteo Gigante,R,0,ITA,0.0,arthur-rinderknech,,,Arthur Rinderknech,R,0,FRA,0.0,7-6(4) 7-6(4).,3,R128,133,8,2,50,84,37,16,12,1,2,5,6,63,106,45,21,12,7,8,0,0,0,0
2025-421,Toronto,Hard,32,A,,64,alexander-zverev,1,,Alexander Zverev,R,0,GER,0.0,adam-walton,,,Adam Walton,R,0,AUS,0.0,7-6(6) 6-4 .,3,R64,102,7,1,40,61,37,11,11,2,3,5,6,48,81,36,16,11,4,6,0,0,0,0
2025-418,Washington,Clay,32,A,,64,alejandro-davidovich fokina,12,,Alejandro Davidovich Fokina,R,0,ESP,0.0,ben-shelton,4,,Ben Shelton,R,0,USA,0.0,6-2  7-5 .,3,SF,79,1,1,37,52,29,9,10,0,1,7,5,30,55,20,12,10,2,6,0,0,0,0
2025-422,Cincinnati,Hard,32,A,,64,jenson-brooksby,,WC,Jenson Brooksby,R,0,USA,0.0,alexandre-muller,,,Alexandre Muller,R,0,FRA,0.0,7-6(2) 5-7  6-1 .,3,R128,159,7,3,63,111,44,27,16,8,11,7,9,57,95,39,18,15,5,9,0,0,0,0
2025-404,Indian Wells,Hard,32,A,,63,matteo-gigante,,Q,Matteo Gigante,R,0,ITA,0.0,sebastian-baez,,,Sebastian Baez,R,0,ARG,0.0,3-6  6-1  6-4 .,3,R128,117,3,6,46,76,28,16,13,3,7,0,3,56,89,32,13,13,7,13,0,0,0,0
2025-1536,Madrid,Clay,32,A,,63,jacob-fearnley,,Q,Jacob Fearnley,R,0,GBR,0.0,yunchaokete-bu,,,Yunchaokete Bu,R,0,CHN,0.0,6-3  7-6(2).,3,R128,105,4,1,46,75,30,13,11,4,7,6,3,35,60,29,15,10,2,3,0,0,0,0
2025-403,Miami,Hard,32,A,,63,gabriel-diallo,,LL,Gabriel Diallo,R,0,CAN,0.0,tomas martin-etcheverry,,,Tomas Martin Etcheverry,R,0,ARG,0.0,6-3  6-0 .,3,R128,74,6,1,35,49,27,5,8,3,4,0,1,20,42,9,9,7,3,8,0,0,0,0
2025-410,Monte Carlo,Clay,32,A,,63,lorenzo-musetti,13,,Lorenzo Musetti,R,0,ITA,0.0,matteo-berrettini,,,Matteo Berrettini,R,0,ITA,0.0,6-3  6-3 .,3,R16,94,3,2,46,68,31,7,9,7,10,0,1,37,50,27,10,9,0,0,0,0,0,0
2025-416,Rome,Clay,32,A,,63,marcos-giron,,,Marcos Giron,R,0,USA,0.0,gabriel-diallo,,,Gabriel Diallo,R,0,CAN,0.0,3-6  6-3  6-4 .,3,R128,119,4,1,55,79,38,16,14,1,3,2,1,49,85,31,27,14,2,3,0,0,0,0
2025-421,Toronto,Hard,32,A,,63,lorenzo-musetti,3,,Lorenzo Musetti,R,0,ITA,0.0,james-duckworth,,Q,James Duckworth,R,0,AUS,0.0,7-5  6-1 .,3,R64,82,0,0,0,0,0,0,0,0,0,0,0,0,0,0,0,0,0,0,0,0,0,0
2025-418,Washington,Clay,32,A,,63,alex-de minaur,7,,Alex de Minaur,R,0,AUS,0.0,corentin-moutet,,LL,Corentin Moutet,R,0,FRA,0.0,6-4  6-3 .,3,SF,104,0,3,36,66,17,14,10,2,7,0,2,34,58,24,12,9,3,5,0,0,0,0
2025-422,Cincinnati,Hard,32,A,,63,francisco-comesana,,,Francisco Comesana,R,0,ARG,0.0,jaume-munar,,,Jaume Munar,R,0,ESP,0.0,6-4  6-4 .,3,R128,105,6,2,36,68,29,15,10,9,10,2,0,38,56,25,10,10,2,5,0,0,0,0
2025-404,Indian Wells,Hard,32,A,,62,david-goffin,,,David Goffin,R,0,BEL,0.0,lorenzo-sonego,,,Lorenzo Sonego,R,0,ITA,0.0,6-4  7-5 .,3,R128,102,2,1,27,60,16,15,11,0,5,1,2,43,68,22,7,11,4,11,0,0,0,0
2025-1536,Madrid,Clay,32,A,,62,joao-fonseca,,,Joao Fonseca,R,0,BRA,0.0,elmer-moller,,Q,Elmer Moller,R,0,DEN,0.0,6-2  6-3 .,3,R128,73,5,1,37,53,27,8,8,0,0,0,2,41,63,23,10,9,9,13,0,0,0,0
2025-403,Miami,Hard,32,A,,62,jacob-fearnley,,Q,Jacob Fearnley,R,0,GBR,0.0,benjamin-bonzi,,,Benjamin Bonzi,R,0,FRA,0.0,7-6(6) 2-6  6-4 .,3,R128,139,6,1,64,98,49,17,15,1,3,13,4,65,100,47,16,15,4,7,0,0,0,0
2025-410,Monte Carlo,Clay,32,A,,62,grigor-dimitrov,15,,Grigor Dimitrov,R,0,BUL,0.0,alejandro-tabilo,,,Alejandro Tabilo,R,0,CHI,0.0,6-3  3-6  6-2 .,3,R16,116,0,5,68,106,37,18,13,11,16,7,1,47,68,36,11,13,2,5,0,0,0,0
2025-416,Rome,Clay,32,A,,62,nicolas-jarry,,,Nicolas Jarry,R,0,CHI,0.0,hugo-gaston,,,Hugo Gaston,R,0,FRA,0.0,7-6(4) 6-4 .,3,R128,111,1,3,53,80,38,14,11,7,8,4,1,51,70,40,12,11,2,2,0,0,0,0
2025-421,Toronto,Hard,32,A,,62,holger-rune,5,,Holger Rune,R,0,DEN,0.0,giovanni-mpetshi perricard,,,Giovanni Mpetshi Perricard,R,0,FRA,0.0,7-6(7) 6-3 .,3,R64,76,7,4,37,58,32,12,10,2,3,12,2,38,59,33,18,11,0,0,0,0,0,0
2025-418,Washington,Clay,32,A,,62,alejandro-davidovich fokina,12,,Alejandro Davidovich Fokina,R,0,ESP,0.0,taylor-fritz,1,,Taylor Fritz,R,0,USA,0.0,7-6(3) 3-6  7-5 .,3,QF,184,20,6,71,120,53,17,16,10,15,8,8,88,131,57,20,17,11,17,0,0,0,0
2025-422,Cincinnati,Hard,32,A,,62,damir-dzumhur,,,Damir Dzumhur,R,0,BIH,0.0,mattia-bellucci,,,Mattia Bellucci,R,0,ITA,0.0,7-6(7) 7-6(5).,3,R128,143,5,6,66,100,44,13,12,4,7,1,4,69,102,48,15,12,8,11,0,0,0,0
2025-404,Indian Wells,Hard,32,A,,61,quentin-halys,,,Quentin Halys,R,0,FRA,0.0,pablo-carreno busta,,Q,Pablo Carreno Busta,R,0,ESP,0.0,6-3  6-4 .,3,R128,90,9,3,39,59,33,7,10,5,7,2,1,39,60,22,11,9,4,8,0,0,0,0
2025-1536,Madrid,Clay,32,A,,61,marcos-giron,,,Marcos Giron,R,0,USA,0.0,learner-tien,,,Learner Tien,R,0,USA,0.0,6-1  1-6  7-6(4).,3,R128,127,5,3,47,96,33,27,13,4,7,6,4,61,104,43,20,13,5,8,0,0,0,0
2025-403,Miami,Hard,32,A,,61,joao-fonseca,,,Joao Fonseca,R,0,BRA,0.0,learner-tien,,,Learner Tien,R,0,USA,0.0,6-7(1) 6-3  6-4 .,3,R128,143,10,3,63,99,45,23,16,3,4,10,3,67,108,47,22,15,9,12,0,0,0,0
2025-410,Monte Carlo,Clay,32,A,,61,carlos-alcaraz,2,,Carlos Alcaraz,R,0,ESP,0.0,francisco-cerundolo,,,Francisco Cerundolo,R,0,ARG,0.0,3-6  6-0  6-1 .,3,R32,98,2,5,33,55,17,9,11,2,8,1,3,41,76,28,19,11,5,7,0,0,0,0
2025-416,Rome,Clay,32,A,,61,fabian-marozsan,,,Fabian Marozsan,R,0,HUN,0.0,joao-fonseca,,,Joao Fonseca,R,0,BRA,0.0,6-3  7-6(4).,3,R128,87,3,1,40,67,30,19,11,3,4,4,4,37,68,23,18,10,1,3,0,0,0,0
2025-421,Toronto,Hard,32,A,,61,casper-ruud,8,,Casper Ruud,R,0,NOR,0.0,roman-safiullin,,,Roman Safiullin,R,0,RUS,0.0,6-3  6-3 .,3,R64,81,6,3,31,49,19,8,9,1,5,7,2,41,61,30,9,9,2,3,0,0,0,0
2025-418,Washington,Clay,32,A,,61,ben-shelton,4,,Ben Shelton,R,0,USA,0.0,frances-tiafoe,6,,Frances Tiafoe,R,0,USA,0.0,7-6(2) 6-4 .,3,QF,117,9,1,31,57,28,17,11,0,1,8,3,48,89,36,19,11,8,10,0,0,0,0
2025-422,Cincinnati,Hard,32,A,,61,martin-landaluce,,Q,Martin Landaluce,R,0,ESP,0.0,patrick-kypson,,Q,Patrick Kypson,R,0,USA,0.0,3-6  6-3  6-2 .,3,R128,140,8,5,47,82,39,18,13,4,6,10,5,56,90,39,14,13,5,9,0,0,0,0
2025-404,Indian Wells,Hard,32,A,,60,rinky-hijikata,,,Rinky Hijikata,R,0,AUS,0.0,alexander-shevchenko,,,Alexander Shevchenko,R,0,KAZ,0.0,6-1  6-3 .,3,R128,64,0,5,35,53,16,7,8,3,9,1,1,35,48,22,6,8,2,4,0,0,0,0
2025-1536,Madrid,Clay,32,A,,60,tallon-griekspoor,,,Tallon Griekspoor,R,0,NED,0.0,vit-kopriva,,Q,Vit Kopriva,R,0,CZE,0.0,6-1  6-4 .,3,R128,72,5,3,35,48,32,5,9,0,0,3,2,31,56,20,11,8,6,9,0,0,0,0
2025-403,Miami,Hard,32,A,,60,hugo-gaston,,LL,Hugo Gaston,R,0,FRA,0.0,yoshihito-nishioka,,,Yoshihito Nishioka,R,0,JPN,0.0,6-4 3-1 RET.,3,R128,61,2,2,22,45,14,15,7,1,2,1,3,27,47,18,8,7,2,5,0,0,0,0
2025-410,Monte Carlo,Clay,32,A,,60,alejandro-tabilo,,,Alejandro Tabilo,R,0,CHI,0.0,novak-djokovic,3,,Novak Djokovic,R,0,SRB,0.0,6-3  6-4 .,3,R32,87,3,2,30,56,20,11,9,5,8,2,2,37,59,30,11,10,2,3,0,0,0,0
2025-416,Rome,Clay,32,A,,60,pedro-martinez,,,Pedro Martinez,R,0,ESP,0.0,mattia-bellucci,,,Mattia Bellucci,R,0,ITA,0.0,6-4  6-2 .,3,R128,92,4,5,35,63,24,10,9,3,7,2,0,40,54,28,9,9,4,5,0,0,0,0
2025-421,Toronto,Hard,32,A,,60,daniil-medvedev,10,,Daniil Medvedev,R,0,RUS,0.0,dalibor-svrcina,,LL,Dalibor Svrcina,R,0,CZE,0.0,7-6(3) 6-4 .,3,R64,111,0,0,0,0,0,0,0,0,0,0,0,0,0,0,0,0,0,0,0,0,0,0
2025-418,Washington,Clay,32,A,,60,alex-de minaur,7,,Alex de Minaur,R,0,AUS,0.0,brandon-nakashima,14,,Brandon Nakashima,R,0,USA,0.0,6-4  6-4 .,3,QF,95,6,2,39,66,26,16,10,3,5,4,3,28,56,19,9,10,2,6,0,0,0,0
2025-422,Cincinnati,Hard,32,A,,60,hamad-medjedovic,,,Hamad Medjedovic,R,0,SRB,0.0,aleksandar-kovacevic,,,Aleksandar Kovacevic,R,0,USA,0.0,6-2  6-3 .,3,R128,62,15,0,22,35,20,12,8,0,0,4,5,27,54,20,9,9,1,5,0,0,0,0
2025-404,Indian Wells,Hard,32,A,,59,dusan-lajovic,,,Dusan Lajovic,R,0,SRB,0.0,li-tu,,Q,Li Tu,R,0,AUS,0.0,6-2  6-0 .,3,R128,56,2,1,21,46,13,7,7,4,9,1,0,34,45,27,5,7,3,3,0,0,0,0
2025-1536,Madrid,Clay,32,A,,59,nicolas-jarry,,,Nicolas Jarry,R,0,CHI,0.0,daniel-altmaier,,Q,Daniel Altmaier,R,0,GER,0.0,6-3  6-2 .,3,R128,76,5,0,37,52,23,6,8,4,7,4,0,22,47,21,15,9,0,0,0,0,0,0
2025-403,Miami,Hard,32,A,,59,jakub-mensik,,,Jakub Mensik,R,0,CZE,0.0,roberto-bautista agut,,,Roberto Bautista Agut,R,0,ESP,0.0,6-4  3-6  6-1 .,3,R128,113,1,1,53,71,38,7,13,2,5,23,3,57,86,48,9,13,7,8,0,0,0,0
2025-410,Monte Carlo,Clay,32,A,,59,casper-ruud,4,,Casper Ruud,R,0,NOR,0.0,roberto-bautista agut,,,Roberto Bautista Agut,R,0,ESP,0.0,6-2  6-1 .,3,R32,68,0,1,31,51,15,9,7,4,8,6,0,29,39,25,7,8,0,0,0,0,0,0
2025-416,Rome,Clay,32,A,,59,jaume-munar,,,Jaume Munar,R,0,ESP,0.0,tomas-barrios vera,,Q,Tomas Barrios Vera,R,0,CHI,0.0,4-6  6-2  7-5 .,3,R128,186,1,1,72,109,44,17,15,15,20,8,3,56,94,41,18,15,6,9,0,0,0,0
2025-421,Toronto,Hard,32,A,,59,karen-khachanov,11,,Karen Khachanov,R,0,RUS,0.0,juan pablo-ficovich,,Q,Juan Pablo Ficovich,R,0,ARG,0.0,6-4  6-2 .,3,R64,87,5,7,43,65,38,5,9,7,8,3,4,30,59,19,11,9,5,9,0,0,0,0
2025-418,Washington,Clay,32,A,,59,corentin-moutet,,LL,Corentin Moutet,R,0,FRA,0.0,daniil-medvedev,8,,Daniil Medvedev,R,0,RUS,0.0,1-6  6-4  6-4 .,3,QF,145,7,10,41,81,31,22,14,4,7,4,3,54,83,33,18,13,6,9,0,0,0,0
2025-422,Cincinnati,Hard,32,A,,59,luca-nardi,,LL,Luca Nardi,R,0,ITA,0.0,thiago agustin-tirante,,Q,Thiago Agustin Tirante,R,0,ARG,0.0,6-4  7-6(5).,3,R128,117,4,6,46,72,32,15,11,2,5,5,8,32,75,23,20,11,6,10,0,0,0,0
2025-404,Indian Wells,Hard,32,A,,58,mackenzie-mcdonald,,WC,Mackenzie McDonald,R,0,USA,0.0,alejandro-davidovich fokina,,,Alejandro Davidovich Fokina,R,0,ESP,0.0,2-6  6-3  6-2 .,3,R128,111,2,1,45,80,24,22,13,5,9,2,4,40,73,20,20,12,3,8,0,0,0,0
2025-1536,Madrid,Clay,32,A,,58,alexandre-muller,,,Alexandre Muller,R,0,FRA,0.0,david-goffin,,,David Goffin,R,0,BEL,0.0,6-3 6-3 1-0 RET.,3,R128,99,1,3,26,50,17,9,9,3,7,2,3,49,73,28,11,10,2,6,0,0,0,0
2025-403,Miami,Hard,32,A,,58,reilly-opelka,PR,,Reilly Opelka,R,0,USA,0.0,christopher-eubanks,,WC,Christopher Eubanks,R,0,USA,0.0,6-3  7-6(4).,3,R128,85,6,0,45,65,37,9,10,3,4,15,5,42,66,39,13,11,1,1,0,0,0,0
2025-416,Rome,Clay,32,A,,58,luca-nardi,,WC,Luca Nardi,R,0,ITA,0.0,flavio-cobolli,,,Flavio Cobolli,R,0,ITA,0.0,6-3  6-4 .,3,R128,88,1,5,27,56,20,19,10,0,1,2,5,31,64,21,16,9,6,9,0,0,0,0
2025-421,Toronto,Hard,32,A,,58,francisco-cerundolo,14,,Francisco Cerundolo,R,0,ARG,0.0,jaume-munar,,,Jaume Munar,R,0,ESP,0.0,7-6(4) 4-6  6-4 .,3,R64,178,2,8,58,105,45,20,16,3,6,5,5,71,118,53,23,16,10,13,0,0,0,0
2025-418,Washington,Clay,32,A,,58,taylor-fritz,1,,Taylor Fritz,R,0,USA,0.0,matteo-arnaldi,,,Matteo Arnaldi,R,0,ITA,0.0,6-3  6-4 .,3,R16,101,10,2,39,61,37,7,10,4,4,7,1,42,76,32,11,9,8,10,0,0,0,0
2025-422,Cincinnati,Hard,32,A,,58,emilio-nava,,Q,Emilio Nava,R,0,USA,0.0,borna-coric,,,Borna Coric,R,0,CRO,0.0,6-3  7-5 .,3,R128,98,5,5,32,72,23,20,10,6,8,10,0,38,54,30,14,11,0,0,0,0,0,0
2025-404,Indian Wells,Hard,32,A,,57,jakub-mensik,,,Jakub Mensik,R,0,CZE,0.0,tomas martin-etcheverry,,,Tomas Martin Etcheverry,R,0,ARG,0.0,6-4  7-6(6).,3,R128,112,4,3,44,63,26,9,11,1,5,9,6,44,79,32,17,11,7,10,0,0,0,0
2025-1536,Madrid,Clay,32,A,,57,kei-nishikori,,,Kei Nishikori,R,0,JPN,0.0,aleksandar-vukic,,,Aleksandar Vukic,R,0,AUS,0.0,6-4  3-6  6-3 .,3,R128,119,10,2,66,101,46,16,14,8,11,4,3,50,81,37,18,14,2,4,0,0,0,0
2025-403,Miami,Hard,32,A,,57,roman-safiullin,,,Roman Safiullin,R,0,RUS,0.0,jenson-brooksby,PR,,Jenson Brooksby,R,0,USA,0.0,6-3  3-6  6-3 .,3,R128,133,12,2,73,102,52,12,14,7,9,6,0,53,78,36,15,13,2,5,0,0,0,0
2025-410,Monte Carlo,Clay,32,A,,57,alex-de minaur,8,,Alex de Minaur,R,0,AUS,0.0,tomas-machac,,,Tomas Machac,R,0,CZE,0.0,3-6  6-0  6-3 .,3,R32,108,5,3,47,75,33,10,12,1,5,3,2,42,80,33,20,12,4,5,0,0,0,0
2025-416,Rome,Clay,32,A,,57,mariano-navone,,,Mariano Navone,R,0,ARG,0.0,federico-cina,,WC,Federico Cina,R,0,ITA,0.0,6-3  6-3 .,3,R128,84,2,1,38,60,26,13,9,4,5,0,2,38,51,24,5,9,0,4,0,0,0,0
2025-421,Toronto,Hard,32,A,,57,reilly-opelka,,,Reilly Opelka,R,0,USA,0.0,tomas-machac,16,,Tomas Machac,R,0,CZE,0.0,7-6(5) 6-7(5) 6-3 .,3,R64,140,24,4,66,107,57,23,17,3,4,12,8,54,106,42,33,16,4,6,0,0,0,0
2025-418,Washington,Clay,32,A,,57,ben-shelton,4,,Ben Shelton,R,0,USA,0.0,gabriel-diallo,15,,Gabriel Diallo,R,0,CAN,0.0,6-3  6-2 .,3,R16,61,16,2,30,42,28,8,9,0,0,5,4,28,44,20,6,8,1,4,0,0,0,0
2025-422,Cincinnati,Hard,32,A,,57,reilly-opelka,,,Reilly Opelka,R,0,USA,0.0,hugo-dellien,,,Hugo Dellien,R,0,BOL,0.0,7-5  7-6(3).,3,R128,100,2,3,52,74,38,12,12,2,3,15,2,35,72,27,29,12,5,5,0,0,0,0
2025-404,Indian Wells,Hard,32,A,,56,gael-monfils,,,Gael Monfils,R,0,FRA,0.0,jan-lennard-struff,,,Jan-Lennard Struff,R,0,GER,0.0,6-4  6-4 .,3,R128,84,4,1,36,68,29,12,10,4,7,7,4,35,62,29,14,10,5,6,0,0,0,0
2025-1536,Madrid,Clay,32,A,,56,cameron-norrie,,,Cameron Norrie,R,0,GBR,0.0,martin-landaluce,,WC,Martin Landaluce,R,0,ESP,0.0,6-7(4) 7-5  6-4 .,3,R128,161,12,15,73,109,50,14,17,5,10,7,4,79,114,52,19,17,7,10,0,0,0,0
2025-403,Miami,Hard,32,A,,56,lorenzo-sonego,,,Lorenzo Sonego,R,0,ITA,0.0,mariano-navone,,,Mariano Navone,R,0,ARG,0.0,7-5  7-5 .,3,R128,131,2,5,38,71,33,18,12,3,4,1,3,38,78,27,21,12,4,7,0,0,0,0
2025-410,Monte Carlo,Clay,32,A,,56,daniil-medvedev,9,,Daniil Medvedev,R,0,RUS,0.0,alexandre-muller,,,Alexandre Muller,R,0,FRA,0.0,7-6(6) 5-7  6-2 .,3,R32,168,7,8,58,103,42,19,16,2,6,1,4,69,122,42,26,16,5,10,0,0,0,0
2025-416,Rome,Clay,32,A,,56,sebastian-ofner,,Q,Sebastian Ofner,R,0,AUT,0.0,roberto-carballes baena,,,Roberto Carballes Baena,R,0,ESP,0.0,6-3 0-0 RET.,3,R128,50,0,2,19,41,11,11,4,4,5,3,2,12,25,11,9,5,0,0,0,0,0,0
2025-421,Toronto,Hard,32,A,,56,alexei-popyrin,18,,Alexei Popyrin,R,0,AUS,0.0,nicolas-arseneault,,WC,Nicolas Arseneault,R,0,CAN,0.0,7-6(7) 6-3 .,3,R64,94,9,4,40,67,33,14,10,2,3,9,3,41,72,35,20,11,1,1,0,0,0,0
2025-418,Washington,Clay,32,A,,56,frances-tiafoe,6,,Frances Tiafoe,R,0,USA,0.0,flavio-cobolli,9,,Flavio Cobolli,R,0,ITA,0.0,6-1  6-4 .,3,R16,72,0,0,0,0,0,0,0,0,0,0,0,0,0,0,0,0,0,0,0,0,0,0
2025-422,Cincinnati,Hard,32,A,,56,ethan-quinn,,,Ethan Quinn,R,0,USA,0.0,miomir-kecmanovic,,,Miomir Kecmanovic,R,0,SRB,0.0,7-6(5) 6-4 .,3,R128,98,3,3,42,75,27,19,11,1,4,7,5,33,65,30,15,11,3,5,0,0,0,0
2025-404,Indian Wells,Hard,32,A,,55,mariano-navone,,,Mariano Navone,R,0,ARG,0.0,learner-tien,,,Learner Tien,R,0,USA,0.0,7-5  6-4 .,3,R128,115,4,1,42,64,31,12,11,1,2,1,7,49,87,30,20,11,4,7,0,0,0,0
2025-1536,Madrid,Clay,32,A,,55,reilly-opelka,PR,,Reilly Opelka,R,0,USA,0.0,rinky-hijikata,,LL,Rinky Hijikata,R,0,AUS,0.0,7-5  7-5 .,3,R128,125,8,2,49,80,39,17,12,1,1,2,2,53,88,35,18,12,9,11,0,0,0,0
2025-403,Miami,Hard,32,A,,55,jordan-thompson,,,Jordan Thompson,R,0,AUS,0.0,marcos-giron,,,Marcos Giron,R,0,USA,0.0,3-6  6-4  7-5 .,3,R128,136,12,2,58,95,42,22,16,5,7,10,4,65,106,48,20,15,9,11,0,0,0,0
2025-410,Monte Carlo,Clay,32,A,,55,arthur-fils,12,,Arthur Fils,R,0,FRA,0.0,flavio-cobolli,,,Flavio Cobolli,R,0,ITA,0.0,6-2  6-4 .,3,R32,70,0,2,28,54,15,15,9,5,8,1,1,32,53,24,14,9,2,2,0,0,0,0
2025-416,Rome,Clay,32,A,,55,thiago-seyboth wild,,Q,Thiago Seyboth Wild,R,0,BRA,0.0,nuno-borges,,,Nuno Borges,R,0,POR,0.0,6-1  4-6  6-4 .,3,R128,143,6,5,57,88,38,13,14,6,10,9,3,55,99,36,26,13,5,6,0,0,0,0
2025-421,Toronto,Hard,32,A,,55,learner-tien,,,Learner Tien,R,0,USA,0.0,denis-shapovalov,22,,Denis Shapovalov,R,0,CAN,0.0,7-6(4) 7-5 .,3,R64,94,5,8,52,75,35,10,12,4,8,2,4,42,72,32,15,12,1,4,0,0,0,0
2025-418,Washington,Clay,32,A,,55,alex-de minaur,7,,Alex de Minaur,R,0,AUS,0.0,jiri-lehecka,11,,Jiri Lehecka,R,0,CZE,0.0,7-6(4) 6-7(6) 6-4 .,3,R16,165,8,4,48,98,41,30,17,3,5,9,5,67,121,48,26,17,6,9,0,0,0,0
2025-422,Cincinnati,Hard,32,A,,55,valentin-royer,,Q,Valentin Royer,R,0,FRA,0.0,sebastian-ofner,PR,,Sebastian Ofner,R,0,AUT,0.0,5-7  6-3  6-3 .,3,R128,105,16,9,40,90,34,25,15,6,9,9,1,50,81,40,20,15,2,3,0,0,0,0
2025-404,Indian Wells,Hard,32,A,,54,botic-van de zandschulp,,LL,Botic van de Zandschulp,R,0,NED,0.0,nick-kyrgios,PR,,Nick Kyrgios,R,0,AUS,0.0,7-6(7) 3-0 RET.,3,R128,83,2,3,35,59,25,13,8,5,7,6,2,34,59,23,9,7,1,4,0,0,0,0
2025-1536,Madrid,Clay,32,A,,54,lorenzo-sonego,,,Lorenzo Sonego,R,0,ITA,0.0,miomir-kecmanovic,,,Miomir Kecmanovic,R,0,SRB,0.0,6-4  7-6(5).,3,R128,123,1,4,58,88,43,15,11,6,6,1,1,49,78,35,16,11,8,9,0,0,0,0
2025-403,Miami,Hard,32,A,,54,thiago agustin-tirante,,Q,Thiago Agustin Tirante,R,0,ARG,0.0,flavio-cobolli,,,Flavio Cobolli,R,0,ITA,0.0,6-1  3-6  6-3 .,3,R128,112,11,1,50,79,37,17,13,4,6,5,3,40,76,28,16,12,5,9,0,0,0,0
2025-410,Monte Carlo,Clay,32,A,,54,lorenzo-musetti,13,,Lorenzo Musetti,R,0,ITA,0.0,jiri-lehecka,,,Jiri Lehecka,R,0,CZE,0.0,1-6  7-5  6-2 .,3,R32,139,4,8,60,105,40,17,13,14,18,3,0,53,76,32,16,14,2,6,0,0,0,0
2025-416,Rome,Clay,32,A,,54,learner-tien,,,Learner Tien,R,0,USA,0.0,reilly-opelka,PR,,Reilly Opelka,R,0,USA,0.0,6-4  7-6(11).,3,R128,108,0,6,36,73,29,22,11,4,6,5,4,49,80,33,16,11,4,7,0,0,0,0
2025-421,Toronto,Hard,32,A,,54,tomas martin-etcheverry,,,Tomas Martin Etcheverry,R,0,ARG,0.0,tallon-griekspoor,24,,Tallon Griekspoor,R,0,NED,0.0,6-4  7-6(4).,3,R64,119,6,6,47,82,30,17,11,6,9,12,1,58,78,40,11,11,7,9,0,0,0,0
2025-418,Washington,Clay,32,A,,54,daniil-medvedev,8,,Daniil Medvedev,R,0,RUS,0.0,yibing-wu,,Q,Yibing Wu,R,0,CHN,0.0,6-3  6-2 .,3,R16,69,11,3,29,38,27,5,8,0,0,2,3,45,65,28,5,9,9,13,0,0,0,0
2025-422,Cincinnati,Hard,32,A,,54,learner-tien,,,Learner Tien,R,0,USA,0.0,leandro-riedi,,Q,Leandro Riedi,R,0,SUI,0.0,6-3  6-4 .,3,R128,78,5,5,43,67,34,13,10,6,6,7,3,25,52,21,14,9,4,6,0,0,0,0
2025-404,Indian Wells,Hard,32,A,,53,adam-walton,,Q,Adam Walton,R,0,AUS,0.0,giulio-zeppieri,,Q,Giulio Zeppieri,R,0,ITA,0.0,7-5  6-1 .,3,R128,75,3,2,38,67,21,13,10,7,12,0,1,38,51,29,6,9,2,3,0,0,0,0
2025-1536,Madrid,Clay,32,A,,53,jan-lennard-struff,,,Jan-Lennard Struff,R,0,GER,0.0,botic-van de zandschulp,,LL,Botic van de Zandschulp,R,0,NED,0.0,7-5 6-2 4-1 RET.,3,R128,102,9,5,42,77,33,12,13,4,8,5,0,37,66,26,17,12,3,6,0,0,0,0
2025-403,Miami,Hard,32,A,,53,coleman-wong,,WC,Coleman Wong,R,0,HKG,0.0,daniel-altmaier,,,Daniel Altmaier,R,0,GER,0.0,6-4  6-3 .,3,R128,71,5,1,35,52,32,10,10,4,4,6,0,36,48,27,5,9,1,3,0,0,0,0
2025-410,Monte Carlo,Clay,32,A,,53,alexei-popyrin,,,Alexei Popyrin,R,0,AUS,0.0,frances-tiafoe,14,,Frances Tiafoe,R,0,USA,0.0,3-6  6-3  6-3 .,3,R32,124,7,2,51,99,32,23,14,10,16,7,6,52,79,35,9,13,4,8,0,0,0,0
2025-416,Rome,Clay,32,A,,53,aleksandar-vukic,,,Aleksandar Vukic,R,0,AUS,0.0,nicolas-moreno de alboran,,Q,Nicolas Moreno De Alboran,R,0,USA,0.0,7-6(2) 6-2 .,3,R128,91,6,1,38,64,29,17,10,3,4,3,0,46,60,29,9,10,5,8,0,0,0,0
2025-421,Toronto,Hard,32,A,,53,alex-michelsen,26,,Alex Michelsen,R,0,USA,0.0,tomas-barrios vera,,Q,Tomas Barrios Vera,R,0,CHI,0.0,7-6(7) 6-3 .,3,R64,116,5,1,50,89,30,19,11,8,12,13,8,36,70,27,17,10,5,7,0,0,0,0
2025-418,Washington,Clay,32,A,,53,alejandro-davidovich fokina,12,,Alejandro Davidovich Fokina,R,0,ESP,0.0,learner-tien,,,Learner Tien,R,0,USA,0.0,6-2  6-2 .,3,R16,70,2,1,27,48,20,14,8,1,1,5,4,25,55,14,13,8,1,5,0,0,0,0
2025-422,Cincinnati,Hard,32,A,,53,camilo-ugo carabelli,,,Camilo Ugo Carabelli,R,0,ARG,0.0,kei-nishikori,,,Kei Nishikori,R,0,JPN,0.0,7-5  6-3 .,3,R128,97,4,3,37,67,30,15,11,2,3,2,4,44,73,28,13,10,5,8,0,0,0,0
2025-404,Indian Wells,Hard,32,A,,52,zizou-bergs,,,Zizou Bergs,R,0,BEL,0.0,ethan-quinn,,Q,Ethan Quinn,R,0,USA,0.0,7-6(2) 6-3 .,3,R128,106,5,1,46,75,34,17,11,4,5,5,1,46,73,28,15,10,5,7,0,0,0,0
2025-1536,Madrid,Clay,32,A,,52,roberto-bautista agut,,,Roberto Bautista Agut,R,0,ESP,0.0,jaume-munar,,,Jaume Munar,R,0,ESP,0.0,6-4  2-6  6-3 .,3,R128,137,2,0,55,85,35,13,14,7,12,6,1,48,73,33,8,13,1,6,0,0,0,0
2025-403,Miami,Hard,32,A,,52,alexander-bublik,,,Alexander Bublik,R,0,KAZ,0.0,sebastian-baez,,,Sebastian Baez,R,0,ARG,0.0,6-3  6-4 .,3,R128,69,9,3,34,54,30,10,10,2,3,0,1,40,51,25,6,9,3,6,0,0,0,0
2025-410,Monte Carlo,Clay,32,A,,52,grigor-dimitrov,15,,Grigor Dimitrov,R,0,BUL,0.0,valentin-vacherot,,WC,Valentin Vacherot,R,0,MON,0.0,4-6  6-3  6-1 .,3,R32,111,0,1,56,75,30,5,13,3,10,4,3,45,79,31,16,13,7,11,0,0,0,0
2025-416,Rome,Clay,32,A,,52,roman andres-burruchaga,,Q,Roman Andres Burruchaga,R,0,ARG,0.0,lorenzo-sonego,,,Lorenzo Sonego,R,0,ITA,0.0,6-2  6-3 .,3,R128,92,1,4,33,57,18,9,9,3,8,0,1,39,58,25,10,8,3,4,0,0,0,0
2025-421,Toronto,Hard,32,A,,52,alexandre-muller,29,,Alexandre Muller,R,0,FRA,0.0,miomir-kecmanovic,,,Miomir Kecmanovic,R,0,SRB,0.0,2-6  6-3  7-5 .,3,R64,127,7,4,63,100,43,17,15,8,12,2,2,35,72,28,19,14,2,6,0,0,0,0
2025-418,Washington,Clay,32,A,,52,brandon-nakashima,14,,Brandon Nakashima,R,0,USA,0.0,cameron-norrie,,,Cameron Norrie,R,0,GBR,0.0,7-6(3) 6-3 .,3,R16,107,12,0,37,60,29,16,10,2,2,3,4,50,75,35,10,11,3,5,0,0,0,0
2025-422,Cincinnati,Hard,32,A,,52,adam-walton,,,Adam Walton,R,0,AUS,0.0,mariano-navone,,LL,Mariano Navone,R,0,ARG,0.0,4-6  7-6(3) 6-1 .,3,R128,159,1,4,46,96,34,28,14,6,9,7,9,51,106,34,25,15,6,11,0,0,0,0
2025-404,Indian Wells,Hard,32,A,,51,tristan-boyer,,WC,Tristan Boyer,R,0,USA,0.0,aleksandar-vukic,,,Aleksandar Vukic,R,0,AUS,0.0,4-6  6-2  7-6(4).,3,R128,139,6,2,61,93,41,19,15,4,7,10,8,56,101,41,21,15,6,10,0,0,0,0
2025-1536,Madrid,Clay,32,A,,51,benjamin-bonzi,,,Benjamin Bonzi,R,0,FRA,0.0,marin-cilic,,WC,Marin Cilic,R,0,CRO,0.0,6-3  6-2 .,3,R128,93,6,1,45,66,30,16,9,5,5,3,3,23,55,16,15,8,2,5,0,0,0,0
2025-403,Miami,Hard,32,A,,51,roberto-carballes baena,,,Roberto Carballes Baena,R,0,ESP,0.0,christopher-o'connell,,Q,Christopher O'Connell,R,0,AUS,0.0,6-3  3-6  7-6(5).,3,R128,154,12,3,74,113,46,23,15,7,10,7,3,56,93,42,18,15,2,5,0,0,0,0
2025-410,Monte Carlo,Clay,32,A,,51,daniel-altmaier,,Q,Daniel Altmaier,R,0,GER,0.0,richard-gasquet,,WC,Richard Gasquet,R,0,FRA,0.0,7-5  5-7  6-2 .,3,R32,156,6,4,55,104,43,18,16,8,13,1,6,48,89,30,19,16,4,11,0,0,0,0
2025-416,Rome,Clay,32,A,,51,francisco-comesana,,,Francisco Comesana,R,0,ARG,0.0,daniel-altmaier,,,Daniel Altmaier,R,0,GER,0.0,6-1  7-5 .,3,R128,82,5,2,31,58,18,8,9,4,9,7,4,37,59,28,12,10,4,6,0,0,0,0
2025-421,Toronto,Hard,32,A,,51,nuno-borges,30,,Nuno Borges,R,0,POR,0.0,facundo-bagnis,,Q,Facundo Bagnis,R,0,ARG,0.0,5-7  7-6(3) 6-2 .,3,R64,169,15,0,73,111,55,22,16,3,4,5,1,92,134,62,21,16,11,13,0,0,0,0
2025-418,Washington,Clay,32,A,,51,corentin-moutet,,LL,Corentin Moutet,R,0,FRA,0.0,daniel-evans,,WC,Daniel Evans,R,0,GBR,0.0,6-2  7-6(4).,3,R16,100,2,3,37,62,20,13,10,3,7,3,5,29,56,23,15,10,0,2,0,0,0,0
2025-422,Cincinnati,Hard,32,A,,51,terence-atmane,,Q,Terence Atmane,R,0,FRA,0.0,yoshihito-nishioka,,,Yoshihito Nishioka,R,0,JPN,0.0,6-2  6-2 .,3,R128,80,7,2,28,44,23,8,8,2,3,2,5,51,81,29,9,8,14,19,0,0,0,0
2025-404,Indian Wells,Hard,32,A,,50,yunchaokete-bu,,,Yunchaokete Bu,R,0,CHN,0.0,nishesh-basavareddy,,WC,Nishesh Basavareddy,R,0,USA,0.0,7-5  6-4 .,3,R128,102,1,1,33,62,27,17,11,0,1,3,4,37,68,29,12,11,4,7,0,0,0,0
2025-1536,Madrid,Clay,32,A,,50,nuno-borges,,,Nuno Borges,R,0,POR,0.0,pablo-carreno busta,,WC,Pablo Carreno Busta,R,0,ESP,0.0,6-7(7) 7-6(3) 6-3 .,3,R128,152,10,2,63,106,50,28,17,2,2,3,2,56,99,43,28,16,3,4,0,0,0,0
2025-403,Miami,Hard,32,A,,50,federico-cina,,WC,Federico Cina,R,0,ITA,0.0,francisco-comesana,,Q,Francisco Comesana,R,0,ARG,0.0,7-6(4) 7-6(2).,3,R128,107,15,2,53,79,36,16,12,2,4,3,1,64,84,46,10,12,3,5,0,0,0,0
2025-410,Monte Carlo,Clay,32,A,,50,nuno-borges,,,Nuno Borges,R,0,POR,0.0,pedro-martinez,,,Pedro Martinez,R,0,ESP,0.0,7-5 6-7(4) 6-4 .,3,R32,188,10,4,67,113,45,26,17,6,9,3,5,94,132,57,20,17,12,17,0,0,0,0
2025-416,Rome,Clay,32,A,,50,luciano-darderi,,,Luciano Darderi,R,0,ITA,0.0,yunchaokete-bu,,,Yunchaokete Bu,R,0,CHN,0.0,7-6(4) 6-3 .,3,R128,111,4,2,35,70,27,18,11,1,3,7,3,36,65,26,20,10,2,2,0,0,0,0
2025-421,Toronto,Hard,32,A,,50,matteo-arnaldi,32,,Matteo Arnaldi,R,0,ITA,0.0,tristan-schoolkate,,Q,Tristan Schoolkate,R,0,AUS,0.0,6-3  3-6  6-3 .,3,R64,129,6,7,46,84,35,18,13,6,9,12,8,48,96,40,22,14,6,8,0,0,0,0
2025-418,Washington,Clay,32,A,,50,taylor-fritz,1,,Taylor Fritz,R,0,USA,0.0,aleksandar-vukic,,,Aleksandar Vukic,R,0,AUS,0.0,6-3  6-2 .,3,R32,59,11,2,33,48,29,9,9,1,1,9,1,32,52,21,8,8,1,4,0,0,0,0
2025-422,Cincinnati,Hard,32,A,,50,sebastian-baez,,,Sebastian Baez,R,0,ARG,0.0,david-goffin,,,David Goffin,R,0,BEL,0.0,6-1  6-3 .,3,R128,76,2,2,37,59,29,12,8,4,4,3,3,35,61,19,12,8,4,8,0,0,0,0
2025-9900,Perth Sydney,Hard,32,A,,50,taylor-fritz,1,,Taylor Fritz,R,0,USA,0.0,hubert-hurkacz,2,,Hubert Hurkacz,R,0,POL,0.0,6-4  5-7  7-6(4).,3,F,138,13,3,65,62,82,59,17,0,0,17,0,67,64,80,63,17,50,1,0,0,0,0
2025-425,Barcelona,Clay,32,A,,49,holger-rune,6,,Holger Rune,R,0,DEN,0.0,carlos-alcaraz,1,,Carlos Alcaraz,R,0,ESP,0.0,7-6(6) 6-2 .,3,F,100,1,0,40,57,26,9,10,2,5,0,1,52,72,36,11,10,4,5,0,0,0,0
2025-339,Brisbane,Hard,32,A,,49,jiri-lehecka,,,Jiri Lehecka,R,0,CZE,0.0,reilly-opelka,PR,,Reilly Opelka,R,0,USA,0.0,4-1 RET.,3,F,13,0,0,9,9,4,0,2,0,1,3,0,10,15,10,2,3,0,0,0,0,0,0
2025-404,Indian Wells,Hard,32,A,,49,gabriel-diallo,,LL,Gabriel Diallo,R,0,CAN,0.0,zhizhen-zhang,,,Zhizhen Zhang,R,0,CHN,0.0,2-6  6-2  7-6(7).,3,R128,168,11,2,64,96,49,16,14,7,9,9,3,69,100,48,17,14,6,8,0,0,0,0
2025-1536,Madrid,Clay,32,A,,49,alexander-bublik,,,Alexander Bublik,R,0,KAZ,0.0,alex-michelsen,,,Alex Michelsen,R,0,USA,0.0,7-6(2) 7-6(4).,3,R128,105,1,0,61,86,46,10,12,7,8,11,3,61,93,44,19,12,8,9,0,0,0,0
2025-403,Miami,Hard,32,A,,49,david-goffin,,,David Goffin,R,0,BEL,0.0,aleksandar-vukic,,,Aleksandar Vukic,R,0,AUS,0.0,2-6  6-4  6-2 .,3,R128,103,4,2,45,77,34,11,13,2,6,12,2,43,76,34,15,13,3,6,0,0,0,0
2025-410,Monte Carlo,Clay,32,A,,49,alejandro-davidovich fokina,,,Alejandro Davidovich Fokina,R,0,ESP,0.0,tomas martin-etcheverry,,,Tomas Martin Etcheverry,R,0,ARG,0.0,7-6(2) 6-3 .,3,R32,113,6,2,44,82,28,17,11,6,9,4,2,41,70,31,17,10,7,8,0,0,0,0
2025-416,Rome,Clay,32,A,,49,laslo-djere,,,Laslo Djere,R,0,SRB,0.0,tomas martin-etcheverry,,,Tomas Martin Etcheverry,R,0,ARG,0.0,6-3  6-2 .,3,R128,74,1,2,25,41,21,12,8,0,0,2,2,32,51,21,7,9,3,7,0,0,0,0
2025-421,Toronto,Hard,32,A,,49,emilio-nava,,Q,Emilio Nava,R,0,USA,0.0,terence-atmane,,,Terence Atmane,R,0,FRA,0.0,6-2  7-5 .,3,R64,87,8,5,39,62,35,8,10,1,1,4,5,37,66,25,14,10,6,9,0,0,0,0
2025-418,Washington,Clay,32,A,,49,learner-tien,,,Learner Tien,R,0,USA,0.0,andrey-rublev,5,,Andrey Rublev,R,0,RUS,0.0,7-5  6-2 .,3,R32,91,6,5,44,77,28,20,10,7,8,6,8,33,62,26,9,10,2,6,0,0,0,0
2025-422,Cincinnati,Hard,32,A,,49,zizou-bergs,,,Zizou Bergs,R,0,BEL,0.0,jacob-fearnley,,,Jacob Fearnley,R,0,GBR,0.0,6-1  6-4 .,3,R128,80,8,6,29,56,25,12,9,1,2,2,6,31,51,20,6,8,5,9,0,0,0,0
2025-425,Barcelona,Clay,32,A,,48,carlos-alcaraz,1,,Carlos Alcaraz,R,0,ESP,0.0,arthur-fils,7,,Arthur Fils,R,0,FRA,0.0,6-2  6-4 .,3,SF,75,2,2,39,53,30,9,9,1,1,3,4,36,56,21,10,9,2,5,0,0,0,0
2025-339,Brisbane,Hard,32,A,,48,jiri-lehecka,,,Jiri Lehecka,R,0,CZE,0.0,grigor-dimitrov,2,,Grigor Dimitrov,R,0,BUL,0.0,6-4 4-4 RET.,3,SF,83,4,3,26,52,22,17,9,0,0,6,2,32,49,24,12,9,1,2,0,0,0,0
2025-404,Indian Wells,Hard,32,A,,48,damir-dzumhur,,Q,Damir Dzumhur,R,0,BIH,0.0,roberto-bautista agut,,,Roberto Bautista Agut,R,0,ESP,0.0,6-4  1-6  7-6(4).,3,R128,149,2,2,61,102,37,23,15,4,8,1,1,57,86,36,13,14,3,8,0,0,0,0
2025-1536,Madrid,Clay,32,A,,48,juan manuel-cerundolo,,Q,Juan Manuel Cerundolo,R,0,ARG,0.0,aleksandar-kovacevic,,,Aleksandar Kovacevic,R,0,USA,0.0,3-6  7-5  6-2 .,3,R128,146,9,6,68,105,50,18,14,9,10,3,4,48,88,36,21,15,5,8,0,0,0,0
2025-403,Miami,Hard,32,A,,48,quentin-halys,,,Quentin Halys,R,0,FRA,0.0,thiago-seyboth wild,,,Thiago Seyboth Wild,R,0,BRA,0.0,6-3  6-4 .,3,R128,75,8,1,39,54,28,6,9,4,6,13,3,35,62,29,15,10,1,1,0,0,0,0
2025-410,Monte Carlo,Clay,32,A,,48,matteo-berrettini,,,Matteo Berrettini,R,0,ITA,0.0,alexander-zverev,1,,Alexander Zverev,R,0,GER,0.0,2-6  6-3  7-5 .,3,R32,148,6,6,60,85,38,16,14,4,7,4,0,56,87,39,17,15,2,5,0,0,0,0
2025-416,Rome,Clay,32,A,,48,vilius-gaubas,,Q,Vilius Gaubas,R,0,LTU,0.0,damir-dzumhur,,,Damir Dzumhur,R,0,BIH,0.0,7-6(3) 2-6  6-4 .,3,R128,147,0,0,77,103,43,15,15,6,12,0,1,54,85,36,12,15,2,7,0,0,0,0
2025-421,Toronto,Hard,32,A,,48,corentin-moutet,,,Corentin Moutet,R,0,FRA,0.0,jenson-brooksby,PR,,Jenson Brooksby,R,0,USA,0.0,6-2  6-1 .,3,R128,73,1,1,18,37,15,11,7,0,1,2,5,30,53,15,6,8,8,14,0,0,0,0
2025-418,Washington,Clay,32,A,,48,frances-tiafoe,6,,Frances Tiafoe,R,0,USA,0.0,aleksandar-kovacevic,,,Aleksandar Kovacevic,R,0,USA,0.0,7-5  3-6  6-3 .,3,R32,115,12,3,58,84,42,16,15,3,5,12,3,46,80,40,21,15,2,3,0,0,0,0
2025-422,Cincinnati,Hard,32,A,,48,benjamin-bonzi,,,Benjamin Bonzi,R,0,FRA,0.0,matteo-arnaldi,,,Matteo Arnaldi,R,0,ITA,0.0,6-7(1) 6-3  6-4 .,3,R128,177,5,2,72,128,53,31,16,10,10,4,6,48,95,35,28,15,4,6,0,0,0,0
2025-9900,Perth Sydney,Hard,32,A,,48,taylor-fritz,1,,Taylor Fritz,R,0,USA,0.0,tomas-machac,8,,Tomas Machac,R,0,CZE,0.0,7-6(4) 6-5 RET.,3,SF,111,0,0,0,0,0,0,0,0,0,0,0,0,0,0,0,0,0,0,0,0,0,0
2025-425,Barcelona,Clay,32,A,,47,holger-rune,6,,Holger Rune,R,0,DEN,0.0,karen-khachanov,,,Karen Khachanov,R,0,RUS,0.0,6-3  6-2 .,3,SF,67,0,2,28,47,13,11,9,2,6,2,1,30,43,22,11,8,0,0,0,0,0,0
2025-339,Brisbane,Hard,32,A,,47,reilly-opelka,PR,,Reilly Opelka,R,0,USA,0.0,giovanni-mpetshi perricard,,,Giovanni Mpetshi Perricard,R,0,FRA,0.0,6-3  7-6(4).,3,SF,86,12,2,45,64,38,13,11,4,4,10,5,48,69,38,9,10,1,2,0,0,0,0
2025-404,Indian Wells,Hard,32,A,,47,marcos-giron,,,Marcos Giron,R,0,USA,0.0,nikoloz-basilashvili,,Q,Nikoloz Basilashvili,R,0,GEO,0.0,7-5  7-6(3).,3,R128,110,11,1,45,72,33,16,12,1,2,2,2,46,93,32,24,12,5,7,0,0,0,0
2025-1536,Madrid,Clay,32,A,,47,federico-cina,,WC,Federico Cina,R,0,ITA,0.0,coleman-wong,,WC,Coleman Wong,R,0,HKG,0.0,7-6(5) 6-1 .,3,R128,78,1,0,42,63,32,15,10,2,2,2,0,41,58,28,10,9,2,4,0,0,0,0
2025-403,Miami,Hard,32,A,,47,rinky-hijikata,,,Rinky Hijikata,R,0,AUS,0.0,hamad-medjedovic,,,Hamad Medjedovic,R,0,SRB,0.0,7-5  3-6  7-5 .,3,R128,147,4,2,67,95,44,13,16,6,11,14,3,70,107,44,18,17,4,10,0,0,0,0
2025-410,Monte Carlo,Clay,32,A,,47,jack-draper,5,,Jack Draper,R,0,GBR,0.0,marcos-giron,,,Marcos Giron,R,0,USA,0.0,6-1  6-1 .,3,R32,61,5,2,27,43,22,9,7,4,4,0,0,21,46,14,6,7,5,10,0,0,0,0
2025-416,Rome,Clay,32,A,,47,tallon-griekspoor,,,Tallon Griekspoor,R,0,NED,0.0,miomir-kecmanovic,,,Miomir Kecmanovic,R,0,SRB,0.0,4-6  6-3  6-0 .,3,R128,94,16,1,54,73,43,8,13,2,4,3,6,46,71,28,8,12,2,7,0,0,0,0
2025-421,Toronto,Hard,32,A,,47,tristan-boyer,,Q,Tristan Boyer,R,0,USA,0.0,aleksandar-kovacevic,,,Aleksandar Kovacevic,R,0,USA,0.0,7-5  7-6(3).,3,R128,121,5,3,46,79,38,17,12,2,2,12,9,56,97,41,18,12,6,7,0,0,0,0
2025-418,Washington,Clay,32,A,,47,alex-de minaur,7,,Alex de Minaur,R,0,AUS,0.0,yunchaokete-bu,,,Yunchaokete Bu,R,0,CHN,0.0,7-6(5) 6-2 .,3,R32,109,2,1,40,67,29,18,10,2,3,6,3,28,64,20,18,10,4,7,0,0,0,0
2025-422,Cincinnati,Hard,32,A,,47,roberto-carballes baena,,,Roberto Carballes Baena,R,0,ESP,0.0,hugo-gaston,,,Hugo Gaston,R,0,FRA,0.0,6-4  5-7  6-3 .,3,R128,154,1,4,57,100,41,24,16,6,9,3,2,52,79,36,14,15,2,6,0,0,0,0
2025-425,Barcelona,Clay,32,A,,46,carlos-alcaraz,1,,Carlos Alcaraz,R,0,ESP,0.0,alex-de minaur,5,,Alex de Minaur,R,0,AUS,0.0,7-5  6-3 .,3,QF,99,0,2,43,62,31,9,11,1,3,1,6,40,77,23,19,10,4,8,0,0,0,0
2025-339,Brisbane,Hard,32,A,,46,reilly-opelka,PR,,Reilly Opelka,R,0,USA,0.0,novak-djokovic,1,,Novak Djokovic,R,0,SRB,0.0,7-6(6) 6-3 .,3,QF,100,8,1,53,73,38,12,10,4,5,16,1,49,64,38,13,11,1,1,0,0,0,0
2025-404,Indian Wells,Hard,32,A,,46,tallon-griekspoor,,,Tallon Griekspoor,R,0,NED,0.0,miomir-kecmanovic,,,Miomir Kecmanovic,R,0,SRB,0.0,6-7(5) 6-4  6-3 .,3,R128,135,6,3,55,93,43,19,16,2,5,12,6,59,99,46,23,15,3,3,0,0,0,0
2025-1536,Madrid,Clay,32,A,,46,flavio-cobolli,,,Flavio Cobolli,R,0,ITA,0.0,fabian-marozsan,,,Fabian Marozsan,R,0,HUN,0.0,7-6(4) 7-5 .,3,R128,115,3,6,56,95,39,14,12,7,10,3,3,47,84,31,20,12,5,7,0,0,0,0
2025-403,Miami,Hard,32,A,,46,miomir-kecmanovic,,,Miomir Kecmanovic,R,0,SRB,0.0,aleksandar-kovacevic,,,Aleksandar Kovacevic,R,0,USA,0.0,6-4  6-4 .,3,R128,91,10,2,34,57,27,11,10,1,3,7,3,48,81,39,14,10,9,9,0,0,0,0
2025-410,Monte Carlo,Clay,32,A,,46,stefanos-tsitsipas,6,,Stefanos Tsitsipas,R,0,GRE,0.0,jordan-thompson,,,Jordan Thompson,R,0,AUS,0.0,4-6  6-4  6-2 .,3,R32,121,5,1,48,78,34,15,14,5,9,6,2,40,82,32,25,14,5,7,0,0,0,0
2025-416,Rome,Clay,32,A,,46,vit-kopriva,,Q,Vit Kopriva,R,0,CZE,0.0,quentin-halys,,,Quentin Halys,R,0,FRA,0.0,6-4  6-3 .,3,R128,93,2,5,33,56,26,11,9,1,2,3,2,48,72,33,6,10,5,9,0,0,0,0
2025-421,Toronto,Hard,32,A,,46,yunchaokete-bu,,,Yunchaokete Bu,R,0,CHN,0.0,vit-kopriva,,,Vit Kopriva,R,0,CZE,0.0,7-6(4) 6-2 .,3,R128,110,3,6,39,75,28,12,10,11,14,11,0,35,68,30,15,10,2,3,0,0,0,0
2025-418,Washington,Clay,32,A,,46,daniil-medvedev,8,,Daniil Medvedev,R,0,RUS,0.0,reilly-opelka,,,Reilly Opelka,R,0,USA,0.0,3-6  7-5  6-1 .,3,R32,120,14,6,46,76,40,16,14,1,2,16,7,56,99,43,19,14,10,13,0,0,0,0
2025-422,Cincinnati,Hard,32,A,,46,tomas martin-etcheverry,,,Tomas Martin Etcheverry,R,0,ARG,0.0,juncheng-shang,,,Juncheng Shang,R,0,CHN,0.0,6-7(5) 7-6(4) 6-4 .,3,R128,219,16,2,66,120,47,32,17,5,7,5,3,73,114,56,18,17,3,6,0,0,0,0
2025-9900,Perth Sydney,Hard,32,A,,46,hubert-hurkacz,2,,Hubert Hurkacz,R,0,POL,0.0,alexander-shevchenko,9,,Alexander Shevchenko,R,0,KAZ,0.0,6-3  6-2 .,3,SF,58,1,1,69,34,53,60,8,25,1,10,0,76,35,80,73,9,0,0,0,0,0,0
2025-425,Barcelona,Clay,32,A,,45,holger-rune,6,,Holger Rune,R,0,DEN,0.0,casper-ruud,2,,Casper Ruud,R,0,NOR,0.0,6-4  6-2 .,3,QF,87,0,2,29,55,23,13,9,3,4,2,3,30,58,18,13,9,3,7,0,0,0,0
2025-339,Brisbane,Hard,32,A,,45,grigor-dimitrov,2,,Grigor Dimitrov,R,0,BUL,0.0,jordan-thompson,8,,Jordan Thompson,R,0,AUS,0.0,6-1 2-1 RET.,3,QF,43,1,1,12,26,7,6,5,1,4,1,1,21,31,19,5,5,0,0,0,0,0,0
2025-404,Indian Wells,Hard,32,A,,45,fabian-marozsan,,,Fabian Marozsan,R,0,HUN,0.0,pedro-martinez,,,Pedro Martinez,R,0,ESP,0.0,6-3  6-2 .,3,R128,63,10,0,31,46,25,12,9,1,1,1,3,31,49,22,5,8,5,8,0,0,0,0
2025-1536,Madrid,Clay,32,A,,45,francisco-comesana,,,Francisco Comesana,R,0,ARG,0.0,pedro-martinez,,,Pedro Martinez,R,0,ESP,0.0,6-4  6-4 .,3,R128,108,16,3,47,66,39,6,10,6,7,0,2,60,84,38,10,10,6,9,0,0,0,0
2025-403,Miami,Hard,32,A,,45,nick-kyrgios,PR,,Nick Kyrgios,R,0,AUS,0.0,mackenzie-mcdonald,,Q,Mackenzie McDonald,R,0,USA,0.0,3-6  6-3  6-4 .,3,R128,103,7,2,60,84,39,13,14,4,7,13,3,58,75,45,7,14,1,3,0,0,0,0
2025-410,Monte Carlo,Clay,32,A,,45,nuno-borges,,,Nuno Borges,R,0,POR,0.0,holger-rune,10,,Holger Rune,R,0,DEN,0.0,6-2 3-0 RET.,3,R64,42,0,2,16,30,11,3,5,1,4,6,0,27,37,22,4,6,2,2,0,0,0,0
2025-416,Rome,Clay,32,A,,45,dusan-lajovic,,Q,Dusan Lajovic,R,0,SRB,0.0,yoshihito-nishioka,,,Yoshihito Nishioka,R,0,JPN,0.0,7-5  6-1 .,3,R128,80,1,3,29,55,19,12,9,6,10,5,1,41,60,32,8,10,2,3,0,0,0,0
2025-421,Toronto,Hard,32,A,,45,roberto-carballes baena,,,Roberto Carballes Baena,R,0,ESP,0.0,camilo-ugo carabelli,,,Camilo Ugo Carabelli,R,0,ARG,0.0,6-4 4-1 RET.,3,R128,77,0,1,18,36,14,12,7,1,2,3,2,27,60,17,14,8,6,10,0,0,0,0
2025-418,Washington,Clay,32,A,,45,flavio-cobolli,9,,Flavio Cobolli,R,0,ITA,0.0,yoshihito-nishioka,,,Yoshihito Nishioka,R,0,JPN,0.0,6-2  7-6(3).,3,R32,89,10,5,39,71,32,13,10,3,5,2,3,31,64,17,17,10,1,5,0,0,0,0
2025-422,Cincinnati,Hard,32,A,,45,joao-fonseca,,,Joao Fonseca,R,0,BRA,0.0,yunchaokete-bu,,,Yunchaokete Bu,R,0,CHN,0.0,4-6  6-2  7-5 .,3,R128,139,13,5,59,86,45,14,15,3,5,8,4,39,93,29,25,15,4,8,0,0,0,0
2025-425,Barcelona,Clay,32,A,,44,arthur-fils,7,,Arthur Fils,R,0,FRA,0.0,stefanos-tsitsipas,3,,Stefanos Tsitsipas,R,0,GRE,0.0,2-0 RET.,3,QF,17,0,1,5,10,2,1,1,1,2,0,0,4,6,3,1,1,0,0,0,0,0,0
2025-339,Brisbane,Hard,32,A,,44,jiri-lehecka,,,Jiri Lehecka,R,0,CZE,0.0,nicolas-jarry,,,Nicolas Jarry,R,0,CHI,0.0,6-4  6-4 .,3,QF,89,8,2,39,62,28,11,10,3,5,10,2,39,66,31,14,10,5,5,0,0,0,0
2025-404,Indian Wells,Hard,32,A,,44,corentin-moutet,,,Corentin Moutet,R,0,FRA,0.0,jordan-thompson,,,Jordan Thompson,R,0,AUS,0.0,6-4  4-6  6-3 .,3,R128,160,4,2,52,87,36,19,15,1,4,2,4,50,106,33,29,14,11,15,0,0,0,0
2025-1536,Madrid,Clay,32,A,,44,laslo-djere,,,Laslo Djere,R,0,SRB,0.0,fabio-fognini,,Q,Fabio Fognini,R,0,ITA,0.0,6-2  6-3 .,3,R128,67,0,7,27,58,16,13,8,4,8,7,1,34,46,28,9,9,3,4,0,0,0,0
2025-403,Miami,Hard,32,A,,44,gael-monfils,,,Gael Monfils,R,0,FRA,0.0,fabian-marozsan,,,Fabian Marozsan,R,0,HUN,0.0,6-3  3-6  6-4 .,3,R128,105,15,3,54,83,42,15,14,5,7,5,0,71,93,45,12,14,4,7,0,0,0,0
2025-410,Monte Carlo,Clay,32,A,,44,arthur-fils,12,,Arthur Fils,R,0,FRA,0.0,tallon-griekspoor,,,Tallon Griekspoor,R,0,NED,0.0,6-7(3) 6-4  6-2 .,3,R64,159,6,7,75,120,55,18,15,13,16,7,6,68,110,53,23,15,5,5,0,0,0,0
2025-416,Rome,Clay,32,A,,44,corentin-moutet,,,Corentin Moutet,R,0,FRA,0.0,rinky-hijikata,,,Rinky Hijikata,R,0,AUS,0.0,3-6  6-1  7-5 .,3,R128,153,1,1,53,87,32,19,14,6,11,1,6,61,100,38,23,14,9,12,0,0,0,0
2025-421,Toronto,Hard,32,A,,44,pablo-carreno busta,,,Pablo Carreno Busta,R,0,ESP,0.0,liam-draxl,,WC,Liam Draxl,R,0,CAN,0.0,2-6  6-4  6-4 .,3,R128,141,0,0,0,0,0,0,0,0,0,0,0,0,0,0,0,0,0,0,0,0,0,0
2025-418,Washington,Clay,32,A,,44,yibing-wu,,Q,Yibing Wu,R,0,CHN,0.0,alexei-popyrin,10,,Alexei Popyrin,R,0,AUS,0.0,7-5  5-7  6-3 .,3,R32,157,8,7,65,113,44,29,17,8,10,13,3,54,90,39,17,16,2,5,0,0,0,0
2025-422,Cincinnati,Hard,32,A,,44,daniel elahi-galan,,Q,Daniel Elahi Galan,R,0,COL,0.0,vit-kopriva,,,Vit Kopriva,R,0,CZE,0.0,6-2  6-4 .,3,R128,99,6,5,34,64,27,12,9,4,6,1,6,35,67,18,14,9,6,11,0,0,0,0
2025-9900,Perth Sydney,Hard,32,A,,44,tomas-machac,8,,Tomas Machac,R,0,CZE,0.0,flavio-cobolli,4,,Flavio Cobolli,R,0,ITA,0.0,6-1  6-2 .,3,QF,54,1,4,54,19,53,38,7,0,0,9,2,63,27,85,69,8,0,0,0,0,0,0
2025-807,Acapulco,Hard,32,A,,43,tomas-machac,8,,Tomas Machac,R,0,CZE,0.0,alejandro-davidovich fokina,,,Alejandro Davidovich Fokina,R,0,ESP,0.0,7-6(6) 6-2 .,3,F,97,11,2,39,61,37,12,10,1,1,4,2,42,71,26,18,10,1,3,0,0,0,0
2025-425,Barcelona,Clay,32,A,,43,karen-khachanov,,,Karen Khachanov,R,0,RUS,0.0,alejandro-davidovich fokina,,,Alejandro Davidovich Fokina,R,0,ESP,0.0,6-4  7-5 .,3,QF,105,6,1,45,71,30,12,11,7,10,4,1,40,68,25,14,11,7,12,0,0,0,0
2025-339,Brisbane,Hard,32,A,,43,giovanni-mpetshi perricard,,,Giovanni Mpetshi Perricard,R,0,FRA,0.0,jakub-mensik,,,Jakub Mensik,R,0,CZE,0.0,7-5  7-6(5).,3,QF,92,0,0,0,0,0,0,0,0,0,0,0,0,0,0,0,0,0,0,0,0,0,0
2025-424,Dallas,Hard,32,A,,43,denis-shapovalov,,,Denis Shapovalov,R,0,CAN,0.0,casper-ruud,2,,Casper Ruud,R,0,NOR,0.0,7-6(5) 6-3 .,3,F,100,13,2,50,73,36,15,11,1,1,5,1,55,73,35,12,10,4,5,0,0,0,0
2025-451,Doha,Hard,32,A,,43,andrey-rublev,5,,Andrey Rublev,R,0,RUS,0.0,jack-draper,8,,Jack Draper,R,0,GBR,0.0,7-5  5-7  6-1 .,3,F,124,12,2,59,90,41,17,15,4,7,10,0,57,85,45,19,16,2,3,0,0,0,0
2025-495,Dubai,Hard,32,A,,43,stefanos-tsitsipas,4,,Stefanos Tsitsipas,R,0,GRE,0.0,felix-auger-aliassime,,,Felix Auger-Aliassime,R,0,CAN,0.0,6-3  6-3 .,3,F,88,4,4,42,66,35,9,9,7,7,4,2,34,52,24,7,9,3,6,0,0,0,0
2025-500,Halle,Grass,32,A,,43,alexander-bublik,,,Alexander Bublik,R,0,KAZ,0.0,daniil-medvedev,3,,Daniil Medvedev,R,0,RUS,0.0,6-3  7-6(4).,3,F,81,11,5,48,69,38,14,11,2,2,11,3,44,68,32,12,10,3,4,0,0,0,0
2025-414,Hamburg,Clay,32,A,,43,flavio-cobolli,,,Flavio Cobolli,R,0,ITA,0.0,andrey-rublev,3,,Andrey Rublev,R,0,RUS,0.0,6-2  6-4 .,3,F,88,2,2,24,46,15,8,9,0,4,2,2,41,72,23,21,9,6,7,0,0,0,0
2025-404,Indian Wells,Hard,32,A,,43,kei-nishikori,,,Kei Nishikori,R,0,JPN,0.0,jaume-munar,,,Jaume Munar,R,0,ESP,0.0,6-2  5-7  7-6(3).,3,R128,177,6,6,65,98,40,17,16,3,8,2,6,86,128,55,20,16,10,14,0,0,0,0
2025-311,London,Grass,32,A,,43,carlos-alcaraz,1,,Carlos Alcaraz,R,0,ESP,0.0,jiri-lehecka,,,Jiri Lehecka,R,0,CZE,0.0,7-5 6-7(5) 6-2 .,3,F,128,18,2,54,83,47,21,16,0,0,7,2,55,100,39,25,16,2,5,0,0,0,0
2025-1536,Madrid,Clay,32,A,,43,harold-mayot,,Q,Harold Mayot,R,0,FRA,0.0,corentin-moutet,,,Corentin Moutet,R,0,FRA,0.0,6-3 3-2 RET.,3,R128,73,0,1,27,43,16,7,7,3,6,0,1,35,49,25,7,7,0,1,0,0,0,0
2025-403,Miami,Hard,32,A,,43,corentin-moutet,,,Corentin Moutet,R,0,FRA,0.0,alexander-blockx,,Q,Alexander Blockx,R,0,BEL,0.0,7-6(5) 6-4 .,3,R128,123,4,3,52,72,36,10,11,0,2,0,1,52,87,37,20,11,7,8,0,0,0,0
2025-410,Monte Carlo,Clay,32,A,,43,frances-tiafoe,14,,Frances Tiafoe,R,0,USA,0.0,miomir-kecmanovic,,,Miomir Kecmanovic,R,0,SRB,0.0,6-2  5-7  7-6(5).,3,R64,151,7,3,62,109,41,26,16,5,8,6,4,62,112,41,26,16,7,11,0,0,0,0
2025-308,Munich,Clay,32,A,,43,alexander-zverev,1,,Alexander Zverev,R,0,GER,0.0,ben-shelton,2,,Ben Shelton,R,0,USA,0.0,6-2  6-4 .,3,F,71,4,5,37,48,33,4,9,0,0,3,3,32,50,23,7,9,1,4,0,0,0,0
2025-6932,Rio De Janeiro,Clay,32,A,,43,sebastian-baez,5,,Sebastian Baez,R,0,ARG,0.0,alexandre-muller,,,Alexandre Muller,R,0,FRA,0.0,6-2  6-3 .,3,F,86,2,3,47,69,28,7,9,7,12,3,0,33,47,24,7,8,4,5,0,0,0,0
2025-416,Rome,Clay,32,A,,43,alexandre-muller,,,Alexandre Muller,R,0,FRA,0.0,jiri-lehecka,,,Jiri Lehecka,R,0,CZE,0.0,2-6  6-3  7-6(5).,3,R128,156,7,5,49,96,32,20,14,7,12,1,3,84,111,49,9,15,8,14,0,0,0,0
2025-407,Rotterdam,Hard,32,A,,43,carlos-alcaraz,1,,Carlos Alcaraz,R,0,ESP,0.0,alex-de minaur,3,,Alex de Minaur,R,0,AUS,0.0,6-4  3-6  6-2 .,3,F,114,2,1,51,76,34,16,13,3,5,1,4,48,78,35,14,14,4,8,0,0,0,0
2025-421,Toronto,Hard,32,A,,43,francisco-comesana,,,Francisco Comesana,R,0,ARG,0.0,damir-dzumhur,,,Damir Dzumhur,R,0,BIH,0.0,6-3  7-5 .,3,R128,86,11,3,31,55,28,10,11,0,2,0,6,42,62,25,9,10,3,7,0,0,0,0
2025-418,Washington,Clay,32,A,,43,jiri-lehecka,11,,Jiri Lehecka,R,0,CZE,0.0,zachary-svajda,,Q,Zachary Svajda,R,0,USA,0.0,6-4 6-7(5) 6-3 .,3,R32,124,9,4,47,91,33,26,15,1,4,11,1,55,87,46,20,16,0,1,0,0,0,0
2025-422,Cincinnati,Hard,32,A,,43,adrian-mannarino,,Q,Adrian Mannarino,R,0,FRA,0.0,jordan-thompson,,,Jordan Thompson,R,0,AUS,0.0,6-2  6-2 .,3,R128,88,4,1,36,68,21,13,8,4,8,5,1,27,45,23,11,8,1,1,0,0,0,0
2025-807,Acapulco,Hard,32,A,,42,tomas-machac,8,,Tomas Machac,R,0,CZE,0.0,brandon-nakashima,,,Brandon Nakashima,R,0,USA,0.0,6-4  1-6  6-4 .,3,SF,123,4,2,47,79,33,18,13,5,8,7,0,53,83,39,16,14,3,6,0,0,0,0
2025-425,Barcelona,Clay,32,A,,42,carlos-alcaraz,1,,Carlos Alcaraz,R,0,ESP,0.0,laslo-djere,,Q,Laslo Djere,R,0,SRB,0.0,6-2  6-4 .,3,R16,71,4,0,35,49,27,8,9,2,3,2,3,31,50,18,7,9,2,6,0,0,0,0
2025-339,Brisbane,Hard,32,A,,42,novak-djokovic,1,,Novak Djokovic,R,0,SRB,0.0,gael-monfils,,,Gael Monfils,R,0,FRA,0.0,6-3  6-3 .,3,R16,72,5,1,34,52,26,12,9,1,1,4,4,34,48,21,6,9,0,3,0,0,0,0
2025-424,Dallas,Hard,32,A,,42,casper-ruud,2,,Casper Ruud,R,0,NOR,0.0,jaume-munar,,,Jaume Munar,R,0,ESP,0.0,6-2  2-6  7-6(4).,3,SF,149,6,1,61,91,40,16,14,3,6,4,2,65,90,44,10,14,3,6,0,0,0,0
2025-451,Doha,Hard,32,A,,42,andrey-rublev,5,,Andrey Rublev,R,0,RUS,0.0,felix-auger-aliassime,,,Felix Auger-Aliassime,R,0,CAN,0.0,7-5  4-6  7-6(5).,3,SF,166,21,2,76,112,57,22,17,7,8,8,3,73,105,61,16,17,3,4,0,0,0,0
2025-495,Dubai,Hard,32,A,,42,stefanos-tsitsipas,4,,Stefanos Tsitsipas,R,0,GRE,0.0,tallon-griekspoor,,,Tallon Griekspoor,R,0,NED,0.0,6-4  6-4 .,3,SF,83,6,1,45,65,32,10,10,2,4,7,2,32,50,29,11,10,0,0,0,0,0,0
2025-500,Halle,Grass,32,A,,42,daniil-medvedev,3,,Daniil Medvedev,R,0,RUS,0.0,alexander-zverev,2,,Alexander Zverev,R,0,GER,0.0,7-6(3) 6-7(1) 6-4 .,3,SF,179,17,5,81,118,61,17,17,6,7,7,1,85,112,63,13,17,5,7,0,0,0,0
2025-414,Hamburg,Clay,32,A,,42,andrey-rublev,3,,Andrey Rublev,R,0,RUS,0.0,felix-auger-aliassime,6,,Felix Auger-Aliassime,R,0,CAN,0.0,6-1  6-4 .,3,SF,85,5,0,35,51,23,6,8,4,7,4,1,33,55,25,15,9,1,1,0,0,0,0
2025-404,Indian Wells,Hard,32,A,,42,cameron-norrie,,,Cameron Norrie,R,0,GBR,0.0,luca-nardi,,,Luca Nardi,R,0,ITA,0.0,6-0  6-3 .,3,R128,64,6,1,26,43,23,10,8,1,1,1,2,23,48,14,8,7,6,10,0,0,0,0
2025-311,London,Grass,32,A,,42,carlos-alcaraz,1,,Carlos Alcaraz,R,0,ESP,0.0,roberto-bautista agut,,,Roberto Bautista Agut,R,0,ESP,0.0,6-4  6-4 .,3,SF,89,15,1,41,58,30,13,10,1,1,1,1,55,72,33,9,10,4,6,0,0,0,0
2025-1536,Madrid,Clay,32,A,,42,gael-monfils,,,Gael Monfils,R,0,FRA,0.0,borna-gojo,,Q,Borna Gojo,R,0,CRO,0.0,1-6  6-2  6-4 .,3,R128,102,6,4,54,83,35,15,13,7,10,4,1,46,72,32,13,12,5,8,0,0,0,0
2025-403,Miami,Hard,32,A,,42,alexandre-muller,,,Alexandre Muller,R,0,FRA,0.0,rei-sakamoto,,Q,Rei Sakamoto,R,0,JPN,0.0,6-4  6-4 .,3,R128,81,2,1,43,55,36,7,10,1,1,5,0,59,77,39,9,10,5,7,0,0,0,0
2025-410,Monte Carlo,Clay,32,A,,42,grigor-dimitrov,15,,Grigor Dimitrov,R,0,BUL,0.0,nicolas-jarry,,,Nicolas Jarry,R,0,CHI,0.0,6-3  6-4 .,3,R64,106,4,3,41,63,22,12,9,8,12,1,4,39,75,28,17,10,7,9,0,0,0,0
2025-308,Munich,Clay,32,A,,42,alexander-zverev,1,,Alexander Zverev,R,0,GER,0.0,fabian-marozsan,,,Fabian Marozsan,R,0,HUN,0.0,7-6(3) 6-3 .,3,SF,91,9,2,47,69,35,13,11,0,1,1,3,34,62,23,17,10,1,3,0,0,0,0
2025-6932,Rio De Janeiro,Clay,32,A,,42,sebastian-baez,5,,Sebastian Baez,R,0,ARG,0.0,camilo-ugo carabelli,,LL,Camilo Ugo Carabelli,R,0,ARG,0.0,3-6  6-1  6-1 .,3,SF,105,7,0,49,65,31,11,11,3,5,1,1,43,70,29,7,12,4,10,0,0,0,0
2025-416,Rome,Clay,32,A,,42,cameron-norrie,,LL,Cameron Norrie,R,0,GBR,0.0,christopher-o'connell,,,Christopher O'Connell,R,0,AUS,0.0,6-3  6-2 .,3,R128,76,5,0,30,48,16,12,8,2,5,2,1,31,55,27,14,9,3,3,0,0,0,0
2025-407,Rotterdam,Hard,32,A,,42,carlos-alcaraz,1,,Carlos Alcaraz,R,0,ESP,0.0,hubert-hurkacz,8,,Hubert Hurkacz,R,0,POL,0.0,6-4 6-7(5) 6-3 .,3,SF,140,0,0,0,0,0,0,0,0,0,0,0,0,0,0,0,0,0,0,0,0,0,0
2025-421,Toronto,Hard,32,A,,42,alexis-galarneau,,WC,Alexis Galarneau,R,0,CAN,0.0,arthur-rinderknech,,,Arthur Rinderknech,R,0,FRA,0.0,7-6(2) 6-3 .,3,R128,96,11,4,44,67,32,8,10,6,8,5,2,44,69,36,14,11,2,3,0,0,0,0
2025-418,Washington,Clay,32,A,,42,alejandro-davidovich fokina,12,,Alejandro Davidovich Fokina,R,0,ESP,0.0,jaume-munar,,,Jaume Munar,R,0,ESP,0.0,6-4  6-2 .,3,R32,87,3,1,35,57,23,14,9,5,6,1,2,32,54,18,11,9,1,5,0,0,0,0
2025-422,Cincinnati,Hard,32,A,,42,fabian-marozsan,,,Fabian Marozsan,R,0,HUN,0.0,colton-smith,,Q,Colton Smith,R,0,USA,0.0,6-1  4-6  6-4 .,3,R128,132,3,7,57,95,42,15,13,8,11,4,5,60,94,46,16,14,6,7,0,0,0,0
2025-9900,Perth Sydney,Hard,32,A,,42,hubert-hurkacz,2,,Hubert Hurkacz,R,0,POL,0.0,billy-harris,6,,Billy Harris,R,0,GBR,0.0,7-6(3) 7-5 .,3,QF,105,18,0,76,51,88,56,12,100,3,7,2,68,54,78,48,12,67,2,0,0,0,0
2025-807,Acapulco,Hard,32,A,,41,alejandro-davidovich fokina,,,Alejandro Davidovich Fokina,R,0,ESP,0.0,denis-shapovalov,9,,Denis Shapovalov,R,0,CAN,0.0,7-6(3) 7-6(1).,3,SF,135,2,3,51,94,32,19,12,6,10,0,2,57,81,37,12,12,3,7,0,0,0,0
2025-425,Barcelona,Clay,32,A,,41,alejandro-davidovich fokina,,,Alejandro Davidovich Fokina,R,0,ESP,0.0,andrey-rublev,4,,Andrey Rublev,R,0,RUS,0.0,7-5  6-4 .,3,R16,114,1,4,63,86,38,11,11,8,11,0,2,44,73,28,11,11,5,10,0,0,0,0
2025-339,Brisbane,Hard,32,A,,41,giovanni-mpetshi perricard,,,Giovanni Mpetshi Perricard,R,0,FRA,0.0,frances-tiafoe,4,,Frances Tiafoe,R,0,USA,0.0,6-4  7-6(4).,3,R16,92,6,2,38,72,31,16,11,2,3,20,4,50,75,40,11,11,2,2,0,0,0,0
2025-424,Dallas,Hard,32,A,,41,denis-shapovalov,,,Denis Shapovalov,R,0,CAN,0.0,tommy-paul,3,,Tommy Paul,R,0,USA,0.0,7-5  6-3 .,3,SF,94,6,4,50,78,39,13,11,3,3,2,0,34,57,24,12,10,1,3,0,0,0,0
2025-451,Doha,Hard,32,A,,41,jack-draper,8,,Jack Draper,R,0,GBR,0.0,jiri-lehecka,,,Jiri Lehecka,R,0,CZE,0.0,3-6  7-6(2) 6-3 .,3,SF,142,7,1,72,124,49,25,16,7,10,14,1,51,82,45,13,14,0,2,0,0,0,0
2025-495,Dubai,Hard,32,A,,41,felix-auger-aliassime,,,Felix Auger-Aliassime,R,0,CAN,0.0,quentin-halys,,Q,Quentin Halys,R,0,FRA,0.0,5-7  6-4  6-3 .,3,SF,136,5,1,61,89,40,16,16,3,7,10,5,66,101,49,15,15,7,9,0,0,0,0
2025-500,Halle,Grass,32,A,,41,alexander-bublik,,,Alexander Bublik,R,0,KAZ,0.0,karen-khachanov,8,,Karen Khachanov,R,0,RUS,0.0,4-6  7-6(5) 6-4 .,3,SF,122,19,4,65,100,54,18,16,4,5,15,3,67,96,55,17,16,1,2,0,0,0,0
2025-414,Hamburg,Clay,32,A,,41,flavio-cobolli,,,Flavio Cobolli,R,0,ITA,0.0,tomas martin-etcheverry,,,Tomas Martin Etcheverry,R,0,ARG,0.0,2-6  7-5  6-4 .,3,SF,167,4,2,56,101,37,26,15,7,10,6,5,60,106,39,25,15,4,7,0,0,0,0
2025-404,Indian Wells,Hard,32,A,,41,christopher-o'connell,,,Christopher O'Connell,R,0,AUS,0.0,roberto-carballes baena,,,Roberto Carballes Baena,R,0,ESP,0.0,6-3  0-6  6-1 .,3,R128,116,2,3,57,85,33,15,11,9,13,2,3,40,62,25,12,11,5,8,0,0,0,0
2025-311,London,Grass,32,A,,41,jiri-lehecka,,,Jiri Lehecka,R,0,CZE,0.0,jack-draper,2,,Jack Draper,R,0,GBR,0.0,6-4  4-6  7-5 .,3,SF,127,16,4,57,95,44,22,16,5,6,14,3,55,88,45,17,16,3,5,0,0,0,0
2025-1536,Madrid,Clay,32,A,,41,mariano-navone,,,Mariano Navone,R,0,ARG,0.0,giovanni-mpetshi perricard,,,Giovanni Mpetshi Perricard,R,0,FRA,0.0,6-4  6-4 .,3,R128,84,4,1,46,69,34,8,10,4,6,2,1,37,53,30,12,10,1,1,0,0,0,0
2025-403,Miami,Hard,32,A,,41,jaume-munar,,,Jaume Munar,R,0,ESP,0.0,arthur-rinderknech,,,Arthur Rinderknech,R,0,FRA,0.0,6-3  7-6(5).,3,R128,106,13,3,51,75,36,11,10,4,5,3,2,43,71,34,14,11,0,0,0,0,0,0
2025-410,Monte Carlo,Clay,32,A,,41,roberto-bautista agut,,,Roberto Bautista Agut,R,0,ESP,0.0,brandon-nakashima,,,Brandon Nakashima,R,0,USA,0.0,6-2  6-4 .,3,R64,86,3,2,42,58,31,8,9,3,4,1,0,35,53,19,7,9,4,8,0,0,0,0
2025-308,Munich,Clay,32,A,,41,ben-shelton,2,,Ben Shelton,R,0,USA,0.0,francisco-cerundolo,5,,Francisco Cerundolo,R,0,ARG,0.0,2-6  7-6(7) 6-4 .,3,SF,127,1,4,58,90,37,21,15,2,5,6,6,53,94,36,23,15,1,5,0,0,0,0
2025-6932,Rio De Janeiro,Clay,32,A,,41,alexandre-muller,,,Alexandre Muller,R,0,FRA,0.0,francisco-comesana,,,Francisco Comesana,R,0,ARG,0.0,7-5 6-7(3) 6-3 .,3,SF,175,5,4,63,105,43,18,16,5,10,1,2,71,112,52,19,17,5,8,0,0,0,0
2025-416,Rome,Clay,32,A,,41,francesco-passaro,,WC,Francesco Passaro,R,0,ITA,0.0,chun-hsin-tseng,,Q,Chun-Hsin Tseng,R,0,TPE,0.0,6-0  2-6  6-3 .,3,R128,117,8,2,56,84,42,11,12,3,5,1,4,44,77,26,15,11,9,13,0,0,0,0
2025-407,Rotterdam,Hard,32,A,,41,alex-de minaur,3,,Alex de Minaur,R,0,AUS,0.0,mattia-bellucci,,Q,Mattia Bellucci,R,0,ITA,0.0,6-1  6-2 .,3,SF,67,1,1,18,44,14,18,8,0,0,0,2,24,45,17,5,7,0,4,0,0,0,0
2025-421,Toronto,Hard,32,A,,41,hugo-gaston,,,Hugo Gaston,R,0,FRA,0.0,mattia-bellucci,,,Mattia Bellucci,R,0,ITA,0.0,6-3 6-4 2-0 RET.,3,R128,115,4,5,26,67,17,21,10,6,10,2,3,43,81,25,21,11,5,9,0,0,0,0
2025-418,Washington,Clay,32,A,,41,matteo-arnaldi,,,Matteo Arnaldi,R,0,ITA,0.0,lorenzo-sonego,16,,Lorenzo Sonego,R,0,ITA,0.0,7-5  7-5 .,3,R32,126,4,6,38,70,30,17,12,2,4,4,3,51,77,31,14,12,4,8,0,0,0,0
2025-422,Cincinnati,Hard,32,A,,41,pedro-martinez,,,Pedro Martinez,R,0,ESP,0.0,nicolas-jarry,,WC,Nicolas Jarry,R,0,CHI,0.0,1-6  6-4  6-3 .,3,R128,152,3,6,56,94,34,21,13,7,10,15,5,47,73,35,13,13,3,6,0,0,0,0
2025-807,Acapulco,Hard,32,A,,40,tomas-machac,8,,Tomas Machac,R,0,CZE,0.0,learner-tien,,Q,Learner Tien,R,0,USA,0.0,6-3  7-5 .,3,QF,98,3,3,51,83,28,12,11,8,14,1,2,32,56,22,12,10,1,4,0,0,0,0
2025-425,Barcelona,Clay,32,A,,40,alex-de minaur,5,,Alex de Minaur,R,0,AUS,0.0,jacob-fearnley,,LL,Jacob Fearnley,R,0,GBR,0.0,6-1  6-2 .,3,R16,62,0,4,17,42,10,11,7,3,7,2,2,23,45,20,13,8,2,2,0,0,0,0
2025-339,Brisbane,Hard,32,A,,40,jakub-mensik,,,Jakub Mensik,R,0,CZE,0.0,dusan-lajovic,,LL,Dusan Lajovic,R,0,SRB,0.0,6-3  6-2 .,3,R16,65,4,0,38,51,27,9,9,2,3,5,1,43,55,21,6,8,5,9,0,0,0,0
2025-424,Dallas,Hard,32,A,,40,casper-ruud,2,,Casper Ruud,R,0,NOR,0.0,yoshihito-nishioka,,,Yoshihito Nishioka,R,0,JPN,0.0,7-5 3-2 RET.,3,QF,80,1,0,46,60,30,5,8,5,7,4,1,39,49,29,6,9,0,1,0,0,0,0
2025-451,Doha,Hard,32,A,,40,jiri-lehecka,,,Jiri Lehecka,R,0,CZE,0.0,carlos-alcaraz,1,,Carlos Alcaraz,R,0,ESP,0.0,6-3  3-6  6-4 .,3,QF,129,7,3,54,76,40,9,14,4,8,8,2,60,96,44,13,14,4,7,0,0,0,0
2025-495,Dubai,Hard,32,A,,40,tallon-griekspoor,,,Tallon Griekspoor,R,0,NED,0.0,daniil-medvedev,1,,Daniil Medvedev,R,0,RUS,0.0,2-6  7-6(7) 7-5 .,3,QF,156,15,4,78,109,55,19,16,5,7,5,1,81,112,55,16,16,11,14,0,0,0,0
2025-500,Halle,Grass,32,A,,40,alexander-zverev,2,,Alexander Zverev,R,0,GER,0.0,flavio-cobolli,,,Flavio Cobolli,R,0,ITA,0.0,6-4  7-6(6).,3,QF,101,6,1,48,69,35,13,11,2,3,4,1,57,71,46,7,11,6,6,0,0,0,0
2025-414,Hamburg,Clay,32,A,,40,andrey-rublev,3,,Andrey Rublev,R,0,RUS,0.0,luciano-darderi,,,Luciano Darderi,R,0,ITA,0.0,6-1  3-6  6-3 .,3,QF,113,5,2,48,80,39,16,13,5,6,2,4,52,77,34,13,12,4,7,0,0,0,0
2025-404,Indian Wells,Hard,32,A,,40,roman-safiullin,,,Roman Safiullin,R,0,RUS,0.0,reilly-opelka,,WC,Reilly Opelka,R,0,USA,0.0,7-5  6-4 .,3,R128,86,2,4,44,63,34,10,11,3,4,12,5,40,63,31,7,11,3,6,0,0,0,0
2025-311,London,Grass,32,A,,40,carlos-alcaraz,1,,Carlos Alcaraz,R,0,ESP,0.0,arthur-rinderknech,,LL,Arthur Rinderknech,R,0,FRA,0.0,7-5  6-4 .,3,QF,80,8,4,36,60,33,12,11,0,0,12,5,33,54,29,9,11,0,2,0,0,0,0
2025-1536,Madrid,Clay,32,A,,40,christopher-o'connell,,,Christopher O'Connell,R,0,AUS,0.0,camilo-ugo carabelli,,,Camilo Ugo Carabelli,R,0,ARG,0.0,6-3  6-4 .,3,R128,73,5,2,38,60,30,12,10,7,8,2,1,34,48,23,5,9,0,3,0,0,0,0
2025-403,Miami,Hard,32,A,,40,tristan-schoolkate,,Q,Tristan Schoolkate,R,0,AUS,0.0,ethan-quinn,,Q,Ethan Quinn,R,0,USA,0.0,6-0  6-2 .,3,R128,61,11,1,28,42,24,6,7,0,0,5,2,25,42,13,5,7,1,6,0,0,0,0
2025-410,Monte Carlo,Clay,32,A,,40,flavio-cobolli,,,Flavio Cobolli,R,0,ITA,0.0,dusan-lajovic,,Q,Dusan Lajovic,R,0,SRB,0.0,6-4  6-2 .,3,R64,73,3,1,42,57,20,7,9,5,10,2,3,28,54,19,14,9,1,3,0,0,0,0
2025-308,Munich,Clay,32,A,,40,alexander-zverev,1,,Alexander Zverev,R,0,GER,0.0,tallon-griekspoor,,,Tallon Griekspoor,R,0,NED,0.0,6-7(6) 7-6(3) 6-4 .,3,QF,194,5,3,79,116,58,22,17,5,6,2,3,74,121,52,25,17,5,7,0,0,0,0
2025-6932,Rio De Janeiro,Clay,32,A,,40,francisco-comesana,,,Francisco Comesana,R,0,ARG,0.0,alexander-zverev,1,,Alexander Zverev,R,0,GER,0.0,4-6  6-3  6-4 .,3,QF,151,8,4,48,76,31,17,14,3,7,4,1,56,94,40,21,15,3,6,0,0,0,0
2025-416,Rome,Clay,32,A,,40,carlos-taberner,,Q,Carlos Taberner,R,0,ESP,0.0,aleksandar-kovacevic,,,Aleksandar Kovacevic,R,0,USA,0.0,6-3  1-6  7-5 .,3,R128,137,5,4,62,80,41,8,14,4,8,11,8,59,88,40,14,14,4,8,0,0,0,0
2025-407,Rotterdam,Hard,32,A,,40,carlos-alcaraz,1,,Carlos Alcaraz,R,0,ESP,0.0,pedro-martinez,,,Pedro Martinez,R,0,ESP,0.0,6-2  6-1 .,3,QF,70,7,2,23,36,21,8,7,0,0,0,4,39,57,20,6,8,5,10,0,0,0,0
2025-421,Toronto,Hard,32,A,,40,matteo-gigante,,WC,Matteo Gigante,R,0,ITA,0.0,borna-coric,,,Borna Coric,R,0,CRO,0.0,4-6  6-2  7-6(2).,3,R128,156,3,3,52,90,31,21,15,7,12,8,9,48,94,39,23,15,4,8,0,0,0,0
2025-418,Washington,Clay,32,A,,40,cameron-norrie,,,Cameron Norrie,R,0,GBR,0.0,lorenzo-musetti,2,,Lorenzo Musetti,R,0,ITA,0.0,3-6  6-2  6-3 .,3,R32,126,4,8,55,91,41,17,13,9,11,5,4,39,73,31,15,13,3,7,0,0,0,0
2025-422,Cincinnati,Hard,32,A,,40,corentin-moutet,,,Corentin Moutet,R,0,FRA,0.0,mackenzie-mcdonald,,,Mackenzie McDonald,R,0,USA,0.0,7-5  6-3 .,3,R128,91,0,0,0,0,0,0,0,0,0,0,0,0,0,0,0,0,0,0,0,0,0,0
2025-9900,Perth Sydney,Hard,32,A,,40,taylor-fritz,1,,Taylor Fritz,R,0,USA,0.0,zhizhen-zhang,5,,Zhizhen Zhang,R,0,CHN,0.0,6-4  6-4 .,3,QF,79,8,1,75,33,91,91,10,0,0,8,0,67,48,75,38,10,78,7,0,0,0,0
2025-807,Acapulco,Hard,32,A,,39,denis-shapovalov,9,,Denis Shapovalov,R,0,CAN,0.0,marcos-giron,,,Marcos Giron,R,0,USA,0.0,4-6  6-3  6-2 .,3,QF,130,3,3,55,80,34,17,14,2,5,2,0,54,83,37,10,13,5,10,0,0,0,0
2025-8998,Adelaide,Hard,32,A,,39,felix-auger-aliassime,5,,Felix Auger-Aliassime,R,0,CAN,0.0,sebastian-korda,2,,Sebastian Korda,R,0,USA,0.0,6-3  3-6  6-1 .,3,F,109,10,4,41,72,34,20,13,4,5,7,4,50,81,35,11,12,7,10,0,0,0,0
2025-301,Auckland,Hard,32,A,,39,gael-monfils,,,Gael Monfils,R,0,FRA,0.0,zizou-bergs,,Q,Zizou Bergs,R,0,BEL,0.0,6-3  6-4 .,3,F,97,2,3,42,64,30,10,9,3,5,4,4,33,60,29,15,10,6,6,0,0,0,0
2025-425,Barcelona,Clay,32,A,,39,karen-khachanov,,,Karen Khachanov,R,0,RUS,0.0,jaume-munar,,,Jaume Munar,R,0,ESP,0.0,7-5  6-4 .,3,R16,128,1,3,50,84,32,15,11,11,15,1,2,40,71,29,15,11,4,6,0,0,0,0
2025-339,Brisbane,Hard,32,A,,39,reilly-opelka,PR,,Reilly Opelka,R,0,USA,0.0,matteo-arnaldi,,,Matteo Arnaldi,R,0,ITA,0.0,7-6(9) 7-6(4).,3,R16,116,25,6,58,86,49,13,12,1,2,8,2,40,75,34,21,12,1,2,0,0,0,0
2025-4462,Bucharest,Clay,32,A,,39,flavio-cobolli,3,,Flavio Cobolli,R,0,ITA,0.0,sebastian-baez,1,,Sebastian Baez,R,0,ARG,0.0,6-4  6-4 .,3,F,106,1,0,62,74,33,9,10,7,11,3,3,31,69,23,18,10,2,4,0,0,0,0
2025-506,Buenos Aires,Clay,32,A,,39,joao-fonseca,,,Joao Fonseca,R,0,BRA,0.0,francisco-cerundolo,5,,Francisco Cerundolo,R,0,ARG,0.0,6-4  7-6(1).,3,F,105,3,1,43,68,23,16,11,5,9,4,2,48,75,35,12,11,1,4,0,0,0,0
2025-424,Dallas,Hard,32,A,,39,tommy-paul,3,,Tommy Paul,R,0,USA,0.0,reilly-opelka,,WC,Reilly Opelka,R,0,USA,0.0,7-6(3) 6-2 .,3,QF,90,3,6,41,65,34,15,10,0,0,9,2,50,78,33,15,10,5,7,0,0,0,0
2025-499,Delray Beach,Clay,32,A,,39,miomir-kecmanovic,7,,Miomir Kecmanovic,R,0,SRB,0.0,alejandro-davidovich fokina,8,,Alejandro Davidovich Fokina,R,0,ESP,0.0,3-6  6-1  7-5 .,3,F,130,1,2,55,85,34,15,14,2,6,8,0,59,88,40,17,14,5,7,0,0,0,0
2025-451,Doha,Hard,32,A,,39,andrey-rublev,5,,Andrey Rublev,R,0,RUS,0.0,alex-de minaur,2,,Alex de Minaur,R,0,AUS,0.0,6-1  3-6  7-6(8).,3,QF,159,8,1,67,93,43,17,14,2,4,4,3,67,114,43,23,14,8,11,0,0,0,0
2025-495,Dubai,Hard,32,A,,39,stefanos-tsitsipas,4,,Stefanos Tsitsipas,R,0,GRE,0.0,matteo-berrettini,,,Matteo Berrettini,R,0,ITA,0.0,7-6(5) 1-6  6-4 .,3,QF,117,7,2,55,84,45,15,14,4,6,6,0,62,80,49,14,15,3,4,0,0,0,0
2025-322,Geneva,Hard,32,A,,39,novak-djokovic,2,,Novak Djokovic,R,0,SRB,0.0,hubert-hurkacz,6,,Hubert Hurkacz,R,0,POL,0.0,5-7  7-6(2) 7-6(2).,3,F,185,19,4,79,123,58,23,18,4,5,6,3,66,110,57,22,18,0,2,0,0,0,0
2025-314,Gstaad,Clay,32,A,,39,alexander-bublik,2,,Alexander Bublik,R,0,KAZ,0.0,juan manuel-cerundolo,,,Juan Manuel Cerundolo,R,0,ARG,0.0,6-4  4-6  6-3 .,3,F,127,1,2,73,100,44,13,14,10,14,13,4,62,94,50,11,15,7,10,0,0,0,0
2025-500,Halle,Grass,32,A,,39,daniil-medvedev,3,,Daniil Medvedev,R,0,RUS,0.0,alex-michelsen,,,Alex Michelsen,R,0,USA,0.0,6-4  6-3 .,3,QF,85,1,3,33,56,24,12,9,8,10,7,5,43,65,32,12,10,0,0,0,0,0,0
2025-414,Hamburg,Clay,32,A,,39,felix-auger-aliassime,6,,Felix Auger-Aliassime,R,0,CAN,0.0,alexandre-muller,,,Alexandre Muller,R,0,FRA,0.0,7-6(4) 6-7(6) 6-3 .,3,QF,178,0,3,78,109,54,14,17,8,12,6,3,70,114,50,23,16,4,6,0,0,0,0
2025-336,Hong Kong,Hard,32,A,,39,alexandre-muller,,,Alexandre Muller,R,0,FRA,0.0,kei-nishikori,,WC,Kei Nishikori,R,0,JPN,0.0,2-6  6-1  6-3 .,3,F,103,4,1,48,75,28,14,12,4,8,2,1,60,77,44,7,12,4,6,0,0,0,0
2025-717,Houston,Clay,32,A,,39,jenson-brooksby,,Q,Jenson Brooksby,R,0,USA,0.0,frances-tiafoe,2,,Frances Tiafoe,R,0,USA,0.0,6-4  6-2 .,3,F,87,5,1,41,58,26,12,9,4,6,0,2,28,55,17,9,9,1,6,0,0,0,0
2025-404,Indian Wells,Hard,32,A,,39,thiago-seyboth wild,,,Thiago Seyboth Wild,R,0,BRA,0.0,alexandre-muller,,,Alexandre Muller,R,0,FRA,0.0,4-6  7-5  7-6(6).,3,R128,175,14,6,69,118,53,21,17,11,15,2,2,82,118,49,21,17,11,15,0,0,0,0
2025-311,London,Grass,32,A,,39,jack-draper,2,,Jack Draper,R,0,GBR,0.0,brandon-nakashima,,,Brandon Nakashima,R,0,USA,0.0,6-4  5-7  6-4 .,3,QF,142,13,2,66,105,48,21,16,8,10,14,2,68,102,53,18,16,10,11,0,0,0,0
2025-7480,Los Cabos,Hard,32,A,,39,denis-shapovalov,3,,Denis Shapovalov,R,0,CAN,0.0,aleksandar-kovacevic,7,,Aleksandar Kovacevic,R,0,USA,0.0,6-4  6-2 .,3,F,75,2,2,33,50,22,8,9,5,8,6,2,32,51,26,12,9,1,1,0,0,0,0
2025-1536,Madrid,Clay,32,A,,39,sebastian-ofner,PR,,Sebastian Ofner,R,0,AUT,0.0,hugo-gaston,,Q,Hugo Gaston,R,0,FRA,0.0,6-4  6-3 .,3,R128,78,6,1,35,70,28,20,10,5,5,2,3,29,57,21,14,9,6,8,0,0,0,0
2025-8994,Mallorca,Grass,32,A,,39,tallon-griekspoor,4,,Tallon Griekspoor,R,0,NED,0.0,corentin-moutet,,,Corentin Moutet,R,0,FRA,0.0,7-5  7-6(3).,3,F,116,6,1,46,73,34,17,12,3,4,4,1,55,81,41,17,12,4,4,0,0,0,0
2025-360,Marrakech,Clay,32,A,,39,luciano-darderi,7,,Luciano Darderi,R,0,ITA,0.0,tallon-griekspoor,1,,Tallon Griekspoor,R,0,NED,0.0,7-6(3) 7-6(4).,3,F,123,10,6,51,81,39,18,12,0,1,3,3,51,83,37,21,12,3,4,0,0,0,0
2025-496,Marseille,Hard,32,A,,39,ugo-humbert,2,,Ugo Humbert,R,0,FRA,0.0,hamad-medjedovic,,,Hamad Medjedovic,R,0,SRB,0.0,7-6(4) 6-4 .,3,F,100,4,5,44,72,35,11,11,5,7,13,0,33,66,27,22,11,1,2,0,0,0,0
2025-403,Miami,Hard,32,A,,39,eliot-spizzirri,,WC,Eliot Spizzirri,R,0,USA,0.0,billy-harris,,Q,Billy Harris,R,0,GBR,0.0,7-6(2) 3-6  6-2 .,3,R128,138,3,0,65,94,50,13,14,5,7,10,4,66,99,50,10,15,5,8,0,0,0,0
2025-410,Monte Carlo,Clay,32,A,,39,tomas martin-etcheverry,,,Tomas Martin Etcheverry,R,0,ARG,0.0,corentin-moutet,,Q,Corentin Moutet,R,0,FRA,0.0,4-6  6-1  6-4 .,3,R64,140,3,2,52,80,37,17,14,5,7,2,2,49,84,31,18,13,3,7,0,0,0,0
2025-375,Montpellier,Clay,32,A,,39,felix-auger-aliassime,2,,Felix Auger-Aliassime,R,0,CAN,0.0,aleksandar-kovacevic,,Q,Aleksandar Kovacevic,R,0,USA,0.0,6-2 6-7(7) 7-6(2).,3,F,159,7,2,60,99,44,26,16,1,3,19,1,78,105,61,17,16,1,1,0,0,0,0
2025-308,Munich,Clay,32,A,,39,ben-shelton,2,,Ben Shelton,R,0,USA,0.0,luciano-darderi,,,Luciano Darderi,R,0,ITA,0.0,6-4  6-3 .,3,QF,73,1,4,37,55,23,9,9,3,6,7,2,31,55,24,14,10,0,1,0,0,0,0
2025-6932,Rio De Janeiro,Clay,32,A,,39,alexandre-muller,,,Alexandre Muller,R,0,FRA,0.0,francisco-cerundolo,4,,Francisco Cerundolo,R,0,ARG,0.0,7-5  6-1 .,3,QF,76,0,2,26,48,16,11,9,4,8,2,0,41,60,31,10,10,3,4,0,0,0,0
2025-416,Rome,Clay,32,A,,39,jordan-thompson,,,Jordan Thompson,R,0,AUS,0.0,giovanni-mpetshi perricard,,,Giovanni Mpetshi Perricard,R,0,FRA,0.0,3-6  6-3  7-6(5).,3,R128,142,5,3,45,80,36,23,15,0,2,13,2,58,92,43,19,15,3,5,0,0,0,0
2025-407,Rotterdam,Hard,32,A,,39,alex-de minaur,3,,Alex de Minaur,R,0,AUS,0.0,daniel-altmaier,,LL,Daniel Altmaier,R,0,GER,0.0,6-1  6-4 .,3,QF,87,3,1,30,60,21,10,8,4,8,0,2,26,54,20,18,9,4,5,0,0,0,0
2025-440,S Hertogenbosch,Grass,32,A,,39,gabriel-diallo,,,Gabriel Diallo,R,0,CAN,0.0,zizou-bergs,,,Zizou Bergs,R,0,BEL,0.0,7-5  7-6(8).,3,F,118,7,5,46,81,33,22,12,0,1,9,2,49,77,37,21,12,2,2,0,0,0,0
2025-8996,Santiago,Clay,32,A,,39,laslo-djere,,,Laslo Djere,R,0,SRB,0.0,sebastian-baez,3,,Sebastian Baez,R,0,ARG,0.0,6-4  3-6  7-5 .,3,F,145,3,8,53,94,37,19,15,6,10,0,3,65,96,42,16,16,3,8,0,0,0,0
2025-421,Toronto,Hard,32,A,,39,adrian-mannarino,,Q,Adrian Mannarino,R,0,FRA,0.0,marcos-giron,,,Marcos Giron,R,0,USA,0.0,6-4  6-4 .,3,R128,88,0,0,0,0,0,0,0,0,0,0,0,0,0,0,0,0,0,0,0,0,0,0
2025-418,Washington,Clay,32,A,,39,ben-shelton,4,,Ben Shelton,R,0,USA,0.0,mackenzie-mcdonald,,WC,Mackenzie McDonald,R,0,USA,0.0,6-3  6-4 .,3,R32,75,9,0,31,47,27,13,10,0,0,3,5,36,60,29,7,9,1,3,0,0,0,0
2025-422,Cincinnati,Hard,32,A,,39,arthur-rinderknech,,,Arthur Rinderknech,R,0,FRA,0.0,nuno-borges,,,Nuno Borges,R,0,POR,0.0,6-3  6-3 .,3,R128,84,6,3,33,55,28,12,9,2,2,2,4,33,58,22,14,9,2,5,0,0,0,0
2025-807,Acapulco,Hard,32,A,,38,alejandro-davidovich fokina,,,Alejandro Davidovich Fokina,R,0,ESP,0.0,rodrigo-pacheco mendez,,WC,Rodrigo Pacheco Mendez,R,0,MEX,0.0,6-2  6-2 .,3,QF,68,1,3,32,47,25,6,8,1,2,3,2,31,47,17,5,8,4,9,0,0,0,0
2025-8998,Adelaide,Hard,32,A,,38,felix-auger-aliassime,5,,Felix Auger-Aliassime,R,0,CAN,0.0,tommy-paul,1,,Tommy Paul,R,0,USA,0.0,7-6(3) 3-6  6-4 .,3,SF,164,7,3,52,94,36,25,15,5,8,8,4,70,110,52,14,16,8,12,0,0,0,0
2025-301,Auckland,Hard,32,A,,38,zizou-bergs,,Q,Zizou Bergs,R,0,BEL,0.0,nuno-borges,7,,Nuno Borges,R,0,POR,0.0,6-2  3-6  7-5 .,3,SF,136,0,2,58,94,34,19,15,7,13,6,1,48,87,31,20,14,3,7,0,0,0,0
2025-425,Barcelona,Clay,32,A,,38,casper-ruud,2,,Casper Ruud,R,0,NOR,0.0,hamad-medjedovic,,Q,Hamad Medjedovic,R,0,SRB,0.0,7-5  7-5 .,3,R16,128,4,1,59,89,37,13,12,6,10,3,5,55,93,34,21,12,9,11,0,0,0,0
2025-316,Bastad,Clay,32,A,,38,luciano-darderi,6,,Luciano Darderi,R,0,ITA,0.0,francisco-cerundolo,1,,Francisco Cerundolo,R,0,ARG,0.0,6-2  3-6  7-6(3).,3,SF,153,1,5,56,96,33,20,15,5,11,5,1,56,96,41,16,14,9,14,0,0,0,0
2025-339,Brisbane,Hard,32,A,,38,grigor-dimitrov,2,,Grigor Dimitrov,R,0,BUL,0.0,aleksandar-vukic,,WC,Aleksandar Vukic,R,0,AUS,0.0,6-2  7-6(5).,3,R16,83,5,4,44,74,31,15,10,8,10,12,1,33,53,31,13,10,0,0,0,0,0,0
2025-4462,Bucharest,Clay,32,A,,38,sebastian-baez,1,,Sebastian Baez,R,0,ARG,0.0,marton-fucsovics,,,Marton Fucsovics,R,0,HUN,0.0,6-2  6-2 .,3,SF,83,1,0,49,62,33,7,8,6,6,0,3,32,53,20,7,8,6,10,0,0,0,0
2025-506,Buenos Aires,Clay,32,A,,38,francisco-cerundolo,5,,Francisco Cerundolo,R,0,ARG,0.0,pedro-martinez,,,Pedro Martinez,R,0,ESP,0.0,6-2  6-4 .,3,SF,93,8,0,46,65,33,11,9,7,7,0,0,44,60,25,10,9,2,5,0,0,0,0
2025-424,Dallas,Hard,32,A,,38,denis-shapovalov,,,Denis Shapovalov,R,0,CAN,0.0,tomas-machac,6,,Tomas Machac,R,0,CZE,0.0,7-6(5) 6-0 .,3,QF,74,6,5,30,54,22,16,9,1,2,3,0,40,56,21,9,9,2,6,0,0,0,0
2025-499,Delray Beach,Clay,32,A,,38,miomir-kecmanovic,7,,Miomir Kecmanovic,R,0,SRB,0.0,alex-michelsen,3,,Alex Michelsen,R,0,USA,0.0,7-6(3) 6-3 .,3,SF,92,1,6,39,62,25,12,10,1,4,6,3,47,75,34,14,11,2,4,0,0,0,0
2025-451,Doha,Hard,32,A,,38,felix-auger-aliassime,,,Felix Auger-Aliassime,R,0,CAN,0.0,daniil-medvedev,4,,Daniil Medvedev,R,0,RUS,0.0,6-3 0-0 RET.,3,QF,31,4,0,11,18,10,6,4,0,0,2,1,20,27,12,3,5,1,3,0,0,0,0
2025-495,Dubai,Hard,32,A,,38,felix-auger-aliassime,,,Felix Auger-Aliassime,R,0,CAN,0.0,marin-cilic,PR,,Marin Cilic,R,0,CRO,0.0,6-4  3-6  6-2 .,3,QF,136,13,2,53,79,41,13,13,6,7,3,4,55,85,42,14,14,7,10,0,0,0,0
2025-741,Eastbourne,Hard,32,A,,38,taylor-fritz,1,,Taylor Fritz,R,0,USA,0.0,alejandro-davidovich fokina,6,,Alejandro Davidovich Fokina,R,0,ESP,0.0,6-3  3-6  6-1 .,3,SF,93,18,0,54,77,42,12,13,2,3,1,2,43,65,30,11,12,0,3,0,0,0,0
2025-322,Geneva,Hard,32,A,,38,novak-djokovic,2,,Novak Djokovic,R,0,SRB,0.0,cameron-norrie,,Q,Cameron Norrie,R,0,GBR,0.0,6-4 6-7(6) 6-1 .,3,SF,134,3,2,55,91,40,16,14,5,9,11,3,52,82,45,18,15,2,3,0,0,0,0
2025-314,Gstaad,Clay,32,A,,38,alexander-bublik,2,,Alexander Bublik,R,0,KAZ,0.0,arthur-cazaux,,,Arthur Cazaux,R,0,FRA,0.0,6-1  7-5 .,3,SF,73,2,1,31,58,19,13,9,5,8,12,3,38,53,33,7,10,0,0,0,0,0,0
2025-500,Halle,Grass,32,A,,38,alexander-bublik,,,Alexander Bublik,R,0,KAZ,0.0,tomas-machac,7,,Tomas Machac,R,0,CZE,0.0,7-6(2) 6-3 .,3,QF,82,19,2,50,69,39,10,10,4,5,5,2,44,72,30,12,11,3,6,0,0,0,0
2025-414,Hamburg,Clay,32,A,,38,flavio-cobolli,,,Flavio Cobolli,R,0,ITA,0.0,roberto-bautista agut,,,Roberto Bautista Agut,R,0,ESP,0.0,7-6(4) 6-0 .,3,QF,84,1,1,33,53,22,16,9,0,1,0,3,31,49,20,6,9,3,7,0,0,0,0
2025-336,Hong Kong,Hard,32,A,,38,alexandre-muller,,,Alexandre Muller,R,0,FRA,0.0,jaume-munar,,,Jaume Munar,R,0,ESP,0.0,4-6  7-6(5) 6-4 .,3,SF,145,4,3,62,94,47,20,16,2,4,6,2,73,99,54,16,16,2,4,0,0,0,0
2025-717,Houston,Clay,32,A,,38,jenson-brooksby,,Q,Jenson Brooksby,R,0,USA,0.0,tommy-paul,1,,Tommy Paul,R,0,USA,0.0,7-6(5) 3-6  7-6(6).,3,SF,162,6,5,62,111,42,27,17,5,9,0,2,74,109,46,18,16,6,11,0,0,0,0
2025-404,Indian Wells,Hard,32,A,,38,colton-smith,,Q,Colton Smith,R,0,USA,0.0,flavio-cobolli,,,Flavio Cobolli,R,0,ITA,0.0,3-6  6-2  6-2 .,3,R128,111,5,3,55,79,35,11,12,11,15,4,7,33,80,22,17,13,2,9,0,0,0,0
2025-319,Kitzbuhel,Clay,32,A,,38,alexander-bublik,1,,Alexander Bublik,R,0,KAZ,0.0,botic-van de zandschulp,,,Botic van de Zandschulp,R,0,NED,0.0,6-3  6-4 .,3,SF,82,9,6,37,57,30,11,10,1,2,2,3,42,63,27,9,9,6,9,0,0,0,0
2025-311,London,Grass,32,A,,38,roberto-bautista agut,,,Roberto Bautista Agut,R,0,ESP,0.0,holger-rune,4,,Holger Rune,R,0,DEN,0.0,7-6(5) 6-7(4) 6-2 .,3,QF,146,11,7,71,129,56,26,16,12,14,5,2,68,88,57,14,16,0,0,0,0,0,0
2025-7480,Los Cabos,Hard,32,A,,38,aleksandar-kovacevic,7,,Aleksandar Kovacevic,R,0,USA,0.0,andrey-rublev,1,,Andrey Rublev,R,0,RUS,0.0,3-6  6-4  6-4 .,3,SF,148,10,4,49,98,37,24,14,11,14,5,1,50,95,33,25,15,3,6,0,0,0,0
2025-1536,Madrid,Clay,32,A,,38,ethan-quinn,,Q,Ethan Quinn,R,0,USA,0.0,dusan-lajovic,,Q,Dusan Lajovic,R,0,SRB,0.0,6-3  6-4 .,3,R128,86,2,2,42,66,26,9,9,5,9,2,0,43,64,30,10,10,4,6,0,0,0,0
2025-8994,Mallorca,Grass,32,A,,38,tallon-griekspoor,4,,Tallon Griekspoor,R,0,NED,0.0,felix-auger-aliassime,2,,Felix Auger-Aliassime,R,0,CAN,0.0,6-4  6-4 .,3,SF,90,5,4,48,75,36,13,10,6,6,11,1,33,53,26,12,10,4,6,0,0,0,0
2025-360,Marrakech,Clay,32,A,,38,tallon-griekspoor,1,,Tallon Griekspoor,R,0,NED,0.0,kamil-majchrzak,,Q,Kamil Majchrzak,R,0,POL,0.0,7-5  7-6(3).,3,SF,107,10,1,45,75,38,16,12,4,5,5,1,42,71,33,14,12,1,3,0,0,0,0
2025-496,Marseille,Hard,32,A,,38,hamad-medjedovic,,,Hamad Medjedovic,R,0,SRB,0.0,daniil-medvedev,1/WC,,Daniil Medvedev,R,0,RUS,0.0,6-3  6-2 .,3,SF,72,2,3,29,46,17,4,8,5,10,7,3,38,60,29,8,9,3,5,0,0,0,0
2025-403,Miami,Hard,32,A,,38,chun-hsin-tseng,,Q,Chun-Hsin Tseng,R,0,TPE,0.0,mattia-bellucci,,,Mattia Bellucci,R,0,ITA,0.0,7-6(5) 6-2 .,3,R128,92,2,0,28,56,23,22,10,1,1,6,4,35,67,28,13,10,2,4,0,0,0,0
2025-410,Monte Carlo,Clay,32,A,,38,tomas-machac,,,Tomas Machac,R,0,CZE,0.0,sebastian-baez,,,Sebastian Baez,R,0,ARG,0.0,3-6  6-3  6-2 .,3,R64,114,4,3,45,85,31,15,13,5,10,2,2,54,78,30,9,13,5,12,0,0,0,0
2025-375,Montpellier,Clay,32,A,,38,aleksandar-kovacevic,,Q,Aleksandar Kovacevic,R,0,USA,0.0,andrey-rublev,1/WC,,Andrey Rublev,R,0,RUS,0.0,7-5  6-4 .,3,SF,95,8,2,35,55,27,10,11,2,5,9,1,41,77,33,18,11,4,5,0,0,0,0
2025-308,Munich,Clay,32,A,,38,francisco-cerundolo,5,,Francisco Cerundolo,R,0,ARG,0.0,david-goffin,,,David Goffin,R,0,BEL,0.0,6-2  6-4 .,3,QF,75,2,3,28,54,22,13,9,3,5,1,2,39,55,19,6,9,5,10,0,0,0,0
2025-6932,Rio De Janeiro,Clay,32,A,,38,sebastian-baez,5,,Sebastian Baez,R,0,ARG,0.0,chun-hsin-tseng,,Q,Chun-Hsin Tseng,R,0,TPE,0.0,6-4  6-1 .,3,QF,95,2,2,44,57,29,7,9,1,3,0,1,32,60,16,12,8,7,12,0,0,0,0
2025-520,Roland Garros,Clay,32,A,,239,carlos-alcaraz,2,,Carlos Alcaraz,R,0,ESP,0.0,jannik-sinner,1,,Jannik Sinner,R,0,ITA,0.0,,3,F,0,8,0,56,107,70,49,0,50,7,7,6,59,115,63,57,0,53,8,0,0,0,0
2025-520,Roland Garros,Clay,32,A,,238,jannik-sinner,1,,Jannik Sinner,R,0,ITA,0.0,novak-djokovic,6,,Novak Djokovic,R,0,SRB,0.0,,3,SF,0,10,1,52,58,79,60,0,83,5,4,1,73,83,67,55,0,67,6,0,0,0,0
2025-520,Roland Garros,Clay,32,A,,237,carlos-alcaraz,2,,Carlos Alcaraz,R,0,ESP,0.0,lorenzo-musetti,8,,Lorenzo Musetti,R,0,ITA,0.0,,3,SF,0,2,2,68,69,57,45,0,50,6,1,2,59,48,71,67,0,0,0,0,0,0,0
2025-520,Roland Garros,Clay,32,A,,236,jannik-sinner,1,,Jannik Sinner,R,0,ITA,0.0,alexander-bublik,,,Alexander Bublik,R,0,KAZ,0.0,,3,QF,0,5,1,62,48,77,66,0,100,2,5,6,67,60,65,21,0,57,8,0,0,0,0
2025-520,Roland Garros,Clay,32,A,,235,novak-djokovic,6,,Novak Djokovic,R,0,SRB,0.0,alexander-zverev,3,,Alexander Zverev,R,0,GER,0.0,,3,QF,0,4,1,73,75,76,32,0,50,4,6,0,71,85,75,56,0,67,2,0,0,0,0
2025-520,Roland Garros,Clay,32,A,,234,carlos-alcaraz,2,,Carlos Alcaraz,R,0,ESP,0.0,tommy-paul,12,,Tommy Paul,R,0,USA,0.0,,3,QF,0,3,2,74,64,55,39,0,65,11,3,0,80,44,89,73,0,0,0,0,0,0,0
2025-520,Roland Garros,Clay,32,A,,233,lorenzo-musetti,8,,Lorenzo Musetti,R,0,ITA,0.0,frances-tiafoe,15,,Frances Tiafoe,R,0,USA,0.0,,3,QF,0,8,2,71,76,82,48,0,67,2,4,0,60,68,63,54,0,55,6,0,0,0,0
2025-520,Roland Garros,Clay,32,A,,232,jannik-sinner,1,,Jannik Sinner,R,0,ITA,0.0,andrey-rublev,17,,Andrey Rublev,R,0,RUS,0.0,,3,R16,0,5,0,62,42,81,77,0,100,3,7,1,65,58,69,29,0,38,3,0,0,0,0
2025-520,Roland Garros,Clay,32,A,,231,alexander-zverev,3,,Alexander Zverev,R,0,GER,0.0,tallon-griekspoor,,,Tallon Griekspoor,R,0,NED,0.0,,3,R16,0,3,1,76,26,73,63,0,50,1,0,0,76,29,48,44,0,20,1,0,0,0,0
2025-520,Roland Garros,Clay,32,A,,230,alexander-bublik,,,Alexander Bublik,R,0,KAZ,0.0,jack-draper,5,,Jack Draper,R,0,GBR,0.0,,3,R16,0,8,7,62,80,79,43,0,75,6,12,4,67,71,73,40,0,17,1,0,0,0,0
2025-520,Roland Garros,Clay,32,A,,229,novak-djokovic,6,,Novak Djokovic,R,0,SRB,0.0,cameron-norrie,,,Cameron Norrie,R,0,GBR,0.0,,3,R16,0,2,1,58,40,45,41,0,36,4,4,3,60,54,72,44,0,60,3,0,0,0,0
2025-520,Roland Garros,Clay,32,A,,228,carlos-alcaraz,2,,Carlos Alcaraz,R,0,ESP,0.0,ben-shelton,13,,Ben Shelton,R,0,USA,0.0,,3,R16,0,6,3,68,88,69,59,0,57,4,5,2,70,99,68,67,0,78,7,0,0,0,0
2025-520,Roland Garros,Clay,32,A,,227,lorenzo-musetti,8,,Lorenzo Musetti,R,0,ITA,0.0,holger-rune,10,,Holger Rune,R,0,DEN,0.0,,3,R16,0,4,1,64,79,67,53,0,40,2,1,3,63,75,57,58,0,33,3,0,0,0,0
2025-520,Roland Garros,Clay,32,A,,226,tommy-paul,12,,Tommy Paul,R,0,USA,0.0,alexei-popyrin,25,,Alexei Popyrin,R,0,AUS,0.0,,3,R16,0,5,3,60,43,72,38,0,17,1,1,1,63,55,69,70,0,90,9,0,0,0,0
2025-520,Roland Garros,Clay,32,A,,225,frances-tiafoe,15,,Frances Tiafoe,R,0,USA,0.0,daniel-altmaier,,,Daniel Altmaier,R,0,GER,0.0,,3,R16,0,6,0,69,66,71,57,0,0,0,8,3,58,57,72,33,0,38,3,0,0,0,0
2025-520,Roland Garros,Clay,32,A,,224,jannik-sinner,1,,Jannik Sinner,R,0,ITA,0.0,jiri-lehecka,,,Jiri Lehecka,R,0,CZE,0.0,,3,R32,0,0,0,0,0,0,0,0,0,0,0,0,0,0,0,0,0,0,0,0,0,0,0
2025-520,Roland Garros,Clay,32,A,,223,alexander-zverev,3,,Alexander Zverev,R,0,GER,0.0,flavio-cobolli,,,Flavio Cobolli,R,0,ITA,0.0,,3,R32,0,8,1,77,71,69,52,0,60,3,0,3,58,59,53,50,0,60,9,0,0,0,0
2025-520,Roland Garros,Clay,32,A,,222,jack-draper,5,,Jack Draper,R,0,GBR,0.0,joao-fonseca,,,Joao Fonseca,R,0,BRA,0.0,,3,R32,0,6,0,71,60,63,33,0,55,6,8,4,59,40,93,54,0,100,2,0,0,0,0
2025-520,Roland Garros,Clay,32,A,,221,novak-djokovic,6,,Novak Djokovic,R,0,SRB,0.0,filip-misolic,,Q,Filip Misolic,R,0,AUT,0.0,,3,R32,0,6,2,61,55,71,37,0,75,12,6,0,68,51,80,63,0,100,1,0,0,0,0
2025-520,Roland Garros,Clay,32,A,,220,andrey-rublev,17,,Andrey Rublev,R,0,RUS,0.0,arthur-fils,14,,Arthur Fils,R,0,FRA,0.0,,3,R32,0,0,0,0,0,0,0,0,0,0,0,0,0,0,0,0,0,0,0,0,0,0,0
2025-520,Roland Garros,Clay,32,A,,219,alexander-bublik,,,Alexander Bublik,R,0,KAZ,0.0,henrique-rocha,,Q,Henrique Rocha,R,0,POR,0.0,,3,R32,0,9,4,76,60,82,42,0,100,2,9,7,73,60,60,45,0,55,6,0,0,0,0
2025-520,Roland Garros,Clay,32,A,,218,tallon-griekspoor,,,Tallon Griekspoor,R,0,NED,0.0,ethan-quinn,,Q,Ethan Quinn,R,0,USA,0.0,,3,R32,0,1,1,78,35,74,60,0,67,2,3,1,73,32,63,75,0,80,4,0,0,0,0
2025-520,Roland Garros,Clay,32,A,,217,cameron-norrie,,,Cameron Norrie,R,0,GBR,0.0,jacob-fearnley,,,Jacob Fearnley,R,0,GBR,0.0,,3,R32,0,2,3,83,88,69,33,0,64,7,8,7,80,85,53,38,0,42,5,0,0,0,0
2025-520,Roland Garros,Clay,32,A,,216,carlos-alcaraz,2,,Carlos Alcaraz,R,0,ESP,0.0,damir-dzumhur,,,Damir Dzumhur,R,0,BIH,0.0,,3,R32,0,0,6,60,75,55,53,0,67,14,4,5,70,92,64,56,0,75,9,0,0,0,0
2025-520,Roland Garros,Clay,32,A,,215,lorenzo-musetti,8,,Lorenzo Musetti,R,0,ITA,0.0,mariano-navone,,,Mariano Navone,R,0,ARG,0.0,,3,R32,0,3,3,66,76,68,44,0,44,4,1,2,73,97,53,49,0,58,11,0,0,0,0
2025-520,Roland Garros,Clay,32,A,,214,holger-rune,10,,Holger Rune,R,0,DEN,0.0,quentin-halys,,,Quentin Halys,R,0,FRA,0.0,,3,R32,0,13,10,57,82,77,41,0,36,4,8,0,74,100,78,39,0,64,7,0,0,0,0
2025-520,Roland Garros,Clay,32,A,,213,tommy-paul,12,,Tommy Paul,R,0,USA,0.0,karen-khachanov,24,,Karen Khachanov,R,0,RUS,0.0,,3,R32,0,5,2,62,103,64,53,0,50,6,8,4,64,101,69,40,0,60,9,0,0,0,0
2025-520,Roland Garros,Clay,32,A,,212,ben-shelton,13,,Ben Shelton,R,0,USA,0.0,matteo-gigante,,Q,Matteo Gigante,R,0,ITA,0.0,,3,R32,0,10,7,56,46,80,56,0,75,3,4,2,59,60,63,46,0,55,6,0,0,0,0
2025-520,Roland Garros,Clay,32,A,,211,frances-tiafoe,15,,Frances Tiafoe,R,0,USA,0.0,sebastian-korda,23,,Sebastian Korda,R,0,USA,0.0,,3,R32,0,9,5,52,52,77,71,0,100,2,11,5,55,59,73,54,0,33,1,0,0,0,0
2025-520,Roland Garros,Clay,32,A,,210,alexei-popyrin,25,,Alexei Popyrin,R,0,AUS,0.0,nuno-borges,,,Nuno Borges,R,0,POR,0.0,,3,R32,0,5,4,76,102,70,41,0,73,8,13,1,66,78,78,53,0,71,5,0,0,0,0
2025-520,Roland Garros,Clay,32,A,,209,daniel-altmaier,,,Daniel Altmaier,R,0,GER,0.0,hamad-medjedovic,,,Hamad Medjedovic,R,0,SRB,0.0,,3,R32,0,4,6,59,75,64,38,0,67,12,18,4,63,66,76,58,0,50,2,0,0,0,0
2025-520,Roland Garros,Clay,32,A,,208,jannik-sinner,1,,Jannik Sinner,R,0,ITA,0.0,richard-gasquet,,WC,Richard Gasquet,R,0,FRA,0.0,,3,R64,0,3,0,76,55,85,35,0,100,3,2,5,67,54,65,33,0,55,6,0,0,0,0
2025-520,Roland Garros,Clay,32,A,,207,alexander-zverev,3,,Alexander Zverev,R,0,GER,0.0,jesper-de jong,,,Jesper de Jong,R,0,NED,0.0,,3,R64,0,8,1,75,76,67,68,0,78,7,4,3,49,60,53,50,0,46,6,0,0,0,0
2025-520,Roland Garros,Clay,32,A,,206,jack-draper,5,,Jack Draper,R,0,GBR,0.0,gael-monfils,,,Gael Monfils,R,0,FRA,0.0,,3,R64,0,7,5,69,105,64,33,0,68,15,5,3,74,86,70,57,0,60,6,0,0,0,0
2025-520,Roland Garros,Clay,32,A,,205,novak-djokovic,6,,Novak Djokovic,R,0,SRB,0.0,corentin-moutet,,,Corentin Moutet,R,0,FRA,0.0,,3,R64,0,4,3,64,68,60,37,0,64,9,5,2,65,70,73,49,0,60,3,0,0,0,0
2025-520,Roland Garros,Clay,32,A,,204,alexander-bublik,,,Alexander Bublik,R,0,KAZ,0.0,alex-de minaur,9,,Alex de Minaur,R,0,AUS,0.0,,3,R64,0,4,6,51,65,71,54,0,57,8,12,13,64,83,73,38,0,54,7,0,0,0,0
2025-520,Roland Garros,Clay,32,A,,203,arthur-fils,14,,Arthur Fils,R,0,FRA,0.0,jaume-munar,,,Jaume Munar,R,0,ESP,0.0,,3,R64,0,9,13,63,100,73,38,0,62,8,2,7,64,110,61,44,0,59,13,0,0,0,0
2025-520,Roland Garros,Clay,32,A,,202,andrey-rublev,17,,Andrey Rublev,R,0,RUS,0.0,adam-walton,,,Adam Walton,R,0,AUS,0.0,,3,R64,0,18,4,57,58,84,60,0,50,1,7,1,59,68,71,43,0,79,11,0,0,0,0
2025-520,Roland Garros,Clay,32,A,,201,henrique-rocha,,Q,Henrique Rocha,R,0,POR,0.0,jakub-mensik,19,,Jakub Mensik,R,0,CZE,0.0,,3,R64,0,7,6,64,85,64,52,0,50,6,9,4,62,76,67,55,0,45,5,0,0,0,0
2025-520,Roland Garros,Clay,32,A,,200,jacob-fearnley,,,Jacob Fearnley,R,0,GBR,0.0,ugo-humbert,22,,Ugo Humbert,R,0,FRA,0.0,,3,R64,0,3,5,56,28,71,55,0,60,3,3,5,61,47,57,43,0,67,8,0,0,0,0
2025-520,Roland Garros,Clay,32,A,,199,jiri-lehecka,,,Jiri Lehecka,R,0,CZE,0.0,alejandro-davidovich fokina,26,,Alejandro Davidovich Fokina,R,0,ESP,0.0,,3,R64,0,12,0,72,73,78,50,0,75,3,3,3,78,76,64,45,0,29,2,0,0,0,0
2025-520,Roland Garros,Clay,32,A,,198,filip-misolic,,Q,Filip Misolic,R,0,AUT,0.0,denis-shapovalov,27,,Denis Shapovalov,R,0,CAN,0.0,,3,R64,0,6,8,61,111,68,52,0,67,10,9,6,62,106,75,48,0,63,10,0,0,0,0
2025-520,Roland Garros,Clay,32,A,,197,flavio-cobolli,,,Flavio Cobolli,R,0,ITA,0.0,matteo-arnaldi,,,Matteo Arnaldi,R,0,ITA,0.0,,3,R64,0,1,1,54,66,71,48,0,44,4,1,7,47,57,67,36,0,47,9,0,0,0,0
2025-520,Roland Garros,Clay,32,A,,196,joao-fonseca,,,Joao Fonseca,R,0,BRA,0.0,pierre-hugues-herbert,,WC,Pierre-Hugues Herbert,R,0,FRA,0.0,,3,R64,0,9,8,68,73,77,37,0,56,5,12,10,51,65,68,50,0,62,8,0,0,0,0
2025-520,Roland Garros,Clay,32,A,,195,tallon-griekspoor,,,Tallon Griekspoor,R,0,NED,0.0,gabriel-diallo,,,Gabriel Diallo,R,0,CAN,0.0,,3,R64,0,12,6,64,72,69,46,0,45,5,12,6,56,75,68,52,0,54,7,0,0,0,0
2025-520,Roland Garros,Clay,32,A,,194,cameron-norrie,,,Cameron Norrie,R,0,GBR,0.0,federico agustin-gomez,,LL,Federico Agustin Gomez,R,0,ARG,0.0,,3,R64,0,4,1,77,72,69,55,0,90,9,3,7,65,68,53,50,0,57,8,0,0,0,0
2025-520,Roland Garros,Clay,32,A,,193,ethan-quinn,,Q,Ethan Quinn,R,0,USA,0.0,alexander-shevchenko,,LL,Alexander Shevchenko,R,0,KAZ,0.0,,3,R64,0,11,2,77,138,70,44,0,62,8,14,6,66,129,70,55,0,75,12,0,0,0,0
2025-520,Roland Garros,Clay,32,A,,192,carlos-alcaraz,2,,Carlos Alcaraz,R,0,ESP,0.0,fabian-marozsan,,,Fabian Marozsan,R,0,HUN,0.0,,3,R64,0,4,2,66,75,55,37,0,53,9,5,1,77,71,70,62,0,33,1,0,0,0,0
2025-520,Roland Garros,Clay,32,A,,191,nuno-borges,,,Nuno Borges,R,0,POR,0.0,casper-ruud,7,,Casper Ruud,R,0,NOR,0.0,,3,R64,0,8,4,64,63,57,36,0,33,4,8,0,76,72,71,43,0,70,7,0,0,0,0
2025-520,Roland Garros,Clay,32,A,,190,lorenzo-musetti,8,,Lorenzo Musetti,R,0,ITA,0.0,daniel elahi-galan,,LL,Daniel Elahi Galan,R,0,COL,0.0,,3,R64,0,6,0,71,59,68,63,0,86,6,0,2,76,60,53,47,0,50,6,0,0,0,0
2025-520,Roland Garros,Clay,32,A,,189,holger-rune,10,,Holger Rune,R,0,DEN,0.0,emilio-nava,,WC,Emilio Nava,R,0,USA,0.0,,3,R64,0,5,6,68,69,65,42,0,67,8,4,3,66,64,73,64,0,78,7,0,0,0,0
2025-520,Roland Garros,Clay,32,A,,188,tommy-paul,12,,Tommy Paul,R,0,USA,0.0,marton-fucsovics,,,Marton Fucsovics,R,0,HUN,0.0,,3,R64,0,7,3,69,97,72,50,0,64,9,6,3,71,98,77,43,0,55,6,0,0,0,0
2025-520,Roland Garros,Clay,32,A,,187,ben-shelton,13,,Ben Shelton,R,0,USA,0.0,hugo-gaston,,,Hugo Gaston,R,0,FRA,0.0,,3,R64,0,0,0,0,0,0,0,0,0,0,0,0,0,0,0,0,0,0,0,0,0,0,0
2025-520,Roland Garros,Clay,32,A,,186,frances-tiafoe,15,,Frances Tiafoe,R,0,USA,0.0,pablo-carreno busta,,,Pablo Carreno Busta,R,0,ESP,0.0,,3,R64,0,9,2,64,42,83,71,0,0,0,2,3,66,56,66,38,0,62,8,0,0,0,0
2025-520,Roland Garros,Clay,32,A,,185,matteo-gigante,,Q,Matteo Gigante,R,0,ITA,0.0,stefanos-tsitsipas,20,,Stefanos Tsitsipas,R,0,GRE,0.0,,3,R64,0,9,2,63,79,78,45,0,85,11,4,3,68,82,73,38,0,64,9,0,0,0,0
2025-520,Roland Garros,Clay,32,A,,184,sebastian-korda,23,,Sebastian Korda,R,0,USA,0.0,jenson-brooksby,,,Jenson Brooksby,R,0,USA,0.0,,3,R64,0,1,1,66,57,53,40,0,50,7,3,2,62,61,69,54,0,67,6,0,0,0,0
2025-520,Roland Garros,Clay,32,A,,183,karen-khachanov,24,,Karen Khachanov,R,0,RUS,0.0,sebastian-ofner,,,Sebastian Ofner,R,0,AUT,0.0,,3,R64,0,7,7,64,109,75,40,0,67,10,12,4,60,108,69,44,0,56,9,0,0,0,0
2025-520,Roland Garros,Clay,32,A,,182,alexei-popyrin,25,,Alexei Popyrin,R,0,AUS,0.0,alejandro-tabilo,,,Alejandro Tabilo,R,0,CHI,0.0,,3,R64,0,2,4,67,70,59,53,0,50,6,8,1,65,56,77,57,0,75,6,0,0,0,0
2025-520,Roland Garros,Clay,32,A,,181,damir-dzumhur,,,Damir Dzumhur,R,0,BIH,0.0,giovanni-mpetshi perricard,31,,Giovanni Mpetshi Perricard,R,0,FRA,0.0,,3,R64,0,10,3,67,72,74,61,0,0,0,0,4,75,100,75,52,0,60,3,0,0,0,0
2025-520,Roland Garros,Clay,32,A,,180,daniel-altmaier,,,Daniel Altmaier,R,0,GER,0.0,vit-kopriva,,,Vit Kopriva,R,0,CZE,0.0,,3,R64,0,7,1,71,79,67,45,0,17,1,8,4,65,100,67,55,0,89,17,0,0,0,0
2025-520,Roland Garros,Clay,32,A,,179,quentin-halys,,,Quentin Halys,R,0,FRA,0.0,miomir-kecmanovic,,,Miomir Kecmanovic,R,0,SRB,0.0,,3,R64,0,22,9,52,78,72,64,0,93,14,5,1,64,81,72,60,0,50,2,0,0,0,0
2025-520,Roland Garros,Clay,32,A,,178,hamad-medjedovic,,,Hamad Medjedovic,R,0,SRB,0.0,juan manuel-cerundolo,,Q,Juan Manuel Cerundolo,R,0,ARG,0.0,,3,R64,0,5,6,51,54,61,43,0,50,7,3,5,63,60,73,37,0,63,5,0,0,0,0
2025-520,Roland Garros,Clay,32,A,,177,mariano-navone,,,Mariano Navone,R,0,ARG,0.0,reilly-opelka,,,Reilly Opelka,R,0,USA,0.0,,3,R64,0,7,9,53,52,60,49,0,69,11,3,0,72,71,70,54,0,83,10,0,0,0,0
2025-520,Roland Garros,Clay,32,A,,176,alexander-zverev,3,,Alexander Zverev,R,0,GER,0.0,learner-tien,,,Learner Tien,R,0,USA,0.0,,3,R128,0,3,3,69,51,90,57,0,100,4,2,3,61,55,65,46,0,67,8,0,0,0,0
2025-520,Roland Garros,Clay,32,A,,175,jack-draper,5,,Jack Draper,R,0,GBR,0.0,mattia-bellucci,,,Mattia Bellucci,R,0,ITA,0.0,,3,R128,0,9,1,56,62,63,49,0,67,12,11,7,63,64,73,62,0,67,4,0,0,0,0
2025-520,Roland Garros,Clay,32,A,,174,novak-djokovic,6,,Novak Djokovic,R,0,SRB,0.0,mackenzie-mcdonald,,,Mackenzie McDonald,R,0,USA,0.0,,3,R128,0,6,3,66,52,58,52,0,44,4,7,1,72,51,80,65,0,80,4,0,0,0,0
2025-520,Roland Garros,Clay,32,A,,173,alex-de minaur,9,,Alex de Minaur,R,0,AUS,0.0,laslo-djere,,,Laslo Djere,R,0,SRB,0.0,,3,R128,0,2,5,45,45,76,57,0,60,3,2,4,65,72,64,47,0,20,1,0,0,0,0
2025-520,Roland Garros,Clay,32,A,,172,cameron-norrie,,,Cameron Norrie,R,0,GBR,0.0,daniil-medvedev,11,,Daniil Medvedev,R,0,RUS,0.0,,3,R128,0,16,3,61,94,69,53,0,50,6,1,2,65,111,63,53,0,60,9,0,0,0,0
2025-520,Roland Garros,Clay,32,A,,171,ethan-quinn,,Q,Ethan Quinn,R,0,USA,0.0,grigor-dimitrov,16,,Grigor Dimitrov,R,0,BUL,0.0,,3,R128,0,7,3,69,59,59,52,0,50,4,7,5,58,49,71,40,0,57,4,0,0,0,0
2025-520,Roland Garros,Clay,32,A,,170,andrey-rublev,17,,Andrey Rublev,R,0,RUS,0.0,lloyd-harris,,Q,Lloyd Harris,R,0,RSA,0.0,,3,R128,0,13,2,63,65,71,68,0,71,5,13,4,64,73,62,46,0,57,8,0,0,0,0
2025-520,Roland Garros,Clay,32,A,,169,jakub-mensik,19,,Jakub Mensik,R,0,CZE,0.0,alexandre-muller,,,Alexandre Muller,R,0,FRA,0.0,,3,R128,0,8,4,69,96,69,57,0,58,7,20,3,67,90,80,53,0,60,3,0,0,0,0
2025-520,Roland Garros,Clay,32,A,,168,matteo-arnaldi,,,Matteo Arnaldi,R,0,ITA,0.0,felix-auger-aliassime,29,,Felix Auger-Aliassime,R,0,CAN,0.0,,3,R128,0,7,8,59,102,72,44,0,80,16,8,7,58,80,71,56,0,71,12,0,0,0,0
2025-520,Roland Garros,Clay,32,A,,167,joao-fonseca,,,Joao Fonseca,R,0,BRA,0.0,hubert-hurkacz,30,,Hubert Hurkacz,R,0,POL,0.0,,3,R128,0,6,0,65,51,67,4,0,58,7,9,0,72,51,78,30,0,100,2,0,0,0,0
2025-520,Roland Garros,Clay,32,A,,166,alexander-bublik,,,Alexander Bublik,R,0,KAZ,0.0,james-duckworth,,,James Duckworth,R,0,AUS,0.0,,3,R128,0,16,9,67,61,82,43,0,100,4,2,5,73,67,63,40,0,56,5,0,0,0,0
2025-520,Roland Garros,Clay,32,A,,165,flavio-cobolli,,,Flavio Cobolli,R,0,ITA,0.0,marin-cilic,,LL,Marin Cilic,R,0,CRO,0.0,,3,R128,0,4,4,47,35,57,44,0,33,3,3,2,66,46,74,63,0,100,3,0,0,0,0
2025-520,Roland Garros,Clay,32,A,,164,jesper-de jong,,,Jesper de Jong,R,0,NED,0.0,francesco-passaro,,,Francesco Passaro,R,0,ITA,0.0,,3,R128,0,9,4,65,96,80,51,0,33,2,3,6,69,123,66,44,0,65,11,0,0,0,0
2025-520,Roland Garros,Clay,32,A,,163,federico agustin-gomez,,LL,Federico Agustin Gomez,R,0,ARG,0.0,aleksandar-kovacevic,,,Aleksandar Kovacevic,R,0,USA,0.0,,3,R128,0,2,7,54,63,68,45,0,65,11,16,4,53,59,76,56,0,50,3,0,0,0,0
2025-520,Roland Garros,Clay,32,A,,162,pierre-hugues-herbert,,WC,Pierre-Hugues Herbert,R,0,FRA,0.0,benjamin-bonzi,,,Benjamin Bonzi,R,0,FRA,0.0,,3,R128,0,11,17,62,90,76,41,0,38,3,3,3,75,117,67,50,0,57,8,0,0,0,0
2025-520,Roland Garros,Clay,32,A,,161,gael-monfils,,,Gael Monfils,R,0,FRA,0.0,hugo-dellien,,,Hugo Dellien,R,0,BOL,0.0,,3,R128,0,19,3,59,88,74,47,0,69,11,2,0,79,123,59,44,0,67,14,0,0,0,0
2025-520,Roland Garros,Clay,32,A,,160,corentin-moutet,,,Corentin Moutet,R,0,FRA,0.0,clement-tabur,,Q,Clement Tabur,R,0,FRA,0.0,,3,R128,0,3,6,48,52,75,56,0,80,8,3,3,65,72,57,59,0,45,5,0,0,0,0
2025-520,Roland Garros,Clay,32,A,,159,henrique-rocha,,Q,Henrique Rocha,R,0,POR,0.0,nikoloz-basilashvili,,Q,Nikoloz Basilashvili,R,0,GEO,0.0,,3,R128,0,5,10,52,94,81,44,0,80,12,13,5,65,103,70,55,0,55,6,0,0,0,0
2025-520,Roland Garros,Clay,32,A,,158,alexander-shevchenko,,LL,Alexander Shevchenko,R,0,KAZ,0.0,dusan-lajovic,,,Dusan Lajovic,R,0,SRB,0.0,,3,R128,0,3,3,67,67,76,45,0,75,6,3,1,69,69,59,58,0,38,3,0,0,0,0
2025-520,Roland Garros,Clay,32,A,,157,adam-walton,,,Adam Walton,R,0,AUS,0.0,maximilian-marterer,,Q,Maximilian Marterer,R,0,GER,0.0,,3,R128,0,6,4,81,124,65,48,0,67,10,11,2,80,122,68,40,0,62,8,0,0,0,0
2025-520,Roland Garros,Clay,32,A,,156,jannik-sinner,1,,Jannik Sinner,R,0,ITA,0.0,arthur-rinderknech,,,Arthur Rinderknech,R,0,FRA,0.0,,3,R128,0,4,0,67,60,75,69,0,71,5,7,2,59,52,71,42,0,17,1,0,0,0,0
2025-520,Roland Garros,Clay,32,A,,155,carlos-alcaraz,2,,Carlos Alcaraz,R,0,ESP,0.0,giulio-zeppieri,,Q,Giulio Zeppieri,R,0,ITA,0.0,,3,R128,0,6,0,69,59,68,31,0,50,4,3,4,67,58,78,54,0,100,3,0,0,0,0
2025-520,Roland Garros,Clay,32,A,,154,daniel-altmaier,,,Daniel Altmaier,R,0,GER,0.0,taylor-fritz,4,,Taylor Fritz,R,0,USA,0.0,,3,R128,0,7,4,67,75,73,59,0,80,4,14,0,65,71,70,54,0,38,3,0,0,0,0
2025-520,Roland Garros,Clay,32,A,,153,casper-ruud,7,,Casper Ruud,R,0,NOR,0.0,albert-ramos-vinolas,,Q,Albert Ramos-Vinolas,R,0,ESP,0.0,,3,R128,0,7,3,73,58,76,45,0,50,1,3,2,70,63,52,67,0,55,6,0,0,0,0
2025-520,Roland Garros,Clay,32,A,,152,holger-rune,10,,Holger Rune,R,0,DEN,0.0,roberto-bautista agut,,,Roberto Bautista Agut,R,0,ESP,0.0,,3,R128,0,4,2,55,64,77,45,0,62,8,9,0,69,93,70,57,0,91,10,0,0,0,0
2025-520,Roland Garros,Clay,32,A,,151,arthur-fils,14,,Arthur Fils,R,0,FRA,0.0,nicolas-jarry,,,Nicolas Jarry,R,0,CHI,0.0,,3,R128,0,4,8,63,101,65,50,0,81,13,8,3,65,82,77,64,0,100,3,0,0,0,0
2025-520,Roland Garros,Clay,32,A,,150,gabriel-diallo,,,Gabriel Diallo,R,0,CAN,0.0,francisco-cerundolo,18,,Francisco Cerundolo,R,0,ARG,0.0,,3,R128,0,4,3,65,57,65,58,0,64,7,4,1,66,62,79,53,0,0,0,0,0,0,0
2025-520,Roland Garros,Clay,32,A,,149,stefanos-tsitsipas,20,,Stefanos Tsitsipas,R,0,GRE,0.0,tomas martin-etcheverry,,,Tomas Martin Etcheverry,R,0,ARG,0.0,,3,R128,0,8,6,54,58,69,44,0,69,9,12,3,59,55,76,61,0,50,1,0,0,0,0
2025-520,Roland Garros,Clay,32,A,,148,ugo-humbert,22,,Ugo Humbert,R,0,FRA,0.0,christopher-o'connell,,,Christopher O'Connell,R,0,AUS,0.0,,3,R128,0,4,3,75,88,58,43,0,71,12,7,2,76,88,67,57,0,80,12,0,0,0,0
2025-520,Roland Garros,Clay,32,A,,147,sebastian-korda,23,,Sebastian Korda,R,0,USA,0.0,luciano-darderi,,,Luciano Darderi,R,0,ITA,0.0,,3,R128,0,5,5,61,59,64,41,0,50,6,7,1,64,68,66,67,0,67,4,0,0,0,0
2025-520,Roland Garros,Clay,32,A,,146,karen-khachanov,24,,Karen Khachanov,R,0,RUS,0.0,aleksandar-vukic,,,Aleksandar Vukic,R,0,AUS,0.0,,3,R128,0,9,1,62,54,78,52,0,50,2,2,3,52,53,74,39,0,58,7,0,0,0,0
2025-520,Roland Garros,Clay,32,A,,145,alexei-popyrin,25,,Alexei Popyrin,R,0,AUS,0.0,yoshihito-nishioka,,,Yoshihito Nishioka,R,0,JPN,0.0,,3,R128,0,1,2,58,48,73,51,0,75,6,10,1,65,41,83,77,0,0,0,0,0,0,0
2025-520,Roland Garros,Clay,32,A,,144,alejandro-davidovich fokina,26,,Alejandro Davidovich Fokina,R,0,ESP,0.0,pablo-llamas ruiz,,Q,Pablo Llamas Ruiz,R,0,ESP,0.0,,3,R128,0,2,2,74,95,56,55,0,63,12,2,4,77,99,69,50,0,73,8,0,0,0,0
2025-520,Roland Garros,Clay,32,A,,143,denis-shapovalov,27,,Denis Shapovalov,R,0,CAN,0.0,pedro-martinez,,,Pedro Martinez,R,0,ESP,0.0,,3,R128,0,8,7,70,50,70,38,0,50,2,0,4,68,45,53,14,0,27,3,0,0,0,0
2025-520,Roland Garros,Clay,32,A,,142,jacob-fearnley,,,Jacob Fearnley,R,0,GBR,0.0,stan-wawrinka,,WC,Stan Wawrinka,R,0,SUI,0.0,,3,R128,0,9,5,82,75,77,29,0,60,3,5,1,77,66,65,45,0,29,2,0,0,0,0
2025-520,Roland Garros,Clay,32,A,,141,richard-gasquet,,WC,Richard Gasquet,R,0,FRA,0.0,terence-atmane,,WC,Terence Atmane,R,0,FRA,0.0,,3,R128,0,6,10,58,66,65,31,0,53,9,3,3,63,60,70,46,0,57,4,0,0,0,0
2025-520,Roland Garros,Clay,32,A,,140,hugo-gaston,,,Hugo Gaston,R,0,FRA,0.0,ugo-blanchet,,Q,Ugo Blanchet,R,0,FRA,0.0,,3,R128,0,1,4,65,94,63,47,0,65,11,9,3,52,65,60,49,0,38,5,0,0,0,0
2025-520,Roland Garros,Clay,32,A,,139,tallon-griekspoor,,,Tallon Griekspoor,R,0,NED,0.0,marcos-giron,,,Marcos Giron,R,0,USA,0.0,,3,R128,0,11,2,65,88,68,48,0,69,9,8,1,72,78,83,53,0,0,0,0,0,0,0
2025-520,Roland Garros,Clay,32,A,,138,miomir-kecmanovic,,,Miomir Kecmanovic,R,0,SRB,0.0,sebastian-baez,,,Sebastian Baez,R,0,ARG,0.0,,3,R128,0,6,2,57,91,70,51,0,62,8,8,5,73,135,60,41,0,63,17,0,0,0,0
2025-520,Roland Garros,Clay,32,A,,137,jiri-lehecka,,,Jiri Lehecka,R,0,CZE,0.0,jordan-thompson,,,Jordan Thompson,R,0,AUS,0.0,,3,R128,0,8,3,67,52,73,54,0,60,3,3,1,62,48,54,50,0,59,10,0,0,0,0
2025-520,Roland Garros,Clay,32,A,,136,filip-misolic,,Q,Filip Misolic,R,0,AUT,0.0,yunchaokete-bu,,,Yunchaokete Bu,R,0,CHN,0.0,,3,R128,0,9,4,67,111,72,56,0,87,13,12,1,55,71,80,55,0,63,5,0,0,0,0
2025-520,Roland Garros,Clay,32,A,,135,jaume-munar,,,Jaume Munar,R,0,ESP,0.0,camilo-ugo carabelli,,,Camilo Ugo Carabelli,R,0,ARG,0.0,,3,R128,0,3,5,50,54,56,51,0,57,8,3,4,55,48,83,53,0,75,3,0,0,0,0
2025-520,Roland Garros,Clay,32,A,,134,sebastian-ofner,,,Sebastian Ofner,R,0,AUT,0.0,jan-lennard-struff,,,Jan-Lennard Struff,R,0,GER,0.0,,3,R128,0,22,3,65,94,72,61,0,100,11,14,6,70,93,80,33,0,56,5,0,0,0,0
2025-520,Roland Garros,Clay,32,A,,133,alejandro-tabilo,,,Alejandro Tabilo,R,0,CHI,0.0,arthur-cazaux,,WC,Arthur Cazaux,R,0,FRA,0.0,,3,R128,0,5,2,66,102,62,62,0,71,10,11,5,71,85,71,46,0,44,4,0,0,0,0
2025-520,Roland Garros,Clay,32,A,,132,lorenzo-musetti,8,,Lorenzo Musetti,R,0,ITA,0.0,yannick-hanfmann,,Q,Yannick Hanfmann,R,0,GER,0.0,,3,R128,0,5,1,66,46,83,58,0,0,0,0,3,63,62,50,54,0,54,7,0,0,0,0
2025-520,Roland Garros,Clay,32,A,,131,tommy-paul,12,,Tommy Paul,R,0,USA,0.0,elmer-moller,,LL,Elmer Moller,R,0,DEN,0.0,,3,R128,0,4,7,60,73,58,44,0,52,11,5,4,61,77,64,57,0,56,5,0,0,0,0
2025-520,Roland Garros,Clay,32,A,,130,ben-shelton,13,,Ben Shelton,R,0,USA,0.0,lorenzo-sonego,,,Lorenzo Sonego,R,0,ITA,0.0,,3,R128,0,15,5,74,103,70,54,0,60,6,3,4,67,85,66,51,0,33,3,0,0,0,0
2025-520,Roland Garros,Clay,32,A,,129,frances-tiafoe,15,,Frances Tiafoe,R,0,USA,0.0,roman-safiullin,,,Roman Safiullin,R,0,RUS,0.0,,3,R128,0,9,1,79,78,73,57,0,86,6,20,2,78,74,69,38,0,67,8,0,0,0,0
2025-520,Roland Garros,Clay,32,A,,128,quentin-halys,,,Quentin Halys,R,0,FRA,0.0,tomas-machac,21,,Tomas Machac,R,0,CZE,0.0,,3,R128,0,5,3,72,41,66,44,0,0,0,8,1,59,27,81,68,0,100,2,0,0,0,0
2025-520,Roland Garros,Clay,32,A,,127,mariano-navone,,,Mariano Navone,R,0,ARG,0.0,brandon-nakashima,28,,Brandon Nakashima,R,0,USA,0.0,,3,R128,0,5,2,68,94,68,39,0,67,12,3,2,58,72,53,46,0,47,8,0,0,0,0
2025-520,Roland Garros,Clay,32,A,,126,giovanni-mpetshi perricard,31,,Giovanni Mpetshi Perricard,R,0,FRA,0.0,zizou-bergs,,,Zizou Bergs,R,0,BEL,0.0,,3,R128,0,12,4,77,98,72,52,0,73,8,8,8,70,97,68,54,0,67,8,0,0,0,0
2025-520,Roland Garros,Clay,32,A,,125,juan manuel-cerundolo,,Q,Juan Manuel Cerundolo,R,0,ARG,0.0,alex-michelsen,32,,Alex Michelsen,R,0,USA,0.0,,3,R128,0,2,3,74,66,58,26,0,57,8,1,3,44,35,83,55,0,33,1,0,0,0,0
2025-520,Roland Garros,Clay,32,A,,124,nuno-borges,,,Nuno Borges,R,0,POR,0.0,kyrian-jacquet,,Q,Kyrian Jacquet,R,0,FRA,0.0,,3,R128,0,8,5,55,102,71,43,0,68,15,8,2,69,111,70,44,0,64,7,0,0,0,0
2025-520,Roland Garros,Clay,32,A,,123,jenson-brooksby,,,Jenson Brooksby,R,0,USA,0.0,jaime-faria,,,Jaime Faria,R,0,POR,0.0,,3,R128,0,1,2,69,72,69,67,0,89,8,3,4,67,64,64,55,0,44,4,0,0,0,0
2025-520,Roland Garros,Clay,32,A,,122,pablo-carreno busta,,,Pablo Carreno Busta,R,0,ESP,0.0,francisco-comesana,,,Francisco Comesana,R,0,ARG,0.0,,3,R128,0,0,3,66,78,72,50,0,71,5,7,3,56,59,66,40,0,38,3,0,0,0,0
2025-520,Roland Garros,Clay,32,A,,121,damir-dzumhur,,,Damir Dzumhur,R,0,BIH,0.0,thiago agustin-tirante,,LL,Thiago Agustin Tirante,R,0,ARG,0.0,,3,R128,0,4,2,70,103,60,58,0,73,11,1,2,77,106,66,61,0,86,12,0,0,0,0
2025-520,Roland Garros,Clay,32,A,,120,marton-fucsovics,,,Marton Fucsovics,R,0,HUN,0.0,tristan-schoolkate,,WC,Tristan Schoolkate,R,0,AUS,0.0,,3,R128,0,1,2,69,51,73,61,0,75,3,5,4,63,64,67,24,0,70,14,0,0,0,0
2025-520,Roland Garros,Clay,32,A,,119,daniel elahi-galan,,LL,Daniel Elahi Galan,R,0,COL,0.0,valentin-royer,,WC,Valentin Royer,R,0,FRA,0.0,,3,R128,0,14,6,57,89,73,52,0,42,5,17,6,66,132,65,51,0,68,13,0,0,0,0
2025-520,Roland Garros,Clay,32,A,,118,matteo-gigante,,Q,Matteo Gigante,R,0,ITA,0.0,benjamin-hassan,,Q,Benjamin Hassan,R,0,LBN,0.0,,3,R128,0,1,3,47,42,57,33,0,50,7,5,2,59,40,83,57,0,75,3,0,0,0,0
2025-520,Roland Garros,Clay,32,A,,117,vit-kopriva,,,Vit Kopriva,R,0,CZE,0.0,thiago-monteiro,,,Thiago Monteiro,R,0,BRA,0.0,,3,R128,0,11,4,75,98,76,61,0,60,3,9,4,57,94,74,43,0,46,6,0,0,0,0
2025-520,Roland Garros,Clay,32,A,,116,fabian-marozsan,,,Fabian Marozsan,R,0,HUN,0.0,luca-nardi,,,Luca Nardi,R,0,ITA,0.0,,3,R128,0,0,2,72,63,70,80,0,80,4,5,8,70,74,62,53,0,76,13,0,0,0,0
2025-520,Roland Garros,Clay,32,A,,115,hamad-medjedovic,,,Hamad Medjedovic,R,0,SRB,0.0,kamil-majchrzak,,,Kamil Majchrzak,R,0,POL,0.0,,3,R128,0,6,3,76,68,60,36,0,40,4,13,5,71,70,67,55,0,50,3,0,0,0,0
2025-520,Roland Garros,Clay,32,A,,114,emilio-nava,,WC,Emilio Nava,R,0,USA,0.0,botic-van de zandschulp,,,Botic van de Zandschulp,R,0,NED,0.0,,3,R128,0,8,3,69,84,71,47,0,80,8,2,8,50,63,65,44,0,54,7,0,0,0,0
2025-520,Roland Garros,Clay,32,A,,113,reilly-opelka,,,Reilly Opelka,R,0,USA,0.0,rinky-hijikata,,,Rinky Hijikata,R,0,AUS,0.0,,3,R128,0,22,7,62,70,80,49,0,25,1,3,5,62,77,75,52,0,73,8,0,0,0,0
2025-520,Roland Garros,Clay,32,A,,112,filip-misolic,,,Filip Misolic,R,0,AUT,0.0,alexander-shevchenko,2,,Alexander Shevchenko,R,0,KAZ,0.0,,3,Unknown,0,5,1,65,50,58,44,0,67,8,2,0,72,36,69,71,0,0,0,0,0,0,0
2025-520,Roland Garros,Clay,32,A,,111,lloyd-harris,,,Lloyd Harris,R,0,RSA,0.0,marin-cilic,8,,Marin Cilic,R,0,CRO,0.0,,3,Unknown,0,1,1,58,48,58,54,0,38,3,9,2,52,44,75,53,0,70,7,0,0,0,0
2025-520,Roland Garros,Clay,32,A,,110,juan manuel-cerundolo,12,,Juan Manuel Cerundolo,R,0,ARG,0.0,daniel elahi-galan,18,,Daniel Elahi Galan,R,0,COL,0.0,,3,Unknown,0,2,3,60,38,74,48,0,83,5,2,4,60,35,54,48,0,50,4,0,0,0,0
2025-520,Roland Garros,Clay,32,A,,109,yannick-hanfmann,19,,Yannick Hanfmann,R,0,GER,0.0,titouan-droguet,,,Titouan Droguet,R,0,FRA,0.0,,3,Unknown,0,7,3,73,58,67,43,0,33,2,3,0,77,60,70,56,0,50,3,0,0,0,0
2025-520,Roland Garros,Clay,32,A,,108,giulio-zeppieri,,,Giulio Zeppieri,R,0,ITA,0.0,federico agustin-gomez,29,,Federico Agustin Gomez,R,0,ARG,0.0,,3,Unknown,0,7,3,77,44,80,46,0,100,3,1,3,59,23,78,44,0,0,0,0,0,0,0
2025-520,Roland Garros,Clay,32,A,,107,nikoloz-basilashvili,,,Nikoloz Basilashvili,R,0,GEO,0.0,geoffrey-blancaneaux,,WC,Geoffrey Blancaneaux,R,0,FRA,0.0,,3,Unknown,0,4,2,81,43,58,20,0,29,2,2,0,73,48,67,39,0,80,8,0,0,0,0
2025-520,Roland Garros,Clay,32,A,,106,ugo-blanchet,,,Ugo Blanchet,R,0,FRA,0.0,lukas-klein,,,Lukas Klein,R,0,SVK,0.0,,3,Unknown,0,3,2,67,52,71,50,0,82,9,7,2,58,40,80,55,0,100,4,0,0,0,0
2025-520,Roland Garros,Clay,32,A,,105,benjamin-hassan,,,Benjamin Hassan,R,0,LBN,0.0,james-trotter,,,James Trotter,R,0,JPN,0.0,,3,Unknown,0,6,1,66,57,63,52,0,70,7,1,1,48,32,75,62,0,50,1,0,0,0,0
2025-520,Roland Garros,Clay,32,A,,104,maximilian-marterer,,,Maximilian Marterer,R,0,GER,0.0,federico-arnaboldi,,,Federico Arnaboldi,R,0,ITA,0.0,,3,Unknown,0,3,0,74,34,56,58,0,25,1,3,1,63,40,68,71,0,100,6,0,0,0,0
2025-520,Roland Garros,Clay,32,A,,103,henrique-rocha,,,Henrique Rocha,R,0,POR,0.0,luca-van assche,,,Luca Van Assche,R,0,FRA,0.0,,3,Unknown,0,4,3,54,61,66,54,0,67,10,4,6,59,58,57,54,0,53,8,0,0,0,0
2025-520,Roland Garros,Clay,32,A,,102,clement-tabur,,WC,Clement Tabur,R,0,FRA,0.0,filip cristian-jianu,,,Filip Cristian Jianu,R,0,ROU,0.0,,3,Unknown,0,5,1,67,52,58,58,0,43,3,1,4,81,71,52,35,0,65,11,0,0,0,0
2025-520,Roland Garros,Clay,32,A,,101,matteo-gigante,,,Matteo Gigante,R,0,ITA,0.0,elmer-moller,10,,Elmer Moller,R,0,DEN,0.0,,3,Unknown,0,0,5,64,49,61,37,0,33,2,3,1,65,51,57,59,0,73,8,0,0,0,0
2025-520,Roland Garros,Clay,32,A,,100,ethan-quinn,11,,Ethan Quinn,R,0,USA,0.0,thiago agustin-tirante,24,,Thiago Agustin Tirante,R,0,ARG,0.0,,3,Unknown,0,11,6,75,77,70,46,0,50,3,8,4,82,82,67,61,0,70,7,0,0,0,0
2025-520,Roland Garros,Clay,32,A,,99,kyrian-jacquet,,,Kyrian Jacquet,R,0,FRA,0.0,jurij-rodionov,,,Jurij Rodionov,R,0,AUT,0.0,,3,Unknown,0,4,4,70,49,57,38,0,67,8,6,0,62,28,86,53,0,100,1,0,0,0,0
2025-520,Roland Garros,Clay,32,A,,98,pablo-llamas ruiz,,,Pablo Llamas Ruiz,R,0,ESP,0.0,vilius-gaubas,,,Vilius Gaubas,R,0,LTU,0.0,,3,Unknown,0,3,1,89,71,54,11,0,33,3,3,3,80,65,68,31,0,71,5,0,0,0,0
2025-520,Roland Garros,Clay,32,A,,97,albert-ramos-vinolas,,,Albert Ramos-Vinolas,R,0,ESP,0.0,andrea-collarini,,,Andrea Collarini,R,0,ARG,0.0,,3,Unknown,0,1,1,75,41,44,50,0,38,3,3,0,70,39,72,53,0,100,5,0,0,0,0
2025-520,Roland Garros,Clay,32,A,,96,marin-cilic,8,,Marin Cilic,R,0,CRO,0.0,pol-martin tiffon,,,Pol Martin Tiffon,R,0,ESP,0.0,,3,Unknown,0,4,2,58,39,79,43,0,75,3,2,2,63,31,71,39,0,0,0,0,0,0,0
2025-520,Roland Garros,Clay,32,A,,95,juan manuel-cerundolo,12,,Juan Manuel Cerundolo,R,0,ARG,0.0,hady-habib,,,Hady Habib,R,0,LBN,0.0,,3,Unknown,0,2,3,66,69,64,63,0,40,2,4,2,74,70,60,56,0,38,3,0,0,0,0
2025-520,Roland Garros,Clay,32,A,,94,henrique-rocha,,,Henrique Rocha,R,0,POR,0.0,tomas-barrios vera,13,,Tomas Barrios Vera,R,0,CHI,0.0,,3,Unknown,0,1,2,58,51,57,49,0,69,9,4,2,65,37,78,50,0,60,3,0,0,0,0
2025-520,Roland Garros,Clay,32,A,,93,giulio-zeppieri,,,Giulio Zeppieri,R,0,ITA,0.0,eliot-spizzirri,15,,Eliot Spizzirri,R,0,USA,0.0,,3,Unknown,0,0,1,81,39,54,44,0,20,1,5,1,87,45,71,57,0,67,2,0,0,0,0
2025-520,Roland Garros,Clay,32,A,,92,daniel elahi-galan,18,,Daniel Elahi Galan,R,0,COL,0.0,dmitry-popko,,,Dmitry Popko,R,0,KAZ,0.0,,3,Unknown,0,0,1,66,31,45,56,0,43,3,2,0,83,50,60,90,0,100,4,0,0,0,0
2025-520,Roland Garros,Clay,32,A,,91,yannick-hanfmann,19,,Yannick Hanfmann,R,0,GER,0.0,matteo-martineau,,WC,Matteo Martineau,R,0,FRA,0.0,,3,Unknown,0,3,4,72,52,62,50,0,67,4,1,1,79,41,78,73,0,0,0,0,0,0,0
2025-520,Roland Garros,Clay,32,A,,90,lloyd-harris,,,Lloyd Harris,R,0,RSA,0.0,otto-virtanen,23,,Otto Virtanen,R,0,FIN,0.0,,3,Unknown,0,6,3,61,37,81,67,0,0,0,2,2,67,51,71,48,0,75,6,0,0,0,0
2025-520,Roland Garros,Clay,32,A,,89,federico agustin-gomez,29,,Federico Agustin Gomez,R,0,ARG,0.0,martin-landaluce,,,Martin Landaluce,R,0,ESP,0.0,,3,Unknown,0,3,8,65,56,61,43,0,44,4,5,5,53,51,67,59,0,83,5,0,0,0,0
2025-520,Roland Garros,Clay,32,A,,88,maximilian-marterer,,,Maximilian Marterer,R,0,GER,0.0,federico-coria,30,,Federico Coria,R,0,ARG,0.0,,3,Unknown,0,0,0,75,15,60,40,0,75,3,1,4,60,18,39,33,0,40,2,0,0,0,0
2025-520,Roland Garros,Clay,32,A,,87,nikoloz-basilashvili,,,Nikoloz Basilashvili,R,0,GEO,0.0,valentin-vacherot,,,Valentin Vacherot,R,0,MON,0.0,,3,Unknown,0,4,0,62,46,72,39,0,20,1,1,2,75,46,57,47,0,29,2,0,0,0,0
2025-520,Roland Garros,Clay,32,A,,86,ugo-blanchet,,,Ugo Blanchet,R,0,FRA,0.0,cristian-garin,,,Cristian Garin,R,0,CHI,0.0,,3,Unknown,0,6,2,62,52,77,63,0,80,4,3,2,70,59,73,60,0,67,2,0,0,0,0
2025-520,Roland Garros,Clay,32,A,,85,titouan-droguet,,,Titouan Droguet,R,0,FRA,0.0,arthur-gea,,WC,Arthur Gea,R,0,FRA,0.0,,3,Unknown,0,3,2,76,74,66,43,0,64,7,2,3,62,63,57,49,0,60,9,0,0,0,0
2025-520,Roland Garros,Clay,32,A,,84,filip cristian-jianu,,,Filip Cristian Jianu,R,0,ROU,0.0,henri-squire,,,Henri Squire,R,0,GER,0.0,,3,Unknown,0,2,1,80,43,77,45,0,83,5,4,4,70,48,56,38,0,64,7,0,0,0,0
2025-520,Roland Garros,Clay,32,A,,83,lukas-klein,,,Lukas Klein,R,0,SVK,0.0,nicolas-moreno de alboran,,,Nicolas Moreno De Alboran,R,0,USA,0.0,,3,Unknown,0,6,0,84,85,66,63,0,79,11,7,3,78,83,72,48,0,75,3,0,0,0,0
2025-520,Roland Garros,Clay,32,A,,82,clement-tabur,,WC,Clement Tabur,R,0,FRA,0.0,daniel-evans,,,Daniel Evans,R,0,GBR,0.0,,3,Unknown,0,1,2,61,31,65,35,0,20,1,2,1,62,26,88,63,0,100,1,0,0,0,0
2025-520,Roland Garros,Clay,32,A,,81,luca-van assche,,,Luca Van Assche,R,0,FRA,0.0,timofey-skatov,,,Timofey Skatov,R,0,KAZ,0.0,,3,Unknown,0,1,0,72,81,57,41,0,61,11,1,3,77,72,68,36,0,40,2,0,0,0,0
2025-520,Roland Garros,Clay,32,A,,80,alexander-shevchenko,2,,Alexander Shevchenko,R,0,KAZ,0.0,mathys-erhard,,WC,Mathys Erhard,R,0,FRA,0.0,,3,Unknown,0,3,3,67,69,65,32,0,40,4,2,1,67,67,55,45,0,50,6,0,0,0,0
2025-520,Roland Garros,Clay,32,A,,79,elmer-moller,10,,Elmer Moller,R,0,DEN,0.0,kimmer-coppejans,,,Kimmer Coppejans,R,0,BEL,0.0,,3,Unknown,0,1,2,63,51,63,67,0,75,6,3,4,63,53,55,45,0,50,6,0,0,0,0
2025-520,Roland Garros,Clay,32,A,,78,ethan-quinn,11,,Ethan Quinn,R,0,USA,0.0,bernard-tomic,,,Bernard Tomic,R,0,AUS,0.0,,3,Unknown,0,3,5,61,43,65,57,0,75,3,4,0,68,38,68,33,0,57,4,0,0,0,0
2025-520,Roland Garros,Clay,32,A,,77,geoffrey-blancaneaux,,WC,Geoffrey Blancaneaux,R,0,FRA,0.0,thiago-seyboth wild,14,,Thiago Seyboth Wild,R,0,BRA,0.0,,3,Unknown,0,2,0,65,33,73,33,0,40,2,7,1,52,30,80,61,0,100,3,0,0,0,0
2025-520,Roland Garros,Clay,32,A,,76,vilius-gaubas,,,Vilius Gaubas,R,0,LTU,0.0,tristan-boyer,16,,Tristan Boyer,R,0,USA,0.0,,3,Unknown,0,1,3,74,48,56,35,0,44,4,1,3,74,54,65,47,0,63,5,0,0,0,0
2025-520,Roland Garros,Clay,32,A,,75,pablo-llamas ruiz,,,Pablo Llamas Ruiz,R,0,ESP,0.0,dalibor-svrcina,22,,Dalibor Svrcina,R,0,CZE,0.0,,3,Unknown,0,1,0,78,29,72,63,0,100,1,0,0,62,28,39,35,0,33,3,0,0,0,0
2025-520,Roland Garros,Clay,32,A,,74,thiago agustin-tirante,24,,Thiago Agustin Tirante,R,0,ARG,0.0,august-holmgren,,,August Holmgren,R,0,DEN,0.0,,3,Unknown,0,0,0,0,0,0,0,0,0,0,0,0,0,0,0,0,0,0,0,0,0,0,0
2025-520,Roland Garros,Clay,32,A,,73,albert-ramos-vinolas,,,Albert Ramos-Vinolas,R,0,ESP,0.0,roman andres-burruchaga,25,,Roman Andres Burruchaga,R,0,ARG,0.0,,3,Unknown,0,0,0,85,74,66,38,0,71,5,1,5,86,68,60,27,0,57,4,0,0,0,0
2025-520,Roland Garros,Clay,32,A,,72,federico-arnaboldi,,,Federico Arnaboldi,R,0,ITA,0.0,michael-mmoh,,,Michael Mmoh,R,0,USA,0.0,,3,Unknown,0,3,0,62,28,64,59,0,25,1,3,0,70,42,71,67,0,0,0,0,0,0,0
2025-520,Roland Garros,Clay,32,A,,71,andrea-collarini,,,Andrea Collarini,R,0,ARG,0.0,alvaro-guillen meza,,,Alvaro Guillen Meza,R,0,ECU,0.0,,3,Unknown,0,1,2,82,74,61,56,0,67,6,0,3,86,63,52,40,0,56,5,0,0,0,0
2025-520,Roland Garros,Clay,32,A,,70,matteo-gigante,,,Matteo Gigante,R,0,ITA,0.0,zachary-svajda,,,Zachary Svajda,R,0,USA,0.0,,3,Unknown,0,4,2,59,38,63,35,0,38,3,2,3,63,32,75,47,0,25,1,0,0,0,0
2025-520,Roland Garros,Clay,32,A,,69,benjamin-hassan,,,Benjamin Hassan,R,0,LBN,0.0,sascha-gueymard wayenburg,,WC,Sascha Gueymard Wayenburg,R,0,FRA,0.0,,3,Unknown,0,1,3,68,43,70,45,0,75,6,3,0,58,32,75,78,0,100,1,0,0,0,0
2025-520,Roland Garros,Clay,32,A,,68,kyrian-jacquet,,,Kyrian Jacquet,R,0,FRA,0.0,stefano-napolitano,,,Stefano Napolitano,R,0,ITA,0.0,,3,Unknown,0,1,1,61,40,53,42,0,44,4,5,2,65,42,74,43,0,40,2,0,0,0,0
2025-520,Roland Garros,Clay,32,A,,67,filip-misolic,,,Filip Misolic,R,0,AUT,0.0,lukas-neumayer,,,Lukas Neumayer,R,0,AUT,0.0,,3,Unknown,0,2,1,67,60,52,63,0,50,5,2,3,65,63,67,41,0,69,9,0,0,0,0
2025-520,Roland Garros,Clay,32,A,,66,jurij-rodionov,,,Jurij Rodionov,R,0,AUT,0.0,sumit-nagal,,,Sumit Nagal,R,0,IND,0.0,,3,Unknown,0,1,2,74,40,60,29,0,56,5,1,0,82,56,45,33,0,50,7,0,0,0,0
2025-520,Roland Garros,Clay,32,A,,65,james-trotter,,,James Trotter,R,0,JPN,0.0,jason-kubler,,,Jason Kubler,R,0,AUS,0.0,,3,Unknown,0,4,1,63,60,78,53,0,50,2,2,4,64,66,77,54,0,67,4,0,0,0,0
2025-520,Roland Garros,Clay,32,A,,64,titouan-droguet,,,Titouan Droguet,R,0,FRA,0.0,borna-coric,1,,Borna Coric,R,0,CRO,0.0,,3,Unknown,0,2,2,70,65,63,71,0,33,2,3,2,79,77,75,48,0,40,2,0,0,0,0
2025-520,Roland Garros,Clay,32,A,,63,federico-arnaboldi,,,Federico Arnaboldi,R,0,ITA,0.0,chun-hsin-tseng,4,,Chun-Hsin Tseng,R,0,TPE,0.0,,3,Unknown,0,2,0,71,65,65,50,0,73,8,4,3,78,87,63,54,0,82,9,0,0,0,0
2025-520,Roland Garros,Clay,32,A,,62,daniel-evans,,,Daniel Evans,R,0,GBR,0.0,billy-harris,6,,Billy Harris,R,0,GBR,0.0,,3,Unknown,0,3,2,78,60,58,53,0,50,4,3,2,76,41,73,69,0,50,1,0,0,0,0
2025-520,Roland Garros,Clay,32,A,,61,marin-cilic,8,,Marin Cilic,R,0,CRO,0.0,yibing-wu,,,Yibing Wu,R,0,CHN,0.0,,3,Unknown,0,5,1,59,27,89,58,0,100,3,2,2,72,46,57,44,0,60,6,0,0,0,0
2025-520,Roland Garros,Clay,32,A,,60,jurij-rodionov,,,Jurij Rodionov,R,0,AUT,0.0,christopher-eubanks,9,,Christopher Eubanks,R,0,USA,0.0,,3,Unknown,0,15,0,82,50,80,45,0,50,1,5,2,74,45,87,75,0,0,0,0,0,0,0
2025-520,Roland Garros,Clay,32,A,,59,juan manuel-cerundolo,12,,Juan Manuel Cerundolo,R,0,ARG,0.0,gauthier-onclin,,,Gauthier Onclin,R,0,BEL,0.0,,3,Unknown,0,4,5,79,57,63,60,0,40,2,0,2,85,71,58,38,0,43,3,0,0,0,0
2025-520,Roland Garros,Clay,32,A,,58,tomas-barrios vera,13,,Tomas Barrios Vera,R,0,CHI,0.0,luka-pavlovic,,,Luka Pavlovic,R,0,FRA,0.0,,3,Unknown,0,0,0,67,42,71,71,0,100,6,4,5,51,31,68,50,0,57,4,0,0,0,0
2025-520,Roland Garros,Clay,32,A,,57,thiago-seyboth wild,14,,Thiago Seyboth Wild,R,0,BRA,0.0,yasutaka-uchiyama,,,Yasutaka Uchiyama,R,0,JPN,0.0,,3,Unknown,0,1,2,81,44,84,30,0,100,5,7,0,66,48,60,44,0,73,8,0,0,0,0
2025-520,Roland Garros,Clay,32,A,,56,eliot-spizzirri,15,,Eliot Spizzirri,R,0,USA,0.0,hugo-grenier,,,Hugo Grenier,R,0,FRA,0.0,,3,Unknown,0,1,3,64,67,72,53,0,33,2,8,6,70,88,69,43,0,77,10,0,0,0,0
2025-520,Roland Garros,Clay,32,A,,55,henri-squire,,,Henri Squire,R,0,GER,0.0,felipe-meligeni alves,17,,Felipe Meligeni Alves,R,0,BRA,0.0,,3,Unknown,0,10,4,74,57,72,45,0,25,1,3,2,69,56,66,32,0,55,6,0,0,0,0
2025-520,Roland Garros,Clay,32,A,,54,daniel elahi-galan,18,,Daniel Elahi Galan,R,0,COL,0.0,omar-jasika,,,Omar Jasika,R,0,AUS,0.0,,3,Unknown,0,2,3,70,55,58,54,0,67,8,8,0,58,43,74,71,0,80,4,0,0,0,0
2025-520,Roland Garros,Clay,32,A,,53,luca-van assche,,,Luca Van Assche,R,0,FRA,0.0,adrian-mannarino,20,,Adrian Mannarino,R,0,FRA,0.0,,3,Unknown,0,1,1,71,45,69,39,0,67,4,1,0,73,48,54,50,0,44,4,0,0,0,0
2025-520,Roland Garros,Clay,32,A,,52,otto-virtanen,23,,Otto Virtanen,R,0,FIN,0.0,antoine-escoffier,,,Antoine Escoffier,R,0,FRA,0.0,,3,Unknown,0,0,5,71,57,56,43,0,67,8,2,1,81,59,68,50,0,63,5,0,0,0,0
2025-520,Roland Garros,Clay,32,A,,51,valentin-vacherot,,,Valentin Vacherot,R,0,MON,0.0,carlos-taberner,28,,Carlos Taberner,R,0,ESP,0.0,,3,Unknown,0,2,2,64,35,83,45,0,50,1,4,3,59,33,61,43,0,67,8,0,0,0,0
2025-520,Roland Garros,Clay,32,A,,50,filip-misolic,,,Filip Misolic,R,0,AUT,0.0,liam-draxl,31,,Liam Draxl,R,0,CAN,0.0,,3,Unknown,0,1,3,64,28,79,44,0,50,1,1,1,60,28,54,26,0,44,4,0,0,0,0
2025-520,Roland Garros,Clay,32,A,,49,cristian-garin,,,Cristian Garin,R,0,CHI,0.0,harold-mayot,32,,Harold Mayot,R,0,FRA,0.0,,3,Unknown,0,1,2,69,44,68,45,0,50,2,1,1,74,40,65,21,0,50,4,0,0,0,0
2025-520,Roland Garros,Clay,32,A,,48,nikoloz-basilashvili,,,Nikoloz Basilashvili,R,0,GEO,0.0,gijs-brouwer,,,Gijs Brouwer,R,0,NED,0.0,,3,Unknown,0,8,1,68,38,79,44,0,83,5,0,7,66,31,58,25,0,64,7,0,0,0,0
2025-520,Roland Garros,Clay,32,A,,47,geoffrey-blancaneaux,,WC,Geoffrey Blancaneaux,R,0,FRA,0.0,mikhail-kukushkin,,,Mikhail Kukushkin,R,0,KAZ,0.0,,3,Unknown,0,1,2,77,37,73,45,0,67,2,0,1,84,32,34,17,0,45,5,0,0,0,0
2025-520,Roland Garros,Clay,32,A,,46,ugo-blanchet,,,Ugo Blanchet,R,0,FRA,0.0,chris-rodesch,,,Chris Rodesch,R,0,LUX,0.0,,3,Unknown,0,3,5,70,56,68,38,0,57,4,4,4,63,54,70,50,0,83,10,0,0,0,0
2025-520,Roland Garros,Clay,32,A,,45,arthur-gea,,WC,Arthur Gea,R,0,FRA,0.0,alexander-blockx,,,Alexander Blockx,R,0,BEL,0.0,,3,Unknown,0,4,5,70,90,59,45,0,76,16,1,2,81,72,61,35,0,57,8,0,0,0,0
2025-520,Roland Garros,Clay,32,A,,44,hady-habib,,,Hady Habib,R,0,LBN,0.0,facundo-mena,,,Facundo Mena,R,0,ARG,0.0,,3,Unknown,0,9,1,71,69,72,64,0,83,5,9,4,65,84,68,47,0,71,10,0,0,0,0
2025-520,Roland Garros,Clay,32,A,,43,lloyd-harris,,,Lloyd Harris,R,0,RSA,0.0,marc-andrea-huesler,,,Marc-Andrea Huesler,R,0,SUI,0.0,,3,Unknown,0,5,2,55,32,81,54,0,100,2,2,5,57,34,76,35,0,63,5,0,0,0,0
2025-520,Roland Garros,Clay,32,A,,42,filip cristian-jianu,,,Filip Cristian Jianu,R,0,ROU,0.0,jozef-kovalik,,,Jozef Kovalik,R,0,SVK,0.0,,3,Unknown,0,4,1,77,80,63,50,0,62,8,4,5,49,43,70,55,0,33,2,0,0,0,0
2025-520,Roland Garros,Clay,32,A,,41,pol-martin tiffon,,,Pol Martin Tiffon,R,0,ESP,0.0,moise-kouame,,WC,Moise Kouame,R,0,FRA,0.0,,3,Unknown,0,2,3,71,80,63,48,0,67,6,4,4,58,49,78,40,0,67,6,0,0,0,0
2025-520,Roland Garros,Clay,32,A,,40,michael-mmoh,,,Michael Mmoh,R,0,USA,0.0,calvin-hemery,,,Calvin Hemery,R,0,FRA,0.0,,3,Unknown,0,9,2,79,84,75,35,0,71,5,9,5,65,79,68,44,0,73,11,0,0,0,0
2025-520,Roland Garros,Clay,32,A,,39,sumit-nagal,,,Sumit Nagal,R,0,IND,0.0,mitchell-krueger,,,Mitchell Krueger,R,0,USA,0.0,,3,Unknown,0,4,1,72,34,41,38,0,38,3,1,1,69,31,81,50,0,100,2,0,0,0,0
2025-520,Roland Garros,Clay,32,A,,38,lukas-neumayer,,,Lukas Neumayer,R,0,AUT,0.0,marco-trungelliti,,,Marco Trungelliti,R,0,ARG,0.0,,3,Unknown,0,2,3,69,34,56,20,0,45,5,1,5,58,29,72,38,0,25,1,0,0,0,0
2025-520,Roland Garros,Clay,32,A,,37,dmitry-popko,,,Dmitry Popko,R,0,KAZ,0.0,aziz-dougaz,,,Aziz Dougaz,R,0,TUN,0.0,,3,Unknown,0,5,2,71,76,72,29,0,29,2,2,3,80,97,59,56,0,56,9,0,0,0,0
2025-520,Roland Garros,Clay,32,A,,36,henrique-rocha,,,Henrique Rocha,R,0,POR,0.0,robin-bertrand,,WC,Robin Bertrand,R,0,FRA,0.0,,3,Unknown,0,0,0,0,0,0,0,0,0,0,0,0,0,0,0,0,0,0,0,0,0,0,0
2025-520,Roland Garros,Clay,32,A,,35,timofey-skatov,,,Timofey Skatov,R,0,KAZ,0.0,alibek-kachmazov,,,Alibek Kachmazov,R,0,RUS,0.0,,3,Unknown,0,1,3,78,49,57,36,0,50,5,1,2,79,45,62,58,0,71,5,0,0,0,0
2025-520,Roland Garros,Clay,32,A,,34,clement-tabur,,WC,Clement Tabur,R,0,FRA,0.0,li-tu,,,Li Tu,R,0,AUS,0.0,,3,Unknown,0,7,1,81,69,72,56,0,50,2,9,1,81,82,61,58,0,63,5,0,0,0,0
2025-520,Roland Garros,Clay,32,A,,33,giulio-zeppieri,,,Giulio Zeppieri,R,0,ITA,0.0,jan-choinski,,,Jan Choinski,R,0,GBR,0.0,,3,Unknown,0,10,3,63,41,85,67,0,100,2,1,2,70,53,70,52,0,80,4,0,0,0,0
2025-520,Roland Garros,Clay,32,A,,32,alexander-shevchenko,2,,Alexander Shevchenko,R,0,KAZ,0.0,shintaro-mochizuki,,,Shintaro Mochizuki,R,0,JPN,0.0,,3,Unknown,0,5,4,57,58,71,44,0,33,2,2,4,63,66,59,41,0,46,6,0,0,0,0
2025-520,Roland Garros,Clay,32,A,,31,andrea-collarini,,,Andrea Collarini,R,0,ARG,0.0,nishesh-basavareddy,3,,Nishesh Basavareddy,R,0,USA,0.0,,3,Unknown,0,10,4,78,85,69,46,0,50,3,2,3,73,68,72,64,0,0,0,0,0,0,0
2025-520,Roland Garros,Clay,32,A,,30,james-trotter,,,James Trotter,R,0,JPN,0.0,brandon-holt,5,,Brandon Holt,R,0,USA,0.0,,3,Unknown,0,2,0,78,32,53,67,0,40,2,6,1,65,36,81,58,0,100,1,0,0,0,0
2025-520,Roland Garros,Clay,32,A,,29,nicolas-moreno de alboran,,,Nicolas Moreno De Alboran,R,0,USA,0.0,fabio-fognini,7,,Fabio Fognini,R,0,ITA,0.0,,3,Unknown,0,2,6,75,55,62,39,0,73,8,3,0,79,46,72,67,0,100,2,0,0,0,0
2025-520,Roland Garros,Clay,32,A,,28,elmer-moller,10,,Elmer Moller,R,0,DEN,0.0,facundo-bagnis,,,Facundo Bagnis,R,0,ARG,0.0,,3,Unknown,0,1,4,68,44,68,57,0,33,1,1,2,57,33,70,32,0,20,1,0,0,0,0
2025-520,Roland Garros,Clay,32,A,,27,ethan-quinn,11,,Ethan Quinn,R,0,USA,0.0,mark-lajal,,,Mark Lajal,R,0,EST,0.0,,3,Unknown,0,2,3,73,49,67,50,0,40,2,2,3,69,45,69,35,0,29,2,0,0,0,0
2025-520,Roland Garros,Clay,32,A,,26,tristan-boyer,16,,Tristan Boyer,R,0,USA,0.0,daniel-rincon,,,Daniel Rincon,R,0,ESP,0.0,,3,Unknown,0,3,2,70,53,70,57,0,78,7,0,1,82,55,64,50,0,40,2,0,0,0,0
2025-520,Roland Garros,Clay,32,A,,25,yannick-hanfmann,19,,Yannick Hanfmann,R,0,GER,0.0,ignacio-buse,,,Ignacio Buse,R,0,PER,0.0,,3,Unknown,0,3,3,86,76,58,33,0,25,2,1,3,87,88,64,23,0,77,10,0,0,0,0
2025-520,Roland Garros,Clay,32,A,,24,matteo-gigante,,,Matteo Gigante,R,0,ITA,0.0,jerome-kym,21,,Jerome Kym,R,0,SUI,0.0,,3,Unknown,0,6,3,70,56,77,54,0,0,0,3,1,62,55,67,53,0,70,7,0,0,0,0
2025-520,Roland Garros,Clay,32,A,,23,dalibor-svrcina,22,,Dalibor Svrcina,R,0,CZE,0.0,gregoire-barrere,,,Gregoire Barrere,R,0,FRA,0.0,,3,Unknown,0,0,2,71,51,59,52,0,73,8,1,4,76,45,71,57,0,100,4,0,0,0,0
2025-520,Roland Garros,Clay,32,A,,22,thiago agustin-tirante,24,,Thiago Agustin Tirante,R,0,ARG,0.0,juan pablo-ficovich,,,Juan Pablo Ficovich,R,0,ARG,0.0,,3,Unknown,0,1,0,70,31,52,46,0,44,4,1,3,57,26,85,50,0,50,1,0,0,0,0
2025-520,Roland Garros,Clay,32,A,,21,roman andres-burruchaga,25,,Roman Andres Burruchaga,R,0,ARG,0.0,constant-lestienne,,,Constant Lestienne,R,0,FRA,0.0,,3,Unknown,0,1,3,67,43,53,29,0,38,3,1,3,69,62,53,54,0,50,4,0,0,0,0
2025-520,Roland Garros,Clay,32,A,,20,benjamin-hassan,,,Benjamin Hassan,R,0,LBN,0.0,pavel-kotov,26,,Pavel Kotov,R,0,RUS,0.0,,3,Unknown,0,7,2,54,48,67,54,0,63,5,5,6,62,55,55,59,0,60,6,0,0,0,0
2025-520,Roland Garros,Clay,32,A,,19,kyrian-jacquet,,,Kyrian Jacquet,R,0,FRA,0.0,taro-daniel,27,,Taro Daniel,R,0,JPN,0.0,,3,Unknown,0,10,1,68,32,81,60,9,67,2,1,2,61,40,63,31,8,64,7,0,0,0,0
2025-520,Roland Garros,Clay,32,A,,18,federico agustin-gomez,29,,Federico Agustin Gomez,R,0,ARG,0.0,mae-malige,,WC,Mae Malige,R,0,FRA,0.0,,3,Unknown,0,2,6,45,25,60,40,0,29,2,3,1,62,31,68,63,0,33,1,0,0,0,0
2025-520,Roland Garros,Clay,32,A,,17,federico-coria,30,,Federico Coria,R,0,ARG,0.0,arthur-bouquier,,,Arthur Bouquier,R,0,FRA,0.0,,3,Unknown,0,4,10,65,74,70,43,0,63,5,1,3,78,73,68,62,0,78,7,0,0,0,0
2025-520,Roland Garros,Clay,32,A,,16,kimmer-coppejans,,,Kimmer Coppejans,R,0,BEL,0.0,yuta-shimizu,,,Yuta Shimizu,R,0,JPN,0.0,,3,Unknown,0,1,1,73,36,42,31,0,40,4,0,1,70,33,73,43,0,60,3,0,0,0,0
2025-520,Roland Garros,Clay,32,A,,15,mathys-erhard,,WC,Mathys Erhard,R,0,FRA,0.0,james-mccabe,,,James McCabe,R,0,AUS,0.0,,3,Unknown,0,2,1,42,22,64,30,0,44,4,1,2,75,38,71,62,0,100,3,0,0,0,0
2025-520,Roland Garros,Clay,32,A,,14,vilius-gaubas,,,Vilius Gaubas,R,0,LTU,0.0,duje-ajdukovic,,,Duje Ajdukovic,R,0,CRO,0.0,,3,Unknown,0,1,2,70,85,67,56,0,60,3,5,3,77,85,65,36,0,60,6,0,0,0,0
2025-520,Roland Garros,Clay,32,A,,13,sascha-gueymard wayenburg,,WC,Sascha Gueymard Wayenburg,R,0,FRA,0.0,tim-van rijthoven,,,Tim van Rijthoven,R,0,NED,0.0,,3,Unknown,0,5,1,72,47,57,33,0,43,3,2,3,69,46,76,43,0,86,6,0,0,0,0
2025-520,Roland Garros,Clay,32,A,,12,alvaro-guillen meza,,,Alvaro Guillen Meza,R,0,ECU,0.0,rodrigo-pacheco mendez,,,Rodrigo Pacheco Mendez,R,0,MEX,0.0,,3,Unknown,0,1,3,62,43,51,54,0,44,4,5,3,72,39,69,53,0,50,2,0,0,0,0
2025-520,Roland Garros,Clay,32,A,,11,august-holmgren,,,August Holmgren,R,0,DEN,0.0,murphy-cassone,,,Murphy Cassone,R,0,USA,0.0,,3,Unknown,0,1,3,51,30,63,45,0,67,8,2,0,82,31,84,86,0,0,0,0,0,0,0
2025-520,Roland Garros,Clay,32,A,,10,lukas-klein,,,Lukas Klein,R,0,SVK,0.0,guy-den ouden,,,Guy Den Ouden,R,0,NED,0.0,,3,Unknown,0,2,5,76,85,65,48,0,77,10,3,6,75,79,66,52,0,67,6,0,0,0,0
2025-520,Roland Garros,Clay,32,A,,9,jason-kubler,,,Jason Kubler,R,0,AUS,0.0,alejandro-moro canas,,,Alejandro Moro Canas,R,0,ESP,0.0,,3,Unknown,0,4,1,61,40,70,62,0,0,0,3,4,76,74,62,42,0,72,13,0,0,0,0
2025-520,Roland Garros,Clay,32,A,,8,martin-landaluce,,,Martin Landaluce,R,0,ESP,0.0,murkel-dellien,,,Murkel Dellien,R,0,BOL,0.0,,3,Unknown,0,3,9,68,77,71,42,0,63,5,1,2,69,77,65,51,0,70,7,0,0,0,0
2025-520,Roland Garros,Clay,32,A,,7,pablo-llamas ruiz,,,Pablo Llamas Ruiz,R,0,ESP,0.0,alex-bolt,,,Alex Bolt,R,0,AUS,0.0,,3,Unknown,0,0,0,92,85,56,57,0,25,2,3,0,89,102,56,38,0,56,9,0,0,0,0
2025-520,Roland Garros,Clay,32,A,,6,maximilian-marterer,,,Maximilian Marterer,R,0,GER,0.0,edas-butvilas,,,Edas Butvilas,R,0,LTU,0.0,,3,Unknown,0,0,0,73,46,70,71,0,0,0,1,2,60,42,67,54,0,60,3,0,0,0,0
2025-520,Roland Garros,Clay,32,A,,5,matteo-martineau,,WC,Matteo Martineau,R,0,FRA,0.0,alexis-galarneau,,,Alexis Galarneau,R,0,CAN,0.0,,3,Unknown,0,6,3,73,77,69,46,0,57,4,3,3,75,65,72,45,0,63,5,0,0,0,0
2025-520,Roland Garros,Clay,32,A,,4,stefano-napolitano,,,Stefano Napolitano,R,0,ITA,0.0,colton-smith,,,Colton Smith,R,0,USA,0.0,,3,Unknown,0,6,5,64,63,62,42,0,55,6,5,3,66,58,66,53,0,40,2,0,0,0,0
2025-520,Roland Garros,Clay,32,A,,3,albert-ramos-vinolas,,,Albert Ramos-Vinolas,R,0,ESP,0.0,khumoyun-sultanov,,,Khumoyun Sultanov,R,0,UZB,0.0,,3,Unknown,0,3,0,59,23,52,31,0,29,2,3,1,80,32,81,38,0,0,0,0,0,0,0
2025-520,Roland Garros,Clay,32,A,,2,zachary-svajda,,,Zachary Svajda,R,0,USA,0.0,beibit-zhukayev,,,Beibit Zhukayev,R,0,KAZ,0.0,,3,Unknown,0,7,1,64,39,62,45,0,56,5,5,0,58,33,73,67,0,33,1,0,0,0,0
2025-520,Roland Garros,Clay,32,A,,1,bernard-tomic,,,Bernard Tomic,R,0,AUS,0.0,coleman-wong,,,Coleman Wong,R,0,HKG,0.0,,3,Unknown,0,4,0,71,44,70,67,0,50,1,3,0,75,53,75,67,0,100,1,0,0,0,0
2025-416,Rome,Clay,32,A,,38,camilo-ugo carabelli,,,Camilo Ugo Carabelli,R,0,ARG,0.0,pablo-carreno busta,,LL,Pablo Carreno Busta,R,0,ESP,0.0,6-2  1-6  6-3 .,3,R128,126,1,3,55,78,33,13,12,0,3,1,1,52,75,31,13,12,7,11,0,0,0,0
2025-407,Rotterdam,Hard,32,A,,38,hubert-hurkacz,8,,Hubert Hurkacz,R,0,POL,0.0,andrey-rublev,4,,Andrey Rublev,R,0,RUS,0.0,6-7(5) 6-3  6-4 .,3,QF,144,5,6,71,114,51,17,15,7,10,17,1,60,94,48,19,16,4,5,0,0,0,0
2025-440,S Hertogenbosch,Grass,32,A,,38,gabriel-diallo,,,Gabriel Diallo,R,0,CAN,0.0,ugo-humbert,2,,Ugo Humbert,R,0,FRA,0.0,6-3  7-6(4).,3,SF,104,4,0,42,64,35,15,11,0,0,2,0,41,68,27,17,10,4,5,0,0,0,0
2025-8996,Santiago,Clay,32,A,,38,laslo-djere,,,Laslo Djere,R,0,SRB,0.0,francisco-cerundolo,1,,Francisco Cerundolo,R,0,ARG,0.0,6-1  4-6  6-3 .,3,SF,121,2,3,55,87,38,13,13,5,9,4,3,50,83,36,19,13,5,6,0,0,0,0
2025-321,Stuttgart,Clay,32,A,,38,alexander-zverev,1,,Alexander Zverev,R,0,GER,0.0,ben-shelton,3,,Ben Shelton,R,0,USA,0.0,7-6(8) 7-6(1).,3,SF,121,15,1,58,75,50,10,12,0,0,21,5,60,97,47,18,12,6,6,0,0,0,0
2025-421,Toronto,Hard,32,A,,38,fabian-marozsan,,,Fabian Marozsan,R,0,HUN,0.0,hugo-dellien,,,Hugo Dellien,R,0,BOL,0.0,6-2  6-2 .,3,R128,63,4,0,24,40,20,13,8,0,0,3,2,28,53,15,13,8,2,6,0,0,0,0
2025-439,Umag,Clay,32,A,,38,luciano-darderi,2,,Luciano Darderi,R,0,ITA,0.0,camilo-ugo carabelli,3,,Camilo Ugo Carabelli,R,0,ARG,0.0,7-6(6) 6-3 .,3,SF,104,5,0,45,70,31,15,10,3,4,4,0,38,69,31,21,11,2,2,0,0,0,0
2025-418,Washington,Clay,32,A,,38,daniel-evans,,WC,Daniel Evans,R,0,GBR,0.0,alex-michelsen,13,,Alex Michelsen,R,0,USA,0.0,6-4  6-4 .,3,R32,104,6,7,31,61,22,14,10,1,4,2,2,46,79,34,14,10,1,2,0,0,0,0
2025-422,Cincinnati,Hard,32,A,,38,roman-safiullin,,,Roman Safiullin,R,0,RUS,0.0,alejandro-tabilo,,,Alejandro Tabilo,R,0,CHI,0.0,6-3  6-3 .,3,R128,68,11,3,29,47,25,12,9,0,0,6,1,30,50,23,9,9,2,5,0,0,0,0
2025-807,Acapulco,Hard,32,A,,37,brandon-nakashima,,,Brandon Nakashima,R,0,USA,0.0,david-goffin,,,David Goffin,R,0,BEL,0.0,7-6(4) 6-2 .,3,QF,122,12,1,51,78,34,10,10,5,8,1,2,42,78,22,17,10,6,11,0,0,0,0
2025-8998,Adelaide,Hard,32,A,,37,sebastian-korda,2,,Sebastian Korda,R,0,USA,0.0,miomir-kecmanovic,,,Miomir Kecmanovic,R,0,SRB,0.0,6-3  7-6(4).,3,SF,79,2,2,46,61,34,9,10,0,1,13,3,44,68,37,14,11,0,0,0,0,0,0
2025-301,Auckland,Hard,32,A,,37,gael-monfils,,,Gael Monfils,R,0,FRA,0.0,nishesh-basavareddy,,Q,Nishesh Basavareddy,R,0,USA,0.0,7-6(5) 6-4 .,3,SF,106,7,2,48,88,36,22,11,5,5,3,0,38,59,27,17,11,1,2,0,0,0,0
2025-425,Barcelona,Clay,32,A,,37,stefanos-tsitsipas,3,,Stefanos Tsitsipas,R,0,GRE,0.0,sebastian-korda,,,Sebastian Korda,R,0,USA,0.0,7-6(4) 6-4 .,3,R16,97,1,3,38,67,28,22,11,0,0,5,2,44,77,33,20,11,6,7,0,0,0,0
2025-316,Bastad,Clay,32,A,,37,jesper-de jong,,,Jesper de Jong,R,0,NED,0.0,camilo-ugo carabelli,5,,Camilo Ugo Carabelli,R,0,ARG,0.0,6-3  7-6(3).,3,SF,112,3,3,37,64,26,13,10,1,3,8,2,41,70,34,13,11,0,1,0,0,0,0
2025-339,Brisbane,Hard,32,A,,37,jordan-thompson,8,,Jordan Thompson,R,0,AUS,0.0,alex-michelsen,,,Alex Michelsen,R,0,USA,0.0,7-5  6-3 .,3,R16,102,3,1,37,60,28,15,10,6,7,4,2,46,65,29,9,11,3,7,0,0,0,0
2025-4462,Bucharest,Clay,32,A,,37,flavio-cobolli,3,,Flavio Cobolli,R,0,ITA,0.0,damir-dzumhur,,,Damir Dzumhur,R,0,BIH,0.0,6-3  6-0 .,3,SF,63,3,2,28,47,22,12,8,0,0,1,1,33,50,16,7,7,8,12,0,0,0,0
2025-506,Buenos Aires,Clay,32,A,,37,joao-fonseca,,,Joao Fonseca,R,0,BRA,0.0,laslo-djere,,Q,Laslo Djere,R,0,SRB,0.0,7-6(3) 5-7  6-1 .,3,SF,156,2,3,61,107,44,23,15,8,11,8,2,66,93,51,15,16,4,6,0,0,0,0
2025-424,Dallas,Hard,32,A,,37,jaume-munar,,,Jaume Munar,R,0,ESP,0.0,matteo-arnaldi,8,,Matteo Arnaldi,R,0,ITA,0.0,6-4  3-6  6-3 .,3,QF,136,4,4,58,90,45,16,14,3,5,4,5,57,89,43,20,14,4,5,0,0,0,0
2025-499,Delray Beach,Clay,32,A,,37,alejandro-davidovich fokina,8,,Alejandro Davidovich Fokina,R,0,ESP,0.0,matteo-arnaldi,4,,Matteo Arnaldi,R,0,ITA,0.0,6-4  6-4 .,3,SF,102,1,1,41,66,28,12,10,6,8,4,2,31,63,20,15,10,2,6,0,0,0,0
2025-451,Doha,Hard,32,A,,37,jack-draper,8,,Jack Draper,R,0,GBR,0.0,matteo-berrettini,,,Matteo Berrettini,R,0,ITA,0.0,4-6  6-4  6-3 .,3,QF,141,16,0,84,111,56,14,14,11,13,8,3,59,82,45,15,15,3,4,0,0,0,0
2025-495,Dubai,Hard,32,A,,37,quentin-halys,,Q,Quentin Halys,R,0,FRA,0.0,luca-nardi,,LL,Luca Nardi,R,0,ITA,0.0,2-6  6-3  7-6(5).,3,QF,126,2,1,46,83,37,23,14,8,10,12,4,59,99,46,19,15,6,9,0,0,0,0
2025-741,Eastbourne,Hard,32,A,,37,jenson-brooksby,,LL,Jenson Brooksby,R,0,USA,0.0,ugo-humbert,4,,Ugo Humbert,R,0,FRA,0.0,6-7(7) 6-4  6-4 .,3,SF,167,4,3,65,103,44,16,16,7,13,4,6,56,104,39,26,16,9,13,0,0,0,0
2025-322,Geneva,Hard,32,A,,37,hubert-hurkacz,6,,Hubert Hurkacz,R,0,POL,0.0,sebastian-ofner,,Q,Sebastian Ofner,R,0,AUT,0.0,6-3  6-4 .,3,SF,60,7,0,33,47,29,11,10,0,0,1,3,38,59,24,12,9,5,7,0,0,0,0
2025-314,Gstaad,Clay,32,A,,37,juan manuel-cerundolo,,,Juan Manuel Cerundolo,R,0,ARG,0.0,ignacio-buse,,Q,Ignacio Buse,R,0,PER,0.0,6-3  6-3 .,3,SF,82,3,1,40,54,30,9,9,1,1,3,3,26,54,17,15,9,3,6,0,0,0,0
2025-500,Halle,Grass,32,A,,37,karen-khachanov,8,,Karen Khachanov,R,0,RUS,0.0,tomas martin-etcheverry,,,Tomas Martin Etcheverry,R,0,ARG,0.0,6-3  6-2 .,3,QF,72,2,1,29,49,20,8,8,4,7,6,0,25,44,23,13,9,0,0,0,0,0,0
2025-414,Hamburg,Clay,32,A,,37,tomas martin-etcheverry,,,Tomas Martin Etcheverry,R,0,ARG,0.0,jiri-lehecka,,,Jiri Lehecka,R,0,CZE,0.0,7-5  6-3 .,3,QF,112,2,0,40,64,26,16,11,4,6,2,0,53,74,30,10,10,4,8,0,0,0,0
2025-336,Hong Kong,Hard,32,A,,37,kei-nishikori,,WC,Kei Nishikori,R,0,JPN,0.0,juncheng-shang,,,Juncheng Shang,R,0,CHN,0.0,4-3 RET.,3,SF,20,3,0,12,15,9,3,3,0,0,3,0,13,22,10,7,4,0,0,0,0,0,0
2025-717,Houston,Clay,32,A,,37,frances-tiafoe,2,,Frances Tiafoe,R,0,USA,0.0,brandon-nakashima,4,,Brandon Nakashima,R,0,USA,0.0,6-4  7-6(3).,3,SF,101,6,1,53,81,33,9,11,5,10,4,1,36,60,25,13,11,1,5,0,0,0,0
2025-404,Indian Wells,Hard,32,A,,37,yosuke-watanuki,,Q,Yosuke Watanuki,R,0,JPN,0.0,alexander-bublik,,,Alexander Bublik,R,0,KAZ,0.0,6-3  3-6  6-3 .,3,R128,98,13,8,43,81,35,17,13,9,11,13,2,49,76,37,18,14,3,4,0,0,0,0
2025-319,Kitzbuhel,Clay,32,A,,37,arthur-cazaux,SE,,Arthur Cazaux,R,0,FRA,0.0,arthur-rinderknech,6,,Arthur Rinderknech,R,0,FRA,0.0,7-5  6-3 .,3,SF,115,8,0,37,61,31,14,11,0,0,4,1,38,58,26,11,10,2,4,0,0,0,0
2025-311,London,Grass,32,A,,37,jiri-lehecka,,,Jiri Lehecka,R,0,CZE,0.0,jacob-fearnley,,,Jacob Fearnley,R,0,GBR,0.0,7-5  6-2 .,3,QF,77,7,0,34,54,27,12,10,0,1,1,10,37,58,25,7,10,6,10,0,0,0,0
2025-7480,Los Cabos,Hard,32,A,,37,denis-shapovalov,3,,Denis Shapovalov,R,0,CAN,0.0,adam-walton,8,,Adam Walton,R,0,AUS,0.0,6-2  6-2 .,3,SF,66,7,4,29,52,22,14,8,4,4,3,2,17,37,11,9,8,0,4,0,0,0,0
2025-1536,Madrid,Clay,32,A,,37,arthur-rinderknech,,,Arthur Rinderknech,R,0,FRA,0.0,roman-safiullin,,,Roman Safiullin,R,0,RUS,0.0,7-6(4) 6-1 .,3,R128,81,2,2,40,65,28,11,9,4,7,7,0,42,57,37,6,10,0,1,0,0,0,0
2025-8994,Mallorca,Grass,32,A,,37,corentin-moutet,,,Corentin Moutet,R,0,FRA,0.0,alex-michelsen,3,,Alex Michelsen,R,0,USA,0.0,6-4  7-6(3).,3,SF,115,4,1,51,76,35,14,11,8,10,1,1,44,72,25,16,11,6,9,0,0,0,0
2025-360,Marrakech,Clay,32,A,,37,luciano-darderi,7,,Luciano Darderi,R,0,ITA,0.0,roberto-carballes baena,5,,Roberto Carballes Baena,R,0,ESP,0.0,6-3  6-2 .,3,SF,92,0,2,38,55,20,5,8,5,9,5,1,29,58,23,16,9,2,3,0,0,0,0
2025-496,Marseille,Hard,32,A,,37,ugo-humbert,2,,Ugo Humbert,R,0,FRA,0.0,zizou-bergs,,,Zizou Bergs,R,0,BEL,0.0,6-4  6-4 .,3,SF,90,5,2,31,58,23,14,10,4,6,5,2,35,60,29,16,10,1,1,0,0,0,0
2025-403,Miami,Hard,32,A,,37,camilo-ugo carabelli,,LL,Camilo Ugo Carabelli,R,0,ARG,0.0,brandon-holt,,Q,Brandon Holt,R,0,USA,0.0,2-6  7-6(5) 6-4 .,3,R128,144,8,6,65,100,43,14,15,6,12,8,2,72,98,41,17,15,7,12,0,0,0,0
2025-410,Monte Carlo,Clay,32,A,,37,pedro-martinez,,,Pedro Martinez,R,0,ESP,0.0,lorenzo-sonego,,,Lorenzo Sonego,R,0,ITA,0.0,6-4  1-6  6-2 .,3,R64,133,7,4,53,87,41,12,13,8,11,0,1,51,66,36,7,12,1,3,0,0,0,0
2025-375,Montpellier,Clay,32,A,,37,felix-auger-aliassime,2,,Felix Auger-Aliassime,R,0,CAN,0.0,jesper-de jong,,,Jesper de Jong,R,0,NED,0.0,6-4  7-6(4).,3,SF,123,11,2,57,86,40,11,11,11,13,12,6,42,70,31,16,11,2,3,0,0,0,0
2025-308,Munich,Clay,32,A,,37,fabian-marozsan,,,Fabian Marozsan,R,0,HUN,0.0,zizou-bergs,,,Zizou Bergs,R,0,BEL,0.0,6-3  7-6(4).,3,QF,99,3,2,56,80,38,15,11,1,2,4,2,49,72,32,11,10,2,4,0,0,0,0
2025-6932,Rio De Janeiro,Clay,32,A,,37,camilo-ugo carabelli,,LL,Camilo Ugo Carabelli,R,0,ARG,0.0,jaime-faria,,LL,Jaime Faria,R,0,POR,0.0,7-6(5) 6-4 .,3,QF,116,8,0,45,75,35,16,11,1,2,9,4,56,85,43,9,11,7,9,0,0,0,0
2025-416,Rome,Clay,32,A,,37,otto-virtanen,,Q,Otto Virtanen,R,0,FIN,0.0,hamad-medjedovic,,,Hamad Medjedovic,R,0,SRB,0.0,6-4  6-4 .,3,R128,99,2,5,33,55,26,7,10,2,5,8,3,39,79,26,25,10,8,9,0,0,0,0
2025-407,Rotterdam,Hard,32,A,,37,mattia-bellucci,,Q,Mattia Bellucci,R,0,ITA,0.0,stefanos-tsitsipas,6/WC,,Stefanos Tsitsipas,R,0,GRE,0.0,6-4  6-2 .,3,QF,85,4,1,35,58,25,9,9,7,10,5,2,33,57,25,16,9,4,4,0,0,0,0
2025-440,S Hertogenbosch,Grass,32,A,,37,zizou-bergs,,,Zizou Bergs,R,0,BEL,0.0,reilly-opelka,,LL,Reilly Opelka,R,0,USA,0.0,6-1  6-4 .,3,SF,68,3,1,34,52,22,6,8,4,7,5,1,23,47,21,15,9,0,0,0,0,0,0
2025-8996,Santiago,Clay,32,A,,37,sebastian-baez,3,,Sebastian Baez,R,0,ARG,0.0,camilo-ugo carabelli,,,Camilo Ugo Carabelli,R,0,ARG,0.0,6-1  3-6  6-2 .,3,SF,107,2,3,51,75,34,13,12,4,6,3,1,47,77,29,14,12,5,10,0,0,0,0
2025-321,Stuttgart,Clay,32,A,,37,taylor-fritz,2,,Taylor Fritz,R,0,USA,0.0,felix-auger-aliassime,4,,Felix Auger-Aliassime,R,0,CAN,0.0,6-4  7-6(5).,3,SF,88,15,1,47,67,38,10,11,1,2,10,1,37,57,32,17,11,0,0,0,0,0,0
2025-421,Toronto,Hard,32,A,,37,mackenzie-mcdonald,,,Mackenzie McDonald,R,0,USA,0.0,david-goffin,,,David Goffin,R,0,BEL,0.0,6-4  6-4 .,3,R128,85,6,1,31,49,25,14,10,0,1,6,10,36,74,26,16,10,8,11,0,0,0,0
2025-439,Umag,Clay,32,A,,37,carlos-taberner,,,Carlos Taberner,R,0,ESP,0.0,damir-dzumhur,4,,Damir Dzumhur,R,0,BIH,0.0,6-2  6-1 .,3,SF,96,2,2,28,48,20,12,8,3,4,1,4,51,76,23,11,7,11,16,0,0,0,0
2025-418,Washington,Clay,32,A,,37,brandon-nakashima,14,,Brandon Nakashima,R,0,USA,0.0,ethan-quinn,,WC,Ethan Quinn,R,0,USA,0.0,6-3  6-4 .,3,R32,80,11,0,34,57,28,14,10,3,3,6,3,38,56,26,9,9,3,5,0,0,0,0
2025-422,Cincinnati,Hard,32,A,,37,coleman-wong,,Q,Coleman Wong,R,0,HKG,0.0,giovanni-mpetshi perricard,,,Giovanni Mpetshi Perricard,R,0,FRA,0.0,6-3  6-2 .,3,R128,55,7,5,22,42,20,6,8,4,7,6,1,34,46,28,8,9,0,0,0,0,0,0
2025-9900,Perth Sydney,Hard,32,A,,37,alexander-shevchenko,9,,Alexander Shevchenko,R,0,KAZ,0.0,daniel-masur,11,,Daniel Masur,R,0,GER,0.0,6-7(5) 6-2  6-2 .,3,QF,133,11,3,68,57,74,59,14,80,4,4,2,69,72,61,47,14,62,8,0,0,0,0
2025-807,Acapulco,Hard,32,A,,36,learner-tien,,Q,Learner Tien,R,0,USA,0.0,alexander-zverev,1,,Alexander Zverev,R,0,GER,0.0,6-3  6-4 .,3,R16,88,6,0,44,59,30,5,9,3,6,4,0,40,58,28,11,10,2,3,0,0,0,0
2025-8998,Adelaide,Hard,32,A,,36,tommy-paul,1,,Tommy Paul,R,0,USA,0.0,rinky-hijikata,,LL,Rinky Hijikata,R,0,AUS,0.0,6-3  6-4 .,3,QF,78,8,0,42,65,32,13,10,4,4,4,2,36,52,23,9,9,5,7,0,0,0,0
2025-301,Auckland,Hard,32,A,,36,nuno-borges,7,,Nuno Borges,R,0,POR,0.0,jakub-mensik,,,Jakub Mensik,R,0,CZE,0.0,6-7(4) 6-2  7-6(4).,3,QF,147,17,9,70,118,53,20,16,4,8,5,0,75,104,53,16,16,3,5,0,0,0,0
2025-425,Barcelona,Clay,32,A,,36,holger-rune,6,,Holger Rune,R,0,DEN,0.0,sebastian-baez,,,Sebastian Baez,R,0,ARG,0.0,4-6  6-1  6-2 .,3,R16,108,1,2,53,80,33,14,13,7,10,1,1,55,73,32,7,12,5,11,0,0,0,0
2025-316,Bastad,Clay,32,A,,36,francisco-cerundolo,1,,Francisco Cerundolo,R,0,ARG,0.0,damir-dzumhur,7,,Damir Dzumhur,R,0,BIH,0.0,6-0  3-6  6-3 .,3,QF,106,5,5,45,77,33,13,12,2,5,1,0,51,69,26,8,12,2,8,0,0,0,0
2025-339,Brisbane,Hard,32,A,,36,nicolas-jarry,,,Nicolas Jarry,R,0,CHI,0.0,benjamin-bonzi,,Q,Benjamin Bonzi,R,0,FRA,0.0,6-2  6-3 .,3,R16,65,4,2,35,51,18,9,8,3,7,10,0,30,43,27,6,9,0,1,0,0,0,0
2025-4462,Bucharest,Clay,32,A,,36,sebastian-baez,1,,Sebastian Baez,R,0,ARG,0.0,francisco-comesana,,,Francisco Comesana,R,0,ARG,0.0,7-6(5) 2-6  6-1 .,3,QF,138,2,0,63,90,40,16,13,7,10,3,4,58,101,37,20,14,3,7,0,0,0,0
2025-506,Buenos Aires,Clay,32,A,,36,francisco-cerundolo,5,,Francisco Cerundolo,R,0,ARG,0.0,alexander-zverev,1,,Alexander Zverev,R,0,GER,0.0,3-6  6-3  6-2 .,3,QF,132,5,3,59,82,40,8,13,1,5,2,4,62,87,40,15,13,5,7,0,0,0,0
2025-424,Dallas,Hard,32,A,,36,denis-shapovalov,,,Denis Shapovalov,R,0,CAN,0.0,taylor-fritz,1,,Taylor Fritz,R,0,USA,0.0,2-6  6-3  7-6(2).,3,R16,123,9,3,58,82,45,12,14,1,2,15,7,60,102,45,23,15,7,9,0,0,0,0
2025-499,Delray Beach,Clay,32,A,,36,alejandro-davidovich fokina,8,,Alejandro Davidovich Fokina,R,0,ESP,0.0,taylor-fritz,1,,Taylor Fritz,R,0,USA,0.0,7-6(4) 7-6(5).,3,QF,145,13,3,49,77,34,14,12,0,3,2,0,70,91,47,9,12,5,8,0,0,0,0
2025-451,Doha,Hard,32,A,,36,carlos-alcaraz,1,,Carlos Alcaraz,R,0,ESP,0.0,luca-nardi,,Q,Luca Nardi,R,0,ITA,0.0,6-1  4-6  6-3 .,3,R16,112,3,0,51,73,36,15,13,3,5,2,5,54,85,36,13,13,6,11,0,0,0,0
2025-495,Dubai,Hard,32,A,,36,daniil-medvedev,1,,Daniil Medvedev,R,0,RUS,0.0,giovanni-mpetshi perricard,,,Giovanni Mpetshi Perricard,R,0,FRA,0.0,6-4  6-4 .,3,R16,82,6,1,24,48,23,17,10,0,0,3,6,49,74,33,12,10,8,10,0,0,0,0
2025-741,Eastbourne,Hard,32,A,,36,taylor-fritz,1,,Taylor Fritz,R,0,USA,0.0,marcos-giron,,,Marcos Giron,R,0,USA,0.0,7-5  4-6  7-5 .,3,QF,144,16,1,72,99,58,10,17,1,4,3,5,56,102,42,22,17,1,5,0,0,0,0
2025-322,Geneva,Hard,32,A,,36,hubert-hurkacz,6,,Hubert Hurkacz,R,0,POL,0.0,taylor-fritz,1,,Taylor Fritz,R,0,USA,0.0,6-3  7-6(5).,3,QF,85,10,1,44,69,39,9,10,3,4,9,2,45,71,39,13,11,3,3,0,0,0,0
2025-314,Gstaad,Clay,32,A,,36,juan manuel-cerundolo,,,Juan Manuel Cerundolo,R,0,ARG,0.0,casper-ruud,1,,Casper Ruud,R,0,NOR,0.0,6-2  1-6  6-3 .,3,QF,129,4,0,54,79,33,9,12,3,9,3,5,55,87,34,12,12,10,15,0,0,0,0
2025-500,Halle,Grass,32,A,,36,alexander-bublik,,,Alexander Bublik,R,0,KAZ,0.0,jannik-sinner,1,,Jannik Sinner,R,0,ITA,0.0,3-6  6-3  6-4 .,3,R16,122,6,3,57,90,44,16,14,4,6,15,6,59,92,46,17,14,8,9,0,0,0,0
2025-414,Hamburg,Clay,32,A,,36,alexandre-muller,,,Alexandre Muller,R,0,FRA,0.0,alexander-zverev,1/WC,,Alexander Zverev,R,0,GER,0.0,6-3  4-6  7-6(5).,3,R16,160,4,4,66,99,41,20,15,6,9,5,3,61,96,45,18,16,0,3,0,0,0,0
2025-336,Hong Kong,Hard,32,A,,36,jaume-munar,,,Jaume Munar,R,0,ESP,0.0,lorenzo-musetti,2,,Lorenzo Musetti,R,0,ITA,0.0,2-6  7-6(4) 7-5 .,3,QF,156,2,4,69,102,47,17,16,7,11,9,4,69,102,54,11,16,4,7,0,0,0,0
2025-717,Houston,Clay,32,A,,36,tommy-paul,1,,Tommy Paul,R,0,USA,0.0,colton-smith,,Q,Colton Smith,R,0,USA,0.0,6-1  7-6(1).,3,QF,89,3,2,24,51,22,19,9,3,3,2,2,44,71,27,13,10,4,7,0,0,0,0
2025-404,Indian Wells,Hard,32,A,,36,matteo-gigante,,,Matteo Gigante,R,0,ITA,0.0,botic-van de zandschulp,3,,Botic van de Zandschulp,R,0,NED,0.0,7-5  6-0 .,3,Unknown,80,3,1,21,54,11,14,9,2,8,5,5,40,59,30,6,9,3,5,0,0,0,0
2025-319,Kitzbuhel,Clay,32,A,,36,alexander-bublik,1,,Alexander Bublik,R,0,KAZ,0.0,alexander-shevchenko,,,Alexander Shevchenko,R,0,KAZ,0.0,6-4  6-2 .,3,QF,75,5,6,26,56,25,16,9,5,5,2,2,40,64,25,8,9,4,7,0,0,0,0
2025-311,London,Grass,32,A,,36,carlos-alcaraz,1,,Carlos Alcaraz,R,0,ESP,0.0,jaume-munar,,,Jaume Munar,R,0,ESP,0.0,6-4 6-7(7) 7-5 .,3,R16,203,9,8,66,126,50,31,17,10,12,10,8,78,130,54,23,17,3,7,0,0,0,0
2025-7480,Los Cabos,Hard,32,A,,36,andrey-rublev,1,,Andrey Rublev,R,0,RUS,0.0,emilio-nava,,,Emilio Nava,R,0,USA,0.0,5-7  6-4  6-3 .,3,QF,138,5,4,49,83,37,18,16,0,3,6,5,51,91,38,20,15,7,11,0,0,0,0
2025-1536,Madrid,Clay,32,A,,36,daniel-altmaier,1,,Daniel Altmaier,R,0,GER,0.0,daniel elahi-galan,24,,Daniel Elahi Galan,R,0,COL,0.0,7-6(3) 3-6  6-1 .,3,Unknown,136,5,2,56,96,43,19,14,6,9,5,1,68,89,43,9,14,5,9,0,0,0,0
2025-8994,Mallorca,Grass,32,A,,36,felix-auger-aliassime,2,,Felix Auger-Aliassime,R,0,CAN,0.0,hamad-medjedovic,,,Hamad Medjedovic,R,0,SRB,0.0,3-6  6-1  6-4 .,3,QF,129,5,6,43,78,30,19,13,3,6,11,1,55,77,42,13,13,5,6,0,0,0,0
2025-360,Marrakech,Clay,32,A,,36,tallon-griekspoor,1,,Tallon Griekspoor,R,0,NED,0.0,mattia-bellucci,8,,Mattia Bellucci,R,0,ITA,0.0,6-3  6-4 .,3,QF,84,5,1,35,62,27,18,10,4,4,6,8,34,59,26,9,9,1,3,0,0,0,0
2025-496,Marseille,Hard,32,A,,36,daniil-medvedev,1/WC,,Daniil Medvedev,R,0,RUS,0.0,jan-lennard-struff,,,Jan-Lennard Struff,R,0,GER,0.0,6-3  6-2 .,3,QF,78,6,3,34,54,26,11,8,5,5,4,4,41,65,24,10,9,8,12,0,0,0,0
2025-403,Miami,Hard,32,A,,36,ethan-quinn,,,Ethan Quinn,R,0,USA,0.0,camilo-ugo carabelli,1,,Camilo Ugo Carabelli,R,0,ARG,0.0,7-6(2) 3-6  6-2 .,3,Unknown,119,2,2,54,85,41,17,15,4,7,12,2,53,87,40,21,14,2,4,0,0,0,0
2025-410,Monte Carlo,Clay,32,A,,36,alexei-popyrin,,,Alexei Popyrin,R,0,AUS,0.0,ugo-humbert,,,Ugo Humbert,R,0,FRA,0.0,3-6  7-6(2) 6-4 .,3,R64,170,3,6,68,107,52,19,15,5,6,7,3,67,116,50,25,16,8,9,0,0,0,0
2025-375,Montpellier,Clay,32,A,,36,andrey-rublev,1/WC,,Andrey Rublev,R,0,RUS,0.0,nikoloz-basilashvili,,Q,Nikoloz Basilashvili,R,0,GEO,0.0,5-2 RET.,3,QF,26,7,0,10,18,9,6,3,0,0,4,1,8,21,6,6,4,0,2,0,0,0,0
2025-308,Munich,Clay,32,A,,36,fabian-marozsan,,,Fabian Marozsan,R,0,HUN,0.0,ugo-humbert,4,,Ugo Humbert,R,0,FRA,0.0,6-4  6-4 .,3,R16,83,5,2,35,59,25,11,10,4,7,2,1,35,59,25,16,10,3,4,0,0,0,0
2025-6932,Rio De Janeiro,Clay,32,A,,36,francisco-cerundolo,4,,Francisco Cerundolo,R,0,ARG,0.0,luciano-darderi,,,Luciano Darderi,R,0,ITA,0.0,6-7(1) 6-3  6-2 .,3,R16,129,6,4,58,90,48,14,15,2,3,4,2,51,81,36,14,14,5,9,0,0,0,0
2025-416,Rome,Clay,32,A,,36,dusan-lajovic,,,Dusan Lajovic,R,0,SRB,0.0,cameron-norrie,3,,Cameron Norrie,R,0,GBR,0.0,6-1  4-6  6-3 .,3,Unknown,123,2,3,63,99,36,16,13,11,17,4,1,48,66,35,9,13,0,3,0,0,0,0
2025-407,Rotterdam,Hard,32,A,,36,carlos-alcaraz,1,,Carlos Alcaraz,R,0,ESP,0.0,andrea-vavassori,,Q,Andrea Vavassori,R,0,ITA,0.0,6-2  6-1 .,3,R16,63,1,0,26,36,22,7,7,1,1,4,4,36,59,19,8,8,3,8,0,0,0,0
2025-440,S Hertogenbosch,Grass,32,A,,36,reilly-opelka,,LL,Reilly Opelka,R,0,USA,0.0,daniil-medvedev,1,,Daniil Medvedev,R,0,RUS,0.0,7-6(5) 7-6(5).,3,QF,96,7,5,47,77,43,14,12,1,1,24,0,56,78,47,13,12,3,3,0,0,0,0
2025-8996,Santiago,Clay,32,A,,36,francisco-cerundolo,1,,Francisco Cerundolo,R,0,ARG,0.0,tomas martin-etcheverry,5,,Tomas Martin Etcheverry,R,0,ARG,0.0,4-6  6-3  7-5 .,3,QF,174,5,3,58,99,48,18,16,3,5,9,4,71,121,46,23,15,11,14,0,0,0,0
2025-321,Stuttgart,Clay,32,A,,36,alexander-zverev,1,,Alexander Zverev,R,0,GER,0.0,brandon-nakashima,6,,Brandon Nakashima,R,0,USA,0.0,7-5  6-4 .,3,QF,90,8,1,47,66,36,13,11,2,2,5,0,45,64,29,12,11,1,3,0,0,0,0
2025-421,Toronto,Hard,32,A,,36,jaume-munar,,,Jaume Munar,R,0,ESP,0.0,dan-martin,,Q,Dan Martin,R,0,CAN,0.0,6-3  6-0 .,3,R128,70,0,1,30,53,12,12,8,5,10,6,0,22,34,19,9,7,0,0,0,0,0,0
2025-439,Umag,Clay,32,A,,36,luciano-darderi,2,,Luciano Darderi,R,0,ITA,0.0,dino-prizmic,,WC,Dino Prizmic,R,0,CRO,0.0,1-6  6-2  6-3 .,3,QF,132,3,5,44,73,29,13,12,3,8,6,2,42,74,29,13,12,2,6,0,0,0,0
2025-418,Washington,Clay,32,A,,36,gabriel-diallo,15,,Gabriel Diallo,R,0,CAN,0.0,fabian-marozsan,,,Fabian Marozsan,R,0,HUN,0.0,6-3  6-4 .,3,R32,73,1,6,35,69,26,15,9,5,7,10,0,34,53,27,14,10,1,1,0,0,0,0
2025-422,Cincinnati,Hard,32,A,,36,thiago agustin-tirante,22,,Thiago Agustin Tirante,R,0,ARG,0.0,arthur-cazaux,1,,Arthur Cazaux,R,0,FRA,0.0,7-6(7) 6-3 .,3,Unknown,101,6,1,32,60,27,17,10,2,3,9,3,35,67,31,20,11,1,1,0,0,0,0
2025-9900,Perth Sydney,Hard,32,A,,36,tomas-machac,8,,Tomas Machac,R,0,CZE,0.0,hubert-hurkacz,2,,Hubert Hurkacz,R,0,POL,0.0,7-5  3-6  6-4 .,3,Unknown,115,14,3,65,55,73,70,16,60,3,8,5,63,52,83,45,15,67,2,0,0,0,0
2025-807,Acapulco,Hard,32,A,,35,rodrigo-pacheco mendez,,WC,Rodrigo Pacheco Mendez,R,0,MEX,0.0,casper-ruud,2,,Casper Ruud,R,0,NOR,0.0,WINNER: R. PACHECO MENDEZ BY WALKOVER,3,R16,0,0,0,0,0,0,0,0,0,0,0,0,0,0,0,0,0,0,0,0,0,0,0
2025-8998,Adelaide,Hard,32,A,,35,sebastian-korda,2,,Sebastian Korda,R,0,USA,0.0,thanasi-kokkinakis,,WC,Thanasi Kokkinakis,R,0,AUS,0.0,WINNER: S. KORDA BY WALKOVER,3,QF,0,0,0,0,0,0,0,0,0,0,0,0,0,0,0,0,0,0,0,0,0,0,0
2025-301,Auckland,Hard,32,A,,35,nishesh-basavareddy,,Q,Nishesh Basavareddy,R,0,USA,0.0,alex-michelsen,8,,Alex Michelsen,R,0,USA,0.0,2-6  6-2  6-4 .,3,QF,102,5,2,46,73,36,9,13,3,6,4,2,46,79,37,17,13,5,7,0,0,0,0
2025-425,Barcelona,Clay,32,A,,35,arthur-fils,7,,Arthur Fils,R,0,FRA,0.0,pedro-martinez,,,Pedro Martinez,R,0,ESP,0.0,6-3  6-2 .,3,R16,68,2,3,36,48,21,7,8,2,5,5,0,25,51,20,18,9,1,1,0,0,0,0
2025-316,Bastad,Clay,32,A,,35,jesper-de jong,,,Jesper de Jong,R,0,NED,0.0,tallon-griekspoor,2,,Tallon Griekspoor,R,0,NED,0.0,4-6  7-6(3) 6-3 .,3,QF,160,13,3,52,98,40,24,15,7,10,9,1,67,109,45,21,16,4,8,0,0,0,0
2025-339,Brisbane,Hard,32,A,,35,jiri-lehecka,,,Jiri Lehecka,R,0,CZE,0.0,yoshihito-nishioka,,Q,Yoshihito Nishioka,R,0,JPN,0.0,6-2 6-7(5) 6-4 .,3,R16,139,3,3,75,107,49,16,15,8,12,17,3,51,81,45,17,15,2,3,0,0,0,0
2025-4462,Bucharest,Clay,32,A,,35,damir-dzumhur,,,Damir Dzumhur,R,0,BIH,0.0,pedro-martinez,2,,Pedro Martinez,R,0,ESP,0.0,6-1 2-0 RET.,3,QF,54,0,1,26,40,17,8,4,5,5,0,2,22,32,10,2,5,2,6,0,0,0,0
2025-506,Buenos Aires,Clay,32,A,,35,laslo-djere,,Q,Laslo Djere,R,0,SRB,0.0,thiago-seyboth wild,,,Thiago Seyboth Wild,R,0,BRA,0.0,7-6(3) 6-3 .,3,QF,98,3,0,42,68,26,18,10,3,4,7,0,43,63,37,13,11,2,2,0,0,0,0
2025-424,Dallas,Hard,32,A,,35,casper-ruud,2,,Casper Ruud,R,0,NOR,0.0,michael-mmoh,,Q,Michael Mmoh,R,0,USA,0.0,6-1  6-4 .,3,R16,70,5,3,28,43,16,6,8,4,8,7,0,37,49,26,9,9,1,2,0,0,0,0
2025-499,Delray Beach,Clay,32,A,,35,alex-michelsen,3,,Alex Michelsen,R,0,USA,0.0,cameron-norrie,,,Cameron Norrie,R,0,GBR,0.0,7-6(3) 7-5 .,3,QF,98,4,0,37,69,29,19,12,0,1,9,1,46,69,37,15,12,3,3,0,0,0,0
2025-451,Doha,Hard,32,A,,35,alex-de minaur,2,,Alex de Minaur,R,0,AUS,0.0,botic-van de zandschulp,,Q,Botic van de Zandschulp,R,0,NED,0.0,6-4  6-4 .,3,R16,120,1,4,36,75,23,20,10,3,5,4,3,34,70,25,24,10,4,4,0,0,0,0
2025-495,Dubai,Hard,32,A,,35,stefanos-tsitsipas,4,,Stefanos Tsitsipas,R,0,GRE,0.0,karen-khachanov,,,Karen Khachanov,R,0,RUS,0.0,7-6(4) 2-6  6-4 .,3,R16,148,7,7,61,99,49,17,15,6,9,7,2,63,108,50,21,15,7,9,0,0,0,0
2025-322,Geneva,Hard,32,A,,35,novak-djokovic,2,,Novak Djokovic,R,0,SRB,0.0,matteo-arnaldi,8,,Matteo Arnaldi,R,0,ITA,0.0,6-4  6-4 .,3,QF,99,6,1,47,68,31,9,10,6,9,2,2,39,57,25,14,10,0,1,0,0,0,0
2025-314,Gstaad,Clay,32,A,,35,alexander-bublik,2,,Alexander Bublik,R,0,KAZ,0.0,francisco-comesana,7,,Francisco Comesana,R,0,ARG,0.0,6-4  6-3 .,3,QF,71,8,3,41,53,31,3,9,2,4,11,5,37,62,28,15,10,2,2,0,0,0,0
2025-500,Halle,Grass,32,A,,35,alexander-zverev,2,,Alexander Zverev,R,0,GER,0.0,lorenzo-sonego,,,Lorenzo Sonego,R,0,ITA,0.0,3-6  6-4  7-6(2).,3,R16,143,5,2,79,104,56,13,16,3,4,10,0,74,82,61,4,15,0,1,0,0,0,0
2025-414,Hamburg,Clay,32,A,,35,roberto-bautista agut,,,Roberto Bautista Agut,R,0,ESP,0.0,frances-tiafoe,2,,Frances Tiafoe,R,0,USA,0.0,6-2  6-3 .,3,R16,86,4,6,32,62,26,16,9,1,1,5,1,26,47,17,9,8,2,5,0,0,0,0
2025-336,Hong Kong,Hard,32,A,,35,alexandre-muller,,,Alexandre Muller,R,0,FRA,0.0,arthur-fils,4,,Arthur Fils,R,0,FRA,0.0,3-6  6-3  6-1 .,3,QF,111,3,1,57,89,41,14,12,11,13,3,9,31,69,21,19,13,3,8,0,0,0,0
2025-717,Houston,Clay,32,A,,35,frances-tiafoe,2,,Frances Tiafoe,R,0,USA,0.0,alex-michelsen,5,,Alex Michelsen,R,0,USA,0.0,7-5  6-1 .,3,QF,92,4,5,44,76,28,12,9,12,16,4,2,33,58,26,14,10,2,3,0,0,0,0
2025-404,Indian Wells,Hard,32,A,,35,ethan-quinn,,,Ethan Quinn,R,0,USA,0.0,gabriel-diallo,4,,Gabriel Diallo,R,0,CAN,0.0,7-6(5) 6-2 .,3,Unknown,102,10,3,46,73,34,13,10,2,4,6,2,40,67,30,18,10,6,6,0,0,0,0
2025-319,Kitzbuhel,Clay,32,A,,35,arthur-rinderknech,6,,Arthur Rinderknech,R,0,FRA,0.0,yannick-hanfmann,,Q,Yannick Hanfmann,R,0,GER,0.0,6-4  3-6  6-1 .,3,QF,131,0,0,0,0,0,0,0,0,0,0,0,0,0,0,0,0,0,0,0,0,0,0
2025-311,London,Grass,32,A,,35,jacob-fearnley,,,Jacob Fearnley,R,0,GBR,0.0,corentin-moutet,,Q,Corentin Moutet,R,0,FRA,0.0,6-3  2-6  6-2 .,3,R16,128,3,7,55,81,37,14,13,9,12,3,2,51,78,34,11,12,7,11,0,0,0,0
2025-7480,Los Cabos,Hard,32,A,,35,denis-shapovalov,3,,Denis Shapovalov,R,0,CAN,0.0,tristan-schoolkate,,,Tristan Schoolkate,R,0,AUS,0.0,6-3  6-2 .,3,QF,77,2,5,17,53,10,17,8,0,4,10,4,36,55,25,12,9,1,2,0,0,0,0
2025-1536,Madrid,Clay,32,A,,35,jacob-fearnley,2,,Jacob Fearnley,R,0,GBR,0.0,hugo-dellien,14,,Hugo Dellien,R,0,BOL,0.0,7-5  6-1 .,3,Unknown,89,5,2,43,71,30,13,9,4,5,3,1,41,58,21,8,10,5,10,0,0,0,0
2025-8994,Mallorca,Grass,32,A,,35,alex-michelsen,3,,Alex Michelsen,R,0,USA,0.0,roberto-bautista agut,7,,Roberto Bautista Agut,R,0,ESP,0.0,6-4  7-6(4).,3,QF,103,10,1,48,72,34,15,11,2,3,3,0,50,71,34,11,11,2,4,0,0,0,0
2025-360,Marrakech,Clay,32,A,,35,kamil-majchrzak,,Q,Kamil Majchrzak,R,0,POL,0.0,alexandre-muller,3,,Alexandre Muller,R,0,FRA,0.0,7-5  6-4 .,3,QF,96,6,4,58,84,36,9,11,4,8,4,0,48,68,35,10,11,8,10,0,0,0,0
2025-496,Marseille,Hard,32,A,,35,ugo-humbert,2,,Ugo Humbert,R,0,FRA,0.0,lorenzo-sonego,7,,Lorenzo Sonego,R,0,ITA,0.0,6-4  6-4 .,3,QF,98,8,1,40,64,27,14,10,4,6,5,2,34,63,29,17,10,3,3,0,0,0,0
2025-403,Miami,Hard,32,A,,35,francisco-comesana,2,,Francisco Comesana,R,0,ARG,0.0,shintaro-mochizuki,,,Shintaro Mochizuki,R,0,JPN,0.0,7-6(4) 7-5 .,3,Unknown,135,3,8,56,102,38,22,12,10,13,1,3,51,85,33,15,12,4,8,0,0,0,0
2025-410,Monte Carlo,Clay,32,A,,35,daniil-medvedev,9,,Daniil Medvedev,R,0,RUS,0.0,karen-khachanov,,,Karen Khachanov,R,0,RUS,0.0,7-5  4-6  6-4 .,3,R64,172,4,5,48,96,35,16,16,8,16,1,2,85,119,44,13,16,11,20,0,0,0,0
2025-375,Montpellier,Clay,32,A,,35,felix-auger-aliassime,2,,Felix Auger-Aliassime,R,0,CAN,0.0,yunchaokete-bu,8,,Yunchaokete Bu,R,0,CHN,0.0,6-3  6-4 .,3,QF,83,3,0,27,53,22,13,9,3,5,11,0,35,51,30,11,10,0,0,0,0,0,0
2025-308,Munich,Clay,32,A,,35,francisco-cerundolo,5,,Francisco Cerundolo,R,0,ARG,0.0,alexander-shevchenko,,LL,Alexander Shevchenko,R,0,KAZ,0.0,6-3  6-2 .,3,R16,82,5,3,32,63,26,14,9,9,11,1,2,33,54,13,10,8,3,8,0,0,0,0
2025-6932,Rio De Janeiro,Clay,32,A,,35,alexandre-muller,,,Alexandre Muller,R,0,FRA,0.0,tomas martin-etcheverry,8,,Tomas Martin Etcheverry,R,0,ARG,0.0,7-5  7-6(5).,3,R16,128,5,1,47,78,37,17,12,5,7,5,0,45,74,34,11,12,2,5,0,0,0,0
2025-416,Rome,Clay,32,A,,35,alexander-shevchenko,4,,Alexander Shevchenko,R,0,KAZ,0.0,marton-fucsovics,,,Marton Fucsovics,R,0,HUN,0.0,6-4  6-2 .,3,Unknown,83,3,0,39,58,27,13,9,1,1,0,3,27,47,17,12,9,2,5,0,0,0,0
2025-407,Rotterdam,Hard,32,A,,35,alex-de minaur,3,,Alex de Minaur,R,0,AUS,0.0,jakub-mensik,,,Jakub Mensik,R,0,CZE,0.0,6-4  6-4 .,3,R16,88,12,5,43,76,34,10,10,6,8,2,2,35,52,29,13,10,0,0,0,0,0,0
2025-440,S Hertogenbosch,Grass,32,A,,35,ugo-humbert,2,,Ugo Humbert,R,0,FRA,0.0,nuno-borges,7,,Nuno Borges,R,0,POR,0.0,6-1  6-4 .,3,QF,68,5,0,33,49,18,10,8,3,6,5,2,33,48,27,10,9,0,0,0,0,0,0
2025-8996,Santiago,Clay,32,A,,35,sebastian-baez,3,,Sebastian Baez,R,0,ARG,0.0,damir-dzumhur,,,Damir Dzumhur,R,0,BIH,0.0,6-4  6-4 .,3,QF,96,0,3,46,65,22,7,10,4,10,2,0,43,66,25,9,10,3,7,0,0,0,0
2025-321,Stuttgart,Clay,32,A,,35,taylor-fritz,2,,Taylor Fritz,R,0,USA,0.0,marton-fucsovics,,Q,Marton Fucsovics,R,0,HUN,0.0,6-3  6-4 .,3,QF,75,3,1,28,58,24,12,9,2,4,12,2,38,55,35,6,10,2,2,0,0,0,0
2025-421,Toronto,Hard,32,A,,35,christopher-o'connell,,,Christopher O'Connell,R,0,AUS,0.0,chun-hsin-tseng,,LL,Chun-Hsin Tseng,R,0,TPE,0.0,6-1  6-2 .,3,R128,75,6,2,28,51,21,12,8,1,2,0,2,37,63,21,7,7,11,16,0,0,0,0
2025-439,Umag,Clay,32,A,,35,camilo-ugo carabelli,3,,Camilo Ugo Carabelli,R,0,ARG,0.0,pablo-llamas ruiz,,Q,Pablo Llamas Ruiz,R,0,ESP,0.0,6-4 5-2 RET.,3,QF,85,0,0,0,0,0,0,0,0,0,0,0,0,0,0,0,0,0,0,0,0,0,0
2025-418,Washington,Clay,32,A,,35,corentin-moutet,,LL,Corentin Moutet,R,0,FRA,0.0,alexandre-muller,,,Alexandre Muller,R,0,FRA,0.0,6-0  6-1 .,3,R32,57,2,3,17,36,7,4,6,4,10,1,2,23,42,15,13,7,1,2,0,0,0,0
2025-422,Cincinnati,Hard,32,A,,35,emilio-nava,15,,Emilio Nava,R,0,USA,0.0,mariano-navone,2,,Mariano Navone,R,0,ARG,0.0,7-5  6-4 .,3,Unknown,91,1,3,40,65,28,12,11,4,7,11,1,42,68,34,14,11,2,3,0,0,0,0
2025-807,Acapulco,Hard,32,A,,34,marcos-giron,,,Marcos Giron,R,0,USA,0.0,tommy-paul,3,,Tommy Paul,R,0,USA,0.0,WINNER: M. GIRON BY WALKOVER,3,R16,0,0,0,0,0,0,0,0,0,0,0,0,0,0,0,0,0,0,0,0,0,0,0
2025-8998,Adelaide,Hard,32,A,,34,felix-auger-aliassime,5,,Felix Auger-Aliassime,R,0,CAN,0.0,marcos-giron,,,Marcos Giron,R,0,USA,0.0,7-6(3) 6-3 .,3,QF,100,11,3,54,76,43,10,10,9,9,2,1,37,72,24,20,11,6,8,0,0,0,0
2025-301,Auckland,Hard,32,A,,34,zizou-bergs,,Q,Zizou Bergs,R,0,BEL,0.0,roberto-carballes baena,,,Roberto Carballes Baena,R,0,ESP,0.0,1-6  6-2  6-3 .,3,QF,112,2,4,45,74,32,8,12,6,11,2,2,37,65,26,13,12,1,5,0,0,0,0
2025-425,Barcelona,Clay,32,A,,34,carlos-alcaraz,1,,Carlos Alcaraz,R,0,ESP,0.0,ethan-quinn,,Q,Ethan Quinn,R,0,USA,0.0,6-2  7-6(6).,3,R32,106,0,0,46,66,30,9,10,5,8,2,3,51,83,27,11,10,7,12,0,0,0,0
2025-316,Bastad,Clay,32,A,,34,luciano-darderi,6,,Luciano Darderi,R,0,ITA,0.0,sebastian-baez,4,,Sebastian Baez,R,0,ARG,0.0,6-0  6-2 .,3,QF,64,1,3,37,51,18,4,7,3,8,5,2,19,38,17,12,7,0,0,0,0,0,0
2025-339,Brisbane,Hard,32,A,,34,novak-djokovic,1,,Novak Djokovic,R,0,SRB,0.0,rinky-hijikata,,WC,Rinky Hijikata,R,0,AUS,0.0,6-3  6-3 .,3,R32,74,12,0,31,47,25,12,9,0,0,7,1,37,54,22,8,9,2,5,0,0,0,0
2025-4462,Bucharest,Clay,32,A,,34,flavio-cobolli,3,,Flavio Cobolli,R,0,ITA,0.0,filip-misolic,,Q,Filip Misolic,R,0,AUT,0.0,7-6(5) 6-4 .,3,QF,113,3,3,58,88,36,13,11,10,14,4,3,37,75,25,23,11,2,5,0,0,0,0
2025-506,Buenos Aires,Clay,32,A,,34,joao-fonseca,,,Joao Fonseca,R,0,BRA,0.0,mariano-navone,,,Mariano Navone,R,0,ARG,0.0,3-6  6-4  7-5 .,3,QF,174,10,3,73,110,44,18,15,9,14,2,0,61,102,30,29,16,6,12,0,0,0,0
2025-424,Dallas,Hard,32,A,,34,tommy-paul,3,,Tommy Paul,R,0,USA,0.0,ethan-quinn,,Q,Ethan Quinn,R,0,USA,0.0,6-4  5-7  6-4 .,3,R16,133,9,1,54,89,41,20,16,0,2,9,2,67,94,48,14,16,3,6,0,0,0,0
2025-499,Delray Beach,Clay,32,A,,34,matteo-arnaldi,4,,Matteo Arnaldi,R,0,ITA,0.0,brandon-nakashima,6,,Brandon Nakashima,R,0,USA,0.0,7-6(2) 6-4 .,3,QF,102,8,0,34,60,27,21,11,1,1,5,2,47,68,33,11,11,1,2,0,0,0,0
2025-451,Doha,Hard,32,A,,34,daniil-medvedev,4,,Daniil Medvedev,R,0,RUS,0.0,zizou-bergs,,,Zizou Bergs,R,0,BEL,0.0,6-2  6-1 .,3,R16,56,2,2,31,44,17,3,8,4,9,4,2,27,36,23,5,7,0,0,0,0,0,0
2025-495,Dubai,Hard,32,A,,34,tallon-griekspoor,,,Tallon Griekspoor,R,0,NED,0.0,ugo-humbert,5,,Ugo Humbert,R,0,FRA,0.0,4-6  6-3  6-2 .,3,R16,120,13,2,62,93,47,15,14,6,7,8,0,43,76,32,17,13,4,7,0,0,0,0
2025-741,Eastbourne,Hard,32,A,,34,ugo-humbert,4,,Ugo Humbert,R,0,FRA,0.0,billy-harris,,LL,Billy Harris,R,0,GBR,0.0,7-6(4) 6-1 .,3,QF,101,2,3,42,67,21,12,10,5,10,3,3,35,53,27,9,9,0,2,0,0,0,0
2025-322,Geneva,Hard,32,A,,34,sebastian-ofner,,Q,Sebastian Ofner,R,0,AUT,0.0,karen-khachanov,4,,Karen Khachanov,R,0,RUS,0.0,4-6  6-4  6-4 .,3,QF,116,7,1,57,84,41,15,15,4,7,10,1,43,84,33,25,15,2,4,0,0,0,0
2025-314,Gstaad,Clay,32,A,,34,ignacio-buse,,Q,Ignacio Buse,R,0,PER,0.0,roman andres-burruchaga,,,Roman Andres Burruchaga,R,0,ARG,0.0,6-3  3-6  6-1 .,3,QF,134,2,1,67,94,41,11,12,9,13,4,5,53,95,40,19,13,6,8,0,0,0,0
2025-500,Halle,Grass,32,A,,34,tomas martin-etcheverry,,,Tomas Martin Etcheverry,R,0,ARG,0.0,andrey-rublev,4,,Andrey Rublev,R,0,RUS,0.0,6-3 6-7(4) 7-6(6).,3,R16,181,15,8,61,123,48,27,17,6,11,12,3,57,100,44,22,16,3,6,0,0,0,0
2025-414,Hamburg,Clay,32,A,,34,andrey-rublev,3,,Andrey Rublev,R,0,RUS,0.0,justin-engel,,WC,Justin Engel,R,0,GER,0.0,6-3  7-5 .,3,R16,102,7,3,45,79,34,15,11,5,7,3,2,40,65,25,10,10,9,13,0,0,0,0
2025-336,Hong Kong,Hard,32,A,,34,kei-nishikori,,WC,Kei Nishikori,R,0,JPN,0.0,cameron-norrie,,,Cameron Norrie,R,0,GBR,0.0,6-3  3-6  6-2 .,3,QF,101,4,1,55,75,43,9,13,1,2,8,3,55,79,38,11,13,2,5,0,0,0,0
2025-717,Houston,Clay,32,A,,34,brandon-nakashima,4,,Brandon Nakashima,R,0,USA,0.0,christopher-eubanks,,,Christopher Eubanks,R,0,USA,0.0,6-4  6-4 .,3,QF,82,3,3,49,65,35,8,10,3,5,7,2,30,53,23,17,10,0,0,0,0,0,0
2025-404,Indian Wells,Hard,32,A,,34,damir-dzumhur,5,,Damir Dzumhur,R,0,BIH,0.0,radu-albot,,,Radu Albot,R,0,MDA,0.0,6-4  6-3 .,3,Unknown,90,2,0,43,72,29,15,9,8,9,2,2,27,52,19,11,10,2,6,0,0,0,0
2025-319,Kitzbuhel,Clay,32,A,,34,arthur-cazaux,SE,,Arthur Cazaux,R,0,FRA,0.0,jan-lennard-struff,,Q,Jan-Lennard Struff,R,0,GER,0.0,6-3  6-4 .,3,QF,82,7,4,38,63,30,15,10,3,3,4,0,34,56,23,14,9,2,4,0,0,0,0
2025-311,London,Grass,32,A,,34,jiri-lehecka,,,Jiri Lehecka,R,0,CZE,0.0,gabriel-diallo,,,Gabriel Diallo,R,0,CAN,0.0,6-4  6-2 .,3,R16,64,5,3,27,45,26,10,9,0,0,8,2,34,50,22,9,9,1,4,0,0,0,0
2025-7480,Los Cabos,Hard,32,A,,34,aleksandar-kovacevic,7,,Aleksandar Kovacevic,R,0,USA,0.0,juan pablo-ficovich,,,Juan Pablo Ficovich,R,0,ARG,0.0,6-3  6-1 .,3,QF,80,2,1,39,66,22,9,8,8,13,3,3,26,51,21,13,8,3,4,0,0,0,0
2025-1536,Madrid,Clay,32,A,,34,borna-coric,20,,Borna Coric,R,0,CRO,0.0,gabriel-diallo,3,,Gabriel Diallo,R,0,CAN,0.0,6-3  7-6(6).,3,Unknown,115,8,3,45,65,31,12,11,1,3,3,1,53,78,39,13,10,9,9,0,0,0,0
2025-8994,Mallorca,Grass,32,A,,34,tallon-griekspoor,4,,Tallon Griekspoor,R,0,NED,0.0,gabriel-diallo,6,,Gabriel Diallo,R,0,CAN,0.0,6-4  6-4 .,3,QF,88,8,4,39,61,30,10,10,2,4,4,1,37,54,29,12,10,1,1,0,0,0,0
2025-360,Marrakech,Clay,32,A,,34,roberto-carballes baena,5,,Roberto Carballes Baena,R,0,ESP,0.0,nuno-borges,4,,Nuno Borges,R,0,POR,0.0,6-4  6-4 .,3,QF,106,1,3,60,90,38,13,10,15,17,3,6,26,56,20,11,10,1,5,0,0,0,0
2025-496,Marseille,Hard,32,A,,34,zizou-bergs,,,Zizou Bergs,R,0,BEL,0.0,zhizhen-zhang,,,Zhizhen Zhang,R,0,CHN,0.0,7-5 0-0 RET.,3,QF,38,11,0,20,28,16,6,6,2,3,4,3,26,37,16,5,6,2,4,0,0,0,0
2025-403,Miami,Hard,32,A,,34,christopher-o'connell,4,,Christopher O'Connell,R,0,AUS,0.0,marco-trungelliti,,,Marco Trungelliti,R,0,ARG,0.0,6-2  6-3 .,3,Unknown,73,8,1,41,61,29,11,9,5,5,3,2,26,43,18,8,8,3,6,0,0,0,0
2025-410,Monte Carlo,Clay,32,A,,34,alejandro-davidovich fokina,,,Alejandro Davidovich Fokina,R,0,ESP,0.0,ben-shelton,11,,Ben Shelton,R,0,USA,0.0,6-7(2) 6-2  6-1 .,3,R64,120,2,0,52,90,30,23,14,3,7,5,3,48,74,24,10,13,3,11,0,0,0,0
2025-375,Montpellier,Clay,32,A,,34,aleksandar-kovacevic,,Q,Aleksandar Kovacevic,R,0,USA,0.0,alexander-bublik,4,,Alexander Bublik,R,0,KAZ,0.0,6-3  6-2 .,3,QF,76,12,7,37,65,28,9,8,6,9,4,0,37,59,31,11,9,8,8,0,0,0,0
2025-308,Munich,Clay,32,A,,34,zizou-bergs,,,Zizou Bergs,R,0,BEL,0.0,diego-dedura,,LL,Diego Dedura,R,0,GER,0.0,6-1  6-1 .,3,R16,69,2,4,29,56,22,16,7,2,2,1,0,27,45,12,8,7,3,8,0,0,0,0
2025-6932,Rio De Janeiro,Clay,32,A,,34,jaime-faria,,LL,Jaime Faria,R,0,POR,0.0,jaume-munar,,,Jaume Munar,R,0,ESP,0.0,6-4  2-6  6-3 .,3,R16,122,0,1,67,89,43,14,14,2,5,6,3,37,67,30,17,13,1,3,0,0,0,0
2025-416,Rome,Clay,32,A,,34,thiago-seyboth wild,14,,Thiago Seyboth Wild,R,0,BRA,0.0,jesper-de jong,5,,Jesper de Jong,R,0,NED,0.0,7-6(5) 6-4 .,3,Unknown,120,6,2,37,72,23,22,11,2,4,5,0,46,67,35,13,11,2,3,0,0,0,0
2025-407,Rotterdam,Hard,32,A,,34,andrey-rublev,4,,Andrey Rublev,R,0,RUS,0.0,fabian-marozsan,,,Fabian Marozsan,R,0,HUN,0.0,7-6(2) 7-6(7).,3,R16,105,10,0,46,78,34,20,12,2,4,7,3,54,79,36,15,12,1,3,0,0,0,0
2025-440,S Hertogenbosch,Grass,32,A,,34,gabriel-diallo,,,Gabriel Diallo,R,0,CAN,0.0,karen-khachanov,3,,Karen Khachanov,R,0,RUS,0.0,7-6(6) 6-4 .,3,QF,112,19,3,47,74,35,15,11,4,5,7,4,46,79,31,18,11,6,8,0,0,0,0
2025-8996,Santiago,Clay,32,A,,34,laslo-djere,,,Laslo Djere,R,0,SRB,0.0,jaime-faria,,,Jaime Faria,R,0,POR,0.0,7-6(5) 4-6  6-4 .,3,QF,162,8,6,55,109,42,30,16,11,14,4,10,65,106,52,16,16,7,10,0,0,0,0
2025-321,Stuttgart,Clay,32,A,,34,ben-shelton,3,,Ben Shelton,R,0,USA,0.0,jiri-lehecka,8,,Jiri Lehecka,R,0,CZE,0.0,6-4  6-4 .,3,QF,60,18,3,28,44,28,12,10,0,0,7,6,30,48,29,6,10,2,4,0,0,0,0
2025-421,Toronto,Hard,32,A,,34,ethan-quinn,,,Ethan Quinn,R,0,USA,0.0,yoshihito-nishioka,,,Yoshihito Nishioka,R,0,JPN,0.0,7-6(1) 6-2 .,3,R128,101,7,6,34,63,30,17,10,3,3,2,7,36,78,28,18,10,5,7,0,0,0,0
2025-439,Umag,Clay,32,A,,34,damir-dzumhur,4,,Damir Dzumhur,R,0,BIH,0.0,titouan-droguet,,Q,Titouan Droguet,R,0,FRA,0.0,3-6  7-5  6-2 .,3,QF,139,0,2,58,81,41,14,14,3,6,4,0,75,115,44,20,15,8,13,0,0,0,0
2025-418,Washington,Clay,32,A,,34,yunchaokete-bu,,,Yunchaokete Bu,R,0,CHN,0.0,david-goffin,,,David Goffin,R,0,BEL,0.0,6-4  7-5 .,3,R64,104,6,9,35,74,28,17,11,4,7,10,4,40,68,31,15,11,6,7,0,0,0,0
2025-422,Cincinnati,Hard,32,A,,34,adrian-mannarino,5,,Adrian Mannarino,R,0,FRA,0.0,dalibor-svrcina,17,,Dalibor Svrcina,R,0,CZE,0.0,6-3  6-4 .,3,Unknown,90,4,1,32,59,22,17,10,1,3,4,3,30,50,20,8,9,0,4,0,0,0,0
2025-807,Acapulco,Hard,32,A,,33,brandon-nakashima,,,Brandon Nakashima,R,0,USA,0.0,holger-rune,4,,Holger Rune,R,0,DEN,0.0,3-0 RET.,3,R16,10,0,0,3,6,1,1,1,0,1,2,0,5,10,5,3,2,0,0,0,0,0,0
2025-8998,Adelaide,Hard,32,A,,33,miomir-kecmanovic,,,Miomir Kecmanovic,R,0,SRB,0.0,benjamin-bonzi,,Q,Benjamin Bonzi,R,0,FRA,0.0,6-2  6-3 .,3,QF,64,12,0,33,48,29,8,9,1,1,2,1,31,54,19,12,8,2,5,0,0,0,0
2025-301,Auckland,Hard,32,A,,33,gael-monfils,,,Gael Monfils,R,0,FRA,0.0,facundo-diaz acosta,,LL,Facundo Diaz Acosta,R,0,ARG,0.0,6-3  6-1 .,3,QF,77,4,1,33,52,28,7,8,3,3,0,1,40,60,25,7,8,3,7,0,0,0,0
2025-425,Barcelona,Clay,32,A,,33,casper-ruud,2,,Casper Ruud,R,0,NOR,0.0,daniel elahi-galan,,Q,Daniel Elahi Galan,R,0,COL,0.0,6-4  6-3 .,3,R32,93,2,3,40,62,28,10,9,5,7,3,4,27,52,21,19,10,0,0,0,0,0,0
2025-316,Bastad,Clay,32,A,,33,camilo-ugo carabelli,5,,Camilo Ugo Carabelli,R,0,ARG,0.0,filip-misolic,,Q,Filip Misolic,R,0,AUT,0.0,6-3  7-5 .,3,QF,96,7,3,41,57,32,6,10,2,4,2,0,54,77,35,6,11,7,12,0,0,0,0
2025-339,Brisbane,Hard,32,A,,33,frances-tiafoe,4,,Frances Tiafoe,R,0,USA,0.0,adam-walton,,WC,Adam Walton,R,0,AUS,0.0,7-6(5) 6-3 .,3,R32,90,13,1,46,66,37,11,11,3,4,13,4,38,66,30,11,10,2,4,0,0,0,0
2025-4462,Bucharest,Clay,32,A,,33,marton-fucsovics,,,Marton Fucsovics,R,0,HUN,0.0,christopher-o'connell,,,Christopher O'Connell,R,0,AUS,0.0,6-0  6-4 .,3,QF,79,2,0,35,57,20,6,8,4,9,2,0,29,43,21,9,8,0,1,0,0,0,0
2025-424,Dallas,Hard,32,A,,33,jaume-munar,,,Jaume Munar,R,0,ESP,0.0,ben-shelton,4,,Ben Shelton,R,0,USA,0.0,6-2  7-6(3).,3,R16,94,2,3,47,63,39,8,10,2,2,7,2,36,61,27,12,10,0,2,0,0,0,0
2025-499,Delray Beach,Clay,32,A,,33,miomir-kecmanovic,7,,Miomir Kecmanovic,R,0,SRB,0.0,marcos-giron,5,,Marcos Giron,R,0,USA,0.0,2-6  6-4  6-2 .,3,QF,100,12,0,44,68,36,13,13,2,4,12,3,56,77,40,11,13,2,5,0,0,0,0
2025-451,Doha,Hard,32,A,,33,andrey-rublev,5,,Andrey Rublev,R,0,RUS,0.0,nuno-borges,,,Nuno Borges,R,0,POR,0.0,6-3  6-4 .,3,R16,61,11,0,40,49,33,8,10,0,0,6,2,40,52,28,5,9,4,6,0,0,0,0
2025-495,Dubai,Hard,32,A,,33,felix-auger-aliassime,,,Felix Auger-Aliassime,R,0,CAN,0.0,nuno-borges,,,Nuno Borges,R,0,POR,0.0,4-6  6-3  7-5 .,3,R16,139,9,3,67,94,48,11,15,7,10,9,1,67,92,52,12,16,4,6,0,0,0,0
2025-741,Eastbourne,Hard,32,A,,33,jenson-brooksby,,LL,Jenson Brooksby,R,0,USA,0.0,daniel-evans,,WC,Daniel Evans,R,0,GBR,0.0,6-2  6-3 .,3,QF,83,4,2,24,38,21,11,8,0,0,2,1,39,63,22,10,9,2,6,0,0,0,0
2025-322,Geneva,Hard,32,A,,33,cameron-norrie,,Q,Cameron Norrie,R,0,GBR,0.0,alexei-popyrin,5,,Alexei Popyrin,R,0,AUS,0.0,7-6(6) 6-4 .,3,QF,103,6,0,53,79,37,12,11,5,7,0,2,44,66,33,15,11,4,5,0,0,0,0
2025-314,Gstaad,Clay,32,A,,33,arthur-cazaux,,,Arthur Cazaux,R,0,FRA,0.0,jerome-kym,,WC,Jerome Kym,R,0,SUI,0.0,7-6(3) 3-6  7-5 .,3,QF,137,11,2,59,100,45,25,17,1,3,7,5,49,87,42,21,16,1,3,0,0,0,0
2025-500,Halle,Grass,32,A,,33,tomas-machac,7,,Tomas Machac,R,0,CZE,0.0,fabian-marozsan,,,Fabian Marozsan,R,0,HUN,0.0,6-2  6-3 .,3,R16,59,3,1,36,52,20,5,9,2,7,3,1,19,39,16,14,8,0,1,0,0,0,0
2025-414,Hamburg,Clay,32,A,,33,jiri-lehecka,,,Jiri Lehecka,R,0,CZE,0.0,francisco-cerundolo,4,,Francisco Cerundolo,R,0,ARG,0.0,7-5  6-2 .,3,R16,100,3,0,44,64,27,12,10,5,8,1,4,46,75,26,10,10,4,10,0,0,0,0
2025-336,Hong Kong,Hard,32,A,,33,juncheng-shang,,,Juncheng Shang,R,0,CHN,0.0,fabian-marozsan,,,Fabian Marozsan,R,0,HUN,0.0,1-6  6-3  6-4 .,3,QF,104,6,2,55,81,43,11,13,6,8,9,4,57,77,44,6,13,4,6,0,0,0,0
2025-404,Indian Wells,Hard,32,A,,33,hugo-gaston,6,,Hugo Gaston,R,0,FRA,0.0,eliot-spizzirri,,WC,Eliot Spizzirri,R,0,USA,0.0,6-0  6-1 .,3,Unknown,50,1,1,20,37,16,12,7,0,0,0,1,25,37,12,1,6,2,7,0,0,0,0
2025-319,Kitzbuhel,Clay,32,A,,33,botic-van de zandschulp,,,Botic van de Zandschulp,R,0,NED,0.0,thiago-seyboth wild,,,Thiago Seyboth Wild,R,0,BRA,0.0,7-6(2) 6-2 .,3,QF,110,2,1,57,81,34,9,10,4,8,4,3,49,63,39,3,10,6,8,0,0,0,0
2025-311,London,Grass,32,A,,33,arthur-rinderknech,,LL,Arthur Rinderknech,R,0,FRA,0.0,reilly-opelka,PR,,Reilly Opelka,R,0,USA,0.0,7-5  7-6(3).,3,R16,96,11,5,44,82,38,17,12,5,6,12,5,44,67,38,14,12,0,0,0,0,0,0
2025-7480,Los Cabos,Hard,32,A,,33,adam-walton,8,,Adam Walton,R,0,AUS,0.0,james-duckworth,,,James Duckworth,R,0,AUS,0.0,3-6  6-3  6-4 .,3,QF,120,10,5,44,81,33,18,14,2,5,5,5,40,85,26,26,14,3,7,0,0,0,0
2025-1536,Madrid,Clay,32,A,,33,hugo-gaston,4,,Hugo Gaston,R,0,FRA,0.0,luca-nardi,15,,Luca Nardi,R,0,ITA,0.0,6-4  6-2 .,3,Unknown,80,3,1,31,62,25,18,9,3,3,4,6,38,64,26,12,9,3,6,0,0,0,0
2025-8994,Mallorca,Grass,32,A,,33,corentin-moutet,,,Corentin Moutet,R,0,FRA,0.0,learner-tien,,,Learner Tien,R,0,USA,0.0,6-2  7-5 .,3,QF,109,0,5,42,74,27,12,10,6,10,1,1,45,65,34,10,10,5,6,0,0,0,0
2025-360,Marrakech,Clay,32,A,,33,luciano-darderi,7,,Luciano Darderi,R,0,ITA,0.0,vit-kopriva,,,Vit Kopriva,R,0,CZE,0.0,7-5  6-2 .,3,QF,116,5,2,43,76,29,19,10,5,6,3,2,49,80,29,14,10,10,14,0,0,0,0
2025-496,Marseille,Hard,32,A,,33,hamad-medjedovic,,,Hamad Medjedovic,R,0,SRB,0.0,daniel-altmaier,,,Daniel Altmaier,R,0,GER,0.0,7-5 6-7(7) 6-4 .,3,QF,162,8,2,74,102,58,15,17,3,4,10,2,69,111,51,20,17,7,10,0,0,0,0
2025-403,Miami,Hard,32,A,,33,jacob-fearnley,5,,Jacob Fearnley,R,0,GBR,0.0,tristan-boyer,20,,Tristan Boyer,R,0,USA,0.0,6-2  6-4 .,3,Unknown,83,4,6,29,54,25,11,9,3,4,6,0,41,62,25,9,9,2,6,0,0,0,0
2025-410,Monte Carlo,Clay,32,A,,33,lorenzo-musetti,13,,Lorenzo Musetti,R,0,ITA,0.0,yunchaokete-bu,,Q,Yunchaokete Bu,R,0,CHN,0.0,4-6  7-5  6-3 .,3,R64,159,4,3,56,101,39,22,15,3,6,1,1,69,90,49,11,16,0,2,0,0,0,0
2025-375,Montpellier,Clay,32,A,,33,jesper-de jong,,,Jesper de Jong,R,0,NED,0.0,tallon-griekspoor,5,,Tallon Griekspoor,R,0,NED,0.0,7-6(5) 6-4 .,3,QF,106,12,3,43,68,35,14,11,2,3,8,1,55,80,44,14,11,6,6,0,0,0,0
2025-308,Munich,Clay,32,A,,33,david-goffin,,,David Goffin,R,0,BEL,0.0,mariano-navone,,,Mariano Navone,R,0,ARG,0.0,0-6  7-5  6-1 .,3,R16,134,2,4,45,85,29,21,12,8,12,0,2,51,81,29,17,13,3,8,0,0,0,0
2025-6932,Rio De Janeiro,Clay,32,A,,33,camilo-ugo carabelli,,LL,Camilo Ugo Carabelli,R,0,ARG,0.0,damir-dzumhur,,,Damir Dzumhur,R,0,BIH,0.0,6-4  6-4 .,3,R16,106,0,1,34,54,26,9,10,1,3,3,3,48,76,27,16,10,6,10,0,0,0,0
2025-416,Rome,Clay,32,A,,33,vit-kopriva,7,,Vit Kopriva,R,0,CZE,0.0,nishesh-basavareddy,13,,Nishesh Basavareddy,R,0,USA,0.0,6-4  6-2 .,3,Unknown,92,5,0,30,54,23,15,9,0,0,1,3,30,62,17,18,9,2,5,0,0,0,0
2025-407,Rotterdam,Hard,32,A,,33,pedro-martinez,,,Pedro Martinez,R,0,ESP,0.0,holger-rune,5,,Holger Rune,R,0,DEN,0.0,6-4  6-1 .,3,R16,83,0,2,34,49,25,11,9,1,2,2,1,33,58,17,13,8,4,8,0,0,0,0
2025-8996,Santiago,Clay,32,A,,33,camilo-ugo carabelli,,,Camilo Ugo Carabelli,R,0,ARG,0.0,federico-coria,,,Federico Coria,R,0,ARG,0.0,6-4  6-3 .,3,QF,89,2,2,38,56,25,8,10,1,5,2,2,41,63,21,7,9,9,15,0,0,0,0
2025-321,Stuttgart,Clay,32,A,,33,felix-auger-aliassime,4,,Felix Auger-Aliassime,R,0,CAN,0.0,justin-engel,,WC,Justin Engel,R,0,GER,0.0,7-6(3) 6-3 .,3,QF,98,7,4,39,77,30,17,10,4,6,18,2,42,60,36,13,11,1,2,0,0,0,0
2025-421,Toronto,Hard,32,A,,33,tristan-schoolkate,,Q,Tristan Schoolkate,R,0,AUS,0.0,joao-fonseca,,,Joao Fonseca,R,0,BRA,0.0,7-6(5) 6-4 .,3,R128,92,10,5,36,64,32,18,11,0,0,9,4,49,76,37,14,11,1,2,0,0,0,0
2025-439,Umag,Clay,32,A,,33,carlos-taberner,,,Carlos Taberner,R,0,ESP,0.0,jesper-de jong,,,Jesper de Jong,R,0,NED,0.0,7-5  6-3 .,3,QF,94,0,0,31,47,30,10,10,0,0,9,0,48,72,32,11,11,4,7,0,0,0,0
2025-418,Washington,Clay,32,A,,33,aleksandar-kovacevic,,,Aleksandar Kovacevic,R,0,USA,0.0,quentin-halys,,,Quentin Halys,R,0,FRA,0.0,6-2  3-6  6-3 .,3,R64,116,8,6,56,87,40,13,13,5,8,8,9,46,83,39,15,13,2,3,0,0,0,0
2025-422,Cincinnati,Hard,32,A,,33,alexander-blockx,18,,Alexander Blockx,R,0,BEL,0.0,luca-nardi,6,,Luca Nardi,R,0,ITA,0.0,6-4  6-3 .,3,Unknown,83,0,4,36,65,22,15,10,7,10,7,1,30,52,23,16,9,2,2,0,0,0,0
2025-9900,Perth Sydney,Hard,32,A,,33,alex-de minaur,12,,Alex de Minaur,R,0,AUS,0.0,billy-harris,6,,Billy Harris,R,0,GBR,0.0,6-2  6-1 .,3,Unknown,76,3,1,64,36,47,45,8,29,2,6,2,48,19,89,62,7,100,3,0,0,0,0
2025-807,Acapulco,Hard,32,A,,32,david-goffin,,,David Goffin,R,0,BEL,0.0,ben-shelton,5,,Ben Shelton,R,0,USA,0.0,7-6(3) 6-3 .,3,R16,105,1,1,38,61,28,17,11,0,1,6,4,43,72,30,14,10,6,8,0,0,0,0
2025-8998,Adelaide,Hard,32,A,,32,tommy-paul,1,,Tommy Paul,R,0,USA,0.0,manuel-guinard,,LL,Manuel Guinard,R,0,FRA,0.0,6-4  3-6  6-3 .,3,R16,111,9,4,60,93,43,18,14,10,11,8,3,58,84,43,14,14,0,2,0,0,0,0
2025-301,Auckland,Hard,32,A,,32,jakub-mensik,,,Jakub Mensik,R,0,CZE,0.0,ben-shelton,1,,Ben Shelton,R,0,USA,0.0,7-6(2) 4-6  7-5 .,3,R16,158,7,2,84,127,54,27,17,11,12,10,7,71,119,57,25,17,5,6,0,0,0,0
2025-425,Barcelona,Clay,32,A,,32,stefanos-tsitsipas,3,,Stefanos Tsitsipas,R,0,GRE,0.0,reilly-opelka,PR,,Reilly Opelka,R,0,USA,0.0,6-2  6-2 .,3,R32,70,2,1,24,48,18,18,8,3,3,4,3,33,54,19,7,8,5,9,0,0,0,0
2025-316,Bastad,Clay,32,A,,32,francisco-cerundolo,1,,Francisco Cerundolo,R,0,ARG,0.0,mariano-navone,,,Mariano Navone,R,0,ARG,0.0,6-3  6-3 .,3,R16,92,1,2,38,59,28,10,9,4,5,2,4,42,69,28,9,9,6,10,0,0,0,0
2025-339,Brisbane,Hard,32,A,,32,matteo-arnaldi,,,Matteo Arnaldi,R,0,ITA,0.0,alexei-popyrin,7,,Alexei Popyrin,R,0,AUS,0.0,6-3  6-2 .,3,R32,69,7,3,24,54,17,21,9,2,2,5,2,29,41,19,5,8,0,3,0,0,0,0
2025-4462,Bucharest,Clay,32,A,,32,pedro-martinez,2,,Pedro Martinez,R,0,ESP,0.0,stan-wawrinka,,WC,Stan Wawrinka,R,0,SUI,0.0,4-6  7-5  6-2 .,3,R16,159,3,3,55,97,31,21,15,4,10,0,0,80,100,48,13,15,7,11,0,0,0,0
2025-506,Buenos Aires,Clay,32,A,,32,mariano-navone,,,Mariano Navone,R,0,ARG,0.0,holger-rune,2,,Holger Rune,R,0,DEN,0.0,6-1  7-6(2).,3,R16,102,4,0,42,65,32,15,10,5,5,0,1,45,67,26,12,9,1,3,0,0,0,0
2025-424,Dallas,Hard,32,A,,32,yoshihito-nishioka,,,Yoshihito Nishioka,R,0,JPN,0.0,frances-tiafoe,5,,Frances Tiafoe,R,0,USA,0.0,3-6  6-4  6-3 .,3,R16,125,12,4,50,83,38,16,14,2,5,7,2,64,92,45,16,14,6,8,0,0,0,0
2025-499,Delray Beach,Clay,32,A,,32,taylor-fritz,1,,Taylor Fritz,R,0,USA,0.0,yunchaokete-bu,,,Yunchaokete Bu,R,0,CHN,0.0,7-6(4) 6-2 .,3,R16,97,18,1,40,61,34,15,10,1,1,6,1,52,72,37,9,10,5,7,0,0,0,0
2025-451,Doha,Hard,32,A,,32,jack-draper,8,,Jack Draper,R,0,GBR,0.0,christopher-o'connell,,Q,Christopher O'Connell,R,0,AUS,0.0,6-2  6-1 .,3,R16,58,5,0,38,55,19,6,8,4,9,5,1,18,33,15,13,7,0,0,0,0,0,0
2025-495,Dubai,Hard,32,A,,32,matteo-berrettini,,,Matteo Berrettini,R,0,ITA,0.0,christopher-o'connell,,Q,Christopher O'Connell,R,0,AUS,0.0,7-6(2) 6-2 .,3,R16,90,15,0,35,52,31,14,10,0,0,4,0,51,74,27,16,10,5,7,0,0,0,0
2025-741,Eastbourne,Hard,32,A,,32,taylor-fritz,1,,Taylor Fritz,R,0,USA,0.0,joao-fonseca,,,Joao Fonseca,R,0,BRA,0.0,6-3 6-7(5) 7-5 .,3,R16,122,17,2,72,106,56,17,17,1,2,7,1,62,90,48,14,16,4,7,0,0,0,0
2025-322,Geneva,Hard,32,A,,32,taylor-fritz,1,,Taylor Fritz,R,0,USA,0.0,quentin-halys,,,Quentin Halys,R,0,FRA,0.0,6-4  7-6(5).,3,R16,95,8,2,47,74,37,15,11,3,4,6,4,38,71,33,15,11,7,9,0,0,0,0
2025-314,Gstaad,Clay,32,A,,32,alexander-bublik,2,,Alexander Bublik,R,0,KAZ,0.0,alexander-shevchenko,,,Alexander Shevchenko,R,0,KAZ,0.0,6-2  6-3 .,3,R16,61,0,2,29,49,17,9,8,3,7,5,5,30,52,24,11,9,2,3,0,0,0,0
2025-500,Halle,Grass,32,A,,32,karen-khachanov,8,,Karen Khachanov,R,0,RUS,0.0,felix-auger-aliassime,,,Felix Auger-Aliassime,R,0,CAN,0.0,6-3  1-6  6-3 .,3,R16,100,12,3,39,63,30,12,12,4,7,4,2,45,68,31,13,13,1,4,0,0,0,0
2025-414,Hamburg,Clay,32,A,,32,flavio-cobolli,,,Flavio Cobolli,R,0,ITA,0.0,alejandro-davidovich fokina,5,,Alejandro Davidovich Fokina,R,0,ESP,0.0,6-4  7-5 .,3,R16,106,0,0,52,69,25,9,11,8,14,2,2,45,75,27,16,11,3,7,0,0,0,0
2025-336,Hong Kong,Hard,32,A,,32,fabian-marozsan,,,Fabian Marozsan,R,0,HUN,0.0,andrey-rublev,1,,Andrey Rublev,R,0,RUS,0.0,7-5  3-6  6-3 .,3,R16,118,10,3,53,85,39,15,15,5,9,5,2,67,103,45,15,15,10,13,0,0,0,0
2025-717,Houston,Clay,32,A,,32,frances-tiafoe,2,,Frances Tiafoe,R,0,USA,0.0,adam-walton,,,Adam Walton,R,0,AUS,0.0,7-5  6-3 .,3,R16,90,5,3,42,73,24,16,11,4,8,4,2,26,53,22,17,10,1,2,0,0,0,0
2025-404,Indian Wells,Hard,32,A,,32,li-tu,,,Li Tu,R,0,AUS,0.0,james-duckworth,8,,James Duckworth,R,0,AUS,0.0,6-4  6-2 .,3,Unknown,77,5,8,32,67,20,14,9,6,11,2,1,27,51,21,13,9,5,7,0,0,0,0
2025-319,Kitzbuhel,Clay,32,A,,32,alexander-bublik,1,,Alexander Bublik,R,0,KAZ,0.0,thiago agustin-tirante,,,Thiago Agustin Tirante,R,0,ARG,0.0,6-3  6-4 .,3,R16,73,17,2,46,65,35,12,10,3,3,3,1,34,53,27,7,9,0,2,0,0,0,0
2025-311,London,Grass,32,A,,32,jack-draper,2,,Jack Draper,R,0,GBR,0.0,alexei-popyrin,,,Alexei Popyrin,R,0,AUS,0.0,3-6  6-2  7-6(5).,3,R16,133,6,5,56,95,44,19,15,6,8,14,3,54,83,44,15,14,1,2,0,0,0,0
2025-7480,Los Cabos,Hard,32,A,,32,andrey-rublev,1,,Andrey Rublev,R,0,RUS,0.0,alex-hernandez,,WC,Alex Hernandez,R,0,MEX,0.0,6-3  6-2 .,3,R16,74,11,6,24,46,22,12,8,1,1,0,3,46,69,25,11,9,5,9,0,0,0,0
2025-1536,Madrid,Clay,32,A,,32,fabio-fognini,22,,Fabio Fognini,R,0,ITA,0.0,rinky-hijikata,5,,Rinky Hijikata,R,0,AUS,0.0,6-4  5-7  7-5 .,3,Unknown,168,3,1,66,105,44,14,17,6,13,1,5,76,134,47,27,17,9,15,0,0,0,0
2025-8994,Mallorca,Grass,32,A,,32,learner-tien,,,Learner Tien,R,0,USA,0.0,ben-shelton,1,,Ben Shelton,R,0,USA,0.0,6-4  7-6(2).,3,R16,100,7,6,45,78,29,14,11,4,7,7,7,38,70,29,17,11,4,6,0,0,0,0
2025-360,Marrakech,Clay,32,A,,32,tallon-griekspoor,1,,Tallon Griekspoor,R,0,NED,0.0,pablo-carreno busta,,,Pablo Carreno Busta,R,0,ESP,0.0,7-6(1) 3-6  6-3 .,3,R16,143,13,5,71,108,55,17,15,4,6,8,4,57,94,43,19,15,8,10,0,0,0,0
2025-496,Marseille,Hard,32,A,,32,daniil-medvedev,1/WC,,Daniil Medvedev,R,0,RUS,0.0,pierre-hugues-herbert,,Q,Pierre-Hugues Herbert,R,0,FRA,0.0,6-2  6-4 .,3,R16,69,6,3,29,49,26,13,9,1,1,3,6,29,52,20,8,9,1,4,0,0,0,0
2025-403,Miami,Hard,32,A,,32,brandon-holt,17,,Brandon Holt,R,0,USA,0.0,gabriel-diallo,6,,Gabriel Diallo,R,0,CAN,0.0,6-4  2-6  7-5 .,3,Unknown,130,15,2,74,97,51,13,15,5,7,5,0,60,95,43,20,15,4,6,0,0,0,0
2025-410,Monte Carlo,Clay,32,A,,32,daniel-altmaier,,Q,Daniel Altmaier,R,0,GER,0.0,felix-auger-aliassime,16,,Felix Auger-Aliassime,R,0,CAN,0.0,7-6(5) 6-3 .,3,R64,119,4,3,50,70,33,7,10,5,9,6,0,50,79,37,11,11,6,9,0,0,0,0
2025-375,Montpellier,Clay,32,A,,32,jesper-de jong,,,Jesper de Jong,R,0,NED,0.0,flavio-cobolli,3,,Flavio Cobolli,R,0,ITA,0.0,6-3  7-6(2).,3,R16,116,9,1,30,64,27,20,11,3,4,2,0,43,72,26,16,10,4,6,0,0,0,0
2025-308,Munich,Clay,32,A,,32,alexander-zverev,1,,Alexander Zverev,R,0,GER,0.0,daniel-altmaier,,WC,Daniel Altmaier,R,0,GER,0.0,6-3  6-2 .,3,R16,79,0,0,39,56,31,6,9,1,2,2,0,31,51,19,7,8,2,6,0,0,0,0
2025-6932,Rio De Janeiro,Clay,32,A,,32,alexander-zverev,1,,Alexander Zverev,R,0,GER,0.0,alexander-shevchenko,,,Alexander Shevchenko,R,0,KAZ,0.0,7-6(1) 7-6(6).,3,R16,148,6,4,51,78,34,18,12,2,5,5,7,68,115,45,18,12,9,12,0,0,0,0
2025-416,Rome,Clay,32,A,,32,roman andres-burruchaga,,,Roman Andres Burruchaga,R,0,ARG,0.0,pablo-carreno busta,8,,Pablo Carreno Busta,R,0,ESP,0.0,3-6  6-3  6-2 .,3,Unknown,140,5,4,64,99,40,12,13,9,14,2,2,56,86,35,16,13,6,9,0,0,0,0
2025-407,Rotterdam,Hard,32,A,,32,stefanos-tsitsipas,6/WC,,Stefanos Tsitsipas,R,0,GRE,0.0,tallon-griekspoor,,,Tallon Griekspoor,R,0,NED,0.0,6-7(5) 7-6(6) 7-5 .,3,R16,179,12,5,71,116,57,26,18,3,5,10,2,89,131,65,21,18,6,9,0,0,0,0
2025-440,S Hertogenbosch,Grass,32,A,,32,daniil-medvedev,1,,Daniil Medvedev,R,0,RUS,0.0,adrian-mannarino,,LL,Adrian Mannarino,R,0,FRA,0.0,7-6(6) 6-4 .,3,R16,125,9,4,41,63,34,14,11,0,1,2,1,61,98,38,20,11,7,9,0,0,0,0
2025-8996,Santiago,Clay,32,A,,32,federico-coria,,,Federico Coria,R,0,ARG,0.0,alejandro-tabilo,2,,Alejandro Tabilo,R,0,CHI,0.0,7-6(11) 4-6  6-3 .,3,R16,157,0,0,0,0,0,0,0,0,0,0,0,0,0,0,0,0,0,0,0,0,0,0
2025-321,Stuttgart,Clay,32,A,,32,alexander-zverev,1,,Alexander Zverev,R,0,GER,0.0,corentin-moutet,,,Corentin Moutet,R,0,FRA,0.0,6-2  7-6(7).,3,R16,111,6,4,52,78,35,13,10,5,7,1,6,37,69,23,15,10,2,6,0,0,0,0
2025-421,Toronto,Hard,32,A,,32,dalibor-svrcina,,LL,Dalibor Svrcina,R,0,CZE,0.0,alexander-blockx,,Q,Alexander Blockx,R,0,BEL,0.0,6-4  6-2 .,3,R128,78,4,2,33,50,23,8,9,1,4,1,1,38,60,24,16,9,3,3,0,0,0,0
2025-439,Umag,Clay,32,A,,32,carlos-taberner,,,Carlos Taberner,R,0,ESP,0.0,francisco-cerundolo,1,,Francisco Cerundolo,R,0,ARG,0.0,6-7(2) 6-4  7-5 .,3,R16,200,4,3,57,112,32,23,17,6,15,3,7,77,124,45,19,17,10,17,0,0,0,0
2025-418,Washington,Clay,32,A,,32,jaume-munar,,,Jaume Munar,R,0,ESP,0.0,marcos-giron,,,Marcos Giron,R,0,USA,0.0,7-5  6-3 .,3,R64,110,2,5,36,67,26,22,11,8,8,2,2,35,67,24,17,10,5,7,0,0,0,0
2025-422,Cincinnati,Hard,32,A,,32,patrick-kypson,,WC,Patrick Kypson,R,0,USA,0.0,aleksandar-vukic,7,,Aleksandar Vukic,R,0,AUS,0.0,7-6(3) 7-6(4).,3,Unknown,102,15,3,48,81,41,16,12,3,3,18,1,46,71,40,17,12,1,1,0,0,0,0
2025-9900,Perth Sydney,Hard,32,A,,32,taylor-fritz,1,,Taylor Fritz,R,0,USA,0.0,borna-coric,18,,Borna Coric,R,0,CRO,0.0,6-3  6-2 .,3,Unknown,91,5,1,50,28,79,61,9,100,2,3,5,50,27,70,41,8,57,4,0,0,0,0
2025-807,Acapulco,Hard,32,A,,31,alejandro-davidovich fokina,,,Alejandro Davidovich Fokina,R,0,ESP,0.0,frances-tiafoe,7,,Frances Tiafoe,R,0,USA,0.0,6-3 6-7(6) 6-3 .,3,R16,147,10,3,59,98,42,17,14,10,15,10,2,69,96,51,14,16,3,6,0,0,0,0
2025-8998,Adelaide,Hard,32,A,,31,sebastian-korda,2,,Sebastian Korda,R,0,USA,0.0,alejandro-davidovich fokina,,,Alejandro Davidovich Fokina,R,0,ESP,0.0,6-3  6-3 .,3,R16,91,2,3,40,63,25,10,9,4,7,8,2,43,69,37,9,9,5,5,0,0,0,0
2025-425,Barcelona,Clay,32,A,,31,alex-de minaur,5,,Alex de Minaur,R,0,AUS,0.0,tomas martin-etcheverry,,,Tomas Martin Etcheverry,R,0,ARG,0.0,6-4  6-4 .,3,R32,85,0,0,26,50,21,15,10,0,2,4,1,40,52,33,7,10,0,0,0,0,0,0
2025-316,Bastad,Clay,32,A,,31,filip-misolic,,Q,Filip Misolic,R,0,AUT,0.0,nuno-borges,3,,Nuno Borges,R,0,POR,0.0,3-6  7-6(1) 6-3 .,3,R16,119,7,1,57,87,43,19,16,5,8,3,0,54,81,38,18,14,1,3,0,0,0,0
2025-339,Brisbane,Hard,32,A,,31,dusan-lajovic,,LL,Dusan Lajovic,R,0,SRB,0.0,arthur-cazaux,,,Arthur Cazaux,R,0,FRA,0.0,6-4  6-4 .,3,R32,101,8,6,46,81,33,13,10,7,10,1,1,41,61,27,15,10,8,9,0,0,0,0
2025-4462,Bucharest,Clay,32,A,,31,christopher-o'connell,,,Christopher O'Connell,R,0,AUS,0.0,nicolas-jarry,4,,Nicolas Jarry,R,0,CHI,0.0,6-2  5-7  7-6(5).,3,R16,179,2,4,70,102,47,16,16,4,7,5,6,67,114,50,21,16,7,9,0,0,0,0
2025-506,Buenos Aires,Clay,32,A,,31,lorenzo-musetti,3,,Lorenzo Musetti,R,0,ITA,0.0,corentin-moutet,,,Corentin Moutet,R,0,FRA,0.0,6-2  6-3 .,3,R16,89,2,2,39,57,29,12,9,4,4,0,2,32,46,19,6,8,1,4,0,0,0,0
2025-424,Dallas,Hard,32,A,,31,tomas-machac,6,,Tomas Machac,R,0,CZE,0.0,rinky-hijikata,,,Rinky Hijikata,R,0,AUS,0.0,6-4  7-6(0).,3,R16,87,1,2,42,70,26,15,11,5,8,10,2,38,60,28,14,11,0,2,0,0,0,0
2025-499,Delray Beach,Clay,32,A,,31,matteo-arnaldi,4,,Matteo Arnaldi,R,0,ITA,0.0,learner-tien,,WC,Learner Tien,R,0,USA,0.0,7-6(4) 4-6  7-6(1).,3,R16,169,24,2,77,119,60,17,17,10,14,3,4,78,109,52,18,17,5,8,0,0,0,0
2025-451,Doha,Hard,32,A,,31,felix-auger-aliassime,,,Felix Auger-Aliassime,R,0,CAN,0.0,hamad-medjedovic,SE,,Hamad Medjedovic,R,0,SRB,0.0,WINNER: F. AUGER-ALIASSIME BY WALKOVER,3,R16,0,0,0,0,0,0,0,0,0,0,0,0,0,0,0,0,0,0,0,0,0,0,0
2025-495,Dubai,Hard,32,A,,31,marin-cilic,PR,,Marin Cilic,R,0,CRO,0.0,alexei-popyrin,,,Alexei Popyrin,R,0,AUS,0.0,5-7  6-3  6-4 .,3,R16,134,16,1,55,78,46,11,15,4,6,6,1,63,98,50,16,16,3,4,0,0,0,0
2025-741,Eastbourne,Hard,32,A,,31,daniel-evans,,WC,Daniel Evans,R,0,GBR,0.0,tommy-paul,2,,Tommy Paul,R,0,USA,0.0,6-4  3-6  6-3 .,3,R16,134,4,2,43,76,30,19,14,2,5,6,3,53,97,38,19,14,10,14,0,0,0,0
2025-322,Geneva,Hard,32,A,,31,novak-djokovic,2,,Novak Djokovic,R,0,SRB,0.0,marton-fucsovics,,,Marton Fucsovics,R,0,HUN,0.0,6-2  6-3 .,3,R16,77,0,0,30,53,16,11,8,3,6,4,1,35,48,28,10,9,0,0,0,0,0,0
2025-314,Gstaad,Clay,32,A,,31,arthur-cazaux,,,Arthur Cazaux,R,0,FRA,0.0,tomas martin-etcheverry,4,,Tomas Martin Etcheverry,R,0,ARG,0.0,6-3  4-6  6-4 .,3,R16,150,16,2,78,112,61,12,15,10,11,5,2,41,71,34,18,14,4,6,0,0,0,0
2025-500,Halle,Grass,32,A,,31,flavio-cobolli,,,Flavio Cobolli,R,0,ITA,0.0,denis-shapovalov,,,Denis Shapovalov,R,0,CAN,0.0,7-6(2) 4-6  7-6(5).,3,R16,153,8,6,65,111,38,26,17,7,11,3,2,68,114,48,21,17,4,9,0,0,0,0
2025-414,Hamburg,Clay,32,A,,31,felix-auger-aliassime,6,,Felix Auger-Aliassime,R,0,CAN,0.0,giovanni-mpetshi perricard,,,Giovanni Mpetshi Perricard,R,0,FRA,0.0,6-2  6-4 .,3,R16,73,1,4,31,52,18,9,9,0,4,7,1,34,48,28,8,9,2,3,0,0,0,0
2025-336,Hong Kong,Hard,32,A,,31,lorenzo-musetti,2,,Lorenzo Musetti,R,0,ITA,0.0,gabriel-diallo,,Q,Gabriel Diallo,R,0,CAN,0.0,6-4  6-3 .,3,R16,86,6,2,49,70,32,9,10,7,10,6,3,37,49,30,7,9,2,2,0,0,0,0
2025-717,Houston,Clay,32,A,,31,brandon-nakashima,4,,Brandon Nakashima,R,0,USA,0.0,mackenzie-mcdonald,,,Mackenzie McDonald,R,0,USA,0.0,6-1  7-5 .,3,R16,78,5,1,41,61,26,9,9,2,5,7,1,32,49,26,14,10,0,0,0,0,0,0
2025-404,Indian Wells,Hard,32,A,,31,adam-walton,9,,Adam Walton,R,0,AUS,0.0,michael-mmoh,PR,,Michael Mmoh,R,0,USA,0.0,6-4  2-6  6-1 .,3,Unknown,122,3,1,39,63,26,14,12,0,3,7,7,56,93,34,16,13,6,11,0,0,0,0
2025-319,Kitzbuhel,Clay,32,A,,31,yannick-hanfmann,,Q,Yannick Hanfmann,R,0,GER,0.0,sebastian-baez,2,,Sebastian Baez,R,0,ARG,0.0,5-7  6-3  7-5 .,3,R16,162,4,1,74,105,51,17,16,4,7,2,5,77,117,52,18,17,8,13,0,0,0,0
2025-311,London,Grass,32,A,,31,holger-rune,4,,Holger Rune,R,0,DEN,0.0,mackenzie-mcdonald,,Q,Mackenzie McDonald,R,0,USA,0.0,2-6  6-1  6-1 .,3,R16,81,13,4,40,62,33,10,11,1,3,3,2,44,66,26,8,11,2,7,0,0,0,0
2025-7480,Los Cabos,Hard,32,A,,31,james-duckworth,,,James Duckworth,R,0,AUS,0.0,alejandro-davidovich fokina,2,,Alejandro Davidovich Fokina,R,0,ESP,0.0,6-3  6-4 .,3,R16,87,7,2,28,65,20,22,10,3,4,2,6,41,63,28,7,9,3,6,0,0,0,0
2025-1536,Madrid,Clay,32,A,,31,juan manuel-cerundolo,,,Juan Manuel Cerundolo,R,0,ARG,0.0,botic-van de zandschulp,6,,Botic van de Zandschulp,R,0,NED,0.0,7-6(3) 5-7  7-6(5).,3,Unknown,196,9,1,84,122,61,13,18,7,11,6,5,72,115,47,24,18,4,9,0,0,0,0
2025-8994,Mallorca,Grass,32,A,,31,alex-michelsen,3,,Alex Michelsen,R,0,USA,0.0,brandon-holt,,Q,Brandon Holt,R,0,USA,0.0,6-4  6-4 .,3,R16,78,6,2,33,53,25,9,10,2,5,4,1,37,62,24,9,10,2,7,0,0,0,0
2025-360,Marrakech,Clay,32,A,,31,vit-kopriva,,,Vit Kopriva,R,0,CZE,0.0,lorenzo-sonego,2,,Lorenzo Sonego,R,0,ITA,0.0,6-2  5-7  6-4 .,3,R16,162,2,5,67,104,42,18,15,6,10,3,2,55,88,34,14,15,9,15,0,0,0,0
2025-496,Marseille,Hard,32,A,,31,zhizhen-zhang,,,Zhizhen Zhang,R,0,CHN,0.0,hubert-hurkacz,4,,Hubert Hurkacz,R,0,POL,0.0,6-4 6-7(1) 6-3 .,3,R16,128,10,5,59,95,45,24,16,3,3,14,3,52,95,44,21,15,8,10,0,0,0,0
2025-403,Miami,Hard,32,A,,31,billy-harris,13,,Billy Harris,R,0,GBR,0.0,hugo-gaston,7,,Hugo Gaston,R,0,FRA,0.0,7-5  6-2 .,3,Unknown,85,0,2,39,72,25,13,10,6,10,4,2,36,57,28,12,10,1,2,0,0,0,0
2025-410,Monte Carlo,Clay,32,A,,31,matteo-berrettini,,,Matteo Berrettini,R,0,ITA,0.0,mariano-navone,,Q,Mariano Navone,R,0,ARG,0.0,6-4  6-4 .,3,R64,106,0,2,43,66,24,9,10,6,11,2,4,44,69,29,9,10,4,7,0,0,0,0
2025-375,Montpellier,Clay,32,A,,31,tallon-griekspoor,5,,Tallon Griekspoor,R,0,NED,0.0,richard-gasquet,,,Richard Gasquet,R,0,FRA,0.0,6-3  3-6  7-5 .,3,R16,123,18,2,68,97,51,15,15,8,9,11,3,49,85,40,19,15,3,5,0,0,0,0
2025-308,Munich,Clay,32,A,,31,ben-shelton,2,,Ben Shelton,R,0,USA,0.0,botic-van de zandschulp,,LL,Botic van de Zandschulp,R,0,NED,0.0,7-6(1) 6-3 .,3,R16,89,4,5,40,68,27,14,11,0,3,3,2,40,59,33,11,10,0,1,0,0,0,0
2025-6932,Rio De Janeiro,Clay,32,A,,31,sebastian-baez,5,,Sebastian Baez,R,0,ARG,0.0,mariano-navone,,,Mariano Navone,R,0,ARG,0.0,6-4  1-6  6-3 .,3,R16,128,0,3,61,88,38,11,13,10,15,2,3,49,76,29,15,13,7,12,0,0,0,0
2025-416,Rome,Clay,32,A,,31,chun-hsin-tseng,9,,Chun-Hsin Tseng,R,0,TPE,0.0,juan manuel-cerundolo,24,,Juan Manuel Cerundolo,R,0,ARG,0.0,6-1  6-4 .,3,Unknown,78,1,0,29,50,22,12,9,0,1,1,1,28,52,17,9,8,3,7,0,0,0,0
2025-407,Rotterdam,Hard,32,A,,31,daniel-altmaier,,LL,Daniel Altmaier,R,0,GER,0.0,arthur-fils,7,,Arthur Fils,R,0,FRA,0.0,6-4  3-6  7-5 .,3,R16,146,6,4,68,116,45,24,16,9,13,11,1,53,86,39,16,15,1,4,0,0,0,0
2025-440,S Hertogenbosch,Grass,32,A,,31,ugo-humbert,2,,Ugo Humbert,R,0,FRA,0.0,daniel-evans,,Q,Daniel Evans,R,0,GBR,0.0,7-5  6-3 .,3,R16,100,2,6,29,57,20,13,10,0,3,5,3,37,70,29,20,11,5,6,0,0,0,0
2025-8996,Santiago,Clay,32,A,,31,sebastian-baez,3,,Sebastian Baez,R,0,ARG,0.0,francisco-comesana,,,Francisco Comesana,R,0,ARG,0.0,6-3  5-7  7-6(5).,3,R16,153,11,3,68,121,45,27,17,9,13,1,2,70,100,47,17,16,1,4,0,0,0,0
2025-321,Stuttgart,Clay,32,A,,31,felix-auger-aliassime,4,,Felix Auger-Aliassime,R,0,CAN,0.0,giovanni-mpetshi perricard,,,Giovanni Mpetshi Perricard,R,0,FRA,0.0,6-4  6-4 .,3,R16,77,8,3,37,60,30,8,10,1,4,3,2,27,50,24,15,10,3,4,0,0,0,0
2025-421,Toronto,Hard,32,A,,31,aleksandar-vukic,,,Aleksandar Vukic,R,0,AUS,0.0,pedro-martinez,,,Pedro Martinez,R,0,ESP,0.0,7-5  6-3 .,3,R128,111,8,2,35,66,27,13,11,2,5,1,3,53,76,27,12,10,5,10,0,0,0,0
2025-439,Umag,Clay,32,A,,31,luciano-darderi,2,,Luciano Darderi,R,0,ITA,0.0,chun-hsin-tseng,,,Chun-Hsin Tseng,R,0,TPE,0.0,7-5  6-0 .,3,R16,89,4,3,31,63,19,14,9,7,11,5,1,36,59,26,15,9,2,2,0,0,0,0
2025-418,Washington,Clay,32,A,,31,zachary-svajda,,Q,Zachary Svajda,R,0,USA,0.0,miomir-kecmanovic,,,Miomir Kecmanovic,R,0,SRB,0.0,1-6  6-2  6-2 .,3,R64,88,14,4,45,83,32,19,12,5,8,3,2,34,68,22,17,11,6,10,0,0,0,0
2025-422,Cincinnati,Hard,32,A,,31,daniel elahi-galan,24,,Daniel Elahi Galan,R,0,COL,0.0,alexander-shevchenko,8,,Alexander Shevchenko,R,0,KAZ,0.0,7-6(6) 4-1 RET.,3,Unknown,93,0,0,0,0,0,0,0,0,0,0,0,0,0,0,0,0,0,0,0,0,0,0
2025-807,Acapulco,Hard,32,A,,30,tomas-machac,8,,Tomas Machac,R,0,CZE,0.0,daniel-altmaier,,WC,Daniel Altmaier,R,0,GER,0.0,7-6(3) 6-1 .,3,R16,98,3,0,41,61,23,12,9,2,5,5,3,42,69,33,15,10,1,2,0,0,0,0
2025-8998,Adelaide,Hard,32,A,,30,felix-auger-aliassime,5,,Felix Auger-Aliassime,R,0,CAN,0.0,arthur-cazaux,,,Arthur Cazaux,R,0,FRA,0.0,1-6  6-4  7-5 .,3,R16,153,12,5,54,83,39,14,14,4,6,8,3,54,100,38,24,15,7,9,0,0,0,0
2025-301,Auckland,Hard,32,A,,30,facundo-diaz acosta,,LL,Facundo Diaz Acosta,R,0,ARG,0.0,sebastian-baez,3,,Sebastian Baez,R,0,ARG,0.0,6-4  7-6(1).,3,R16,128,4,5,44,79,32,18,11,4,7,1,1,50,75,31,12,11,5,9,0,0,0,0
2025-316,Bastad,Clay,32,A,,30,camilo-ugo carabelli,5,,Camilo Ugo Carabelli,R,0,ARG,0.0,botic-van de zandschulp,,,Botic van de Zandschulp,R,0,NED,0.0,7-6(3) 5-7  6-3 .,3,R16,170,8,2,88,124,59,18,17,11,13,3,0,62,94,46,16,16,2,4,0,0,0,0
2025-339,Brisbane,Hard,32,A,,30,jakub-mensik,,,Jakub Mensik,R,0,CZE,0.0,mikhail-kukushkin,,Q,Mikhail Kukushkin,R,0,KAZ,0.0,7-6(3) 6-4 .,3,R32,94,13,2,42,68,33,15,11,1,2,2,3,47,76,30,17,11,2,4,0,0,0,0
2025-4462,Bucharest,Clay,32,A,,30,marton-fucsovics,,,Marton Fucsovics,R,0,HUN,0.0,mariano-navone,7,,Mariano Navone,R,0,ARG,0.0,4-6  6-4  6-4 .,3,R16,161,0,1,49,74,35,9,15,1,7,1,2,71,109,38,16,15,14,21,0,0,0,0
2025-506,Buenos Aires,Clay,32,A,,30,joao-fonseca,,,Joao Fonseca,R,0,BRA,0.0,federico-coria,,LL,Federico Coria,R,0,ARG,0.0,2-6  6-4  6-2 .,3,R16,132,1,2,48,80,33,15,13,3,6,8,2,54,87,38,13,13,3,7,0,0,0,0
2025-424,Dallas,Hard,32,A,,30,matteo-arnaldi,8,,Matteo Arnaldi,R,0,ITA,0.0,alejandro-davidovich fokina,,,Alejandro Davidovich Fokina,R,0,ESP,0.0,6-1  6-3 .,3,R16,67,2,0,31,50,25,10,8,2,2,2,0,35,49,19,6,8,6,10,0,0,0,0
2025-499,Delray Beach,Clay,32,A,,30,brandon-nakashima,6,,Brandon Nakashima,R,0,USA,0.0,reilly-opelka,,WC,Reilly Opelka,R,0,USA,0.0,3-6  7-5  6-2 .,3,R16,112,17,6,58,105,42,21,15,5,8,14,1,45,66,38,16,14,0,1,0,0,0,0
2025-451,Doha,Hard,32,A,,30,matteo-berrettini,,,Matteo Berrettini,R,0,ITA,0.0,tallon-griekspoor,,,Tallon Griekspoor,R,0,NED,0.0,7-6(4) 6-7(6) 6-4 .,3,R16,147,23,2,72,96,64,16,17,0,0,10,2,86,109,68,13,17,1,2,0,0,0,0
2025-495,Dubai,Hard,32,A,,30,quentin-halys,,Q,Quentin Halys,R,0,FRA,0.0,roberto-bautista agut,,,Roberto Bautista Agut,R,0,ESP,0.0,7-6(5) 6-4 .,3,R16,99,4,4,49,69,39,8,11,3,5,15,3,40,73,36,16,11,5,6,0,0,0,0
2025-741,Eastbourne,Hard,32,A,,30,jakub-mensik,3,,Jakub Mensik,R,0,CZE,0.0,reilly-opelka,PR,,Reilly Opelka,R,0,USA,0.0,7-5  6-3 .,3,R16,86,12,2,41,64,30,17,11,0,0,10,4,42,72,29,13,10,1,3,0,0,0,0
2025-322,Geneva,Hard,32,A,,30,cameron-norrie,,Q,Cameron Norrie,R,0,GBR,0.0,tomas-machac,3,,Tomas Machac,R,0,CZE,0.0,6-3 6-2 4-3 RET.,3,R16,105,3,3,41,63,27,11,12,0,4,9,3,60,97,35,17,12,9,14,0,0,0,0
2025-314,Gstaad,Clay,32,A,,30,francisco-comesana,7,,Francisco Comesana,R,0,ARG,0.0,roberto-carballes baena,,,Roberto Carballes Baena,R,0,ESP,0.0,6-1  6-4 .,3,R16,73,10,1,32,47,29,8,9,1,1,1,1,26,50,11,18,8,2,5,0,0,0,0
2025-500,Halle,Grass,32,A,,30,daniil-medvedev,3,,Daniil Medvedev,R,0,RUS,0.0,quentin-halys,,,Quentin Halys,R,0,FRA,0.0,6-2  7-5 .,3,R16,66,4,1,36,60,27,9,10,2,5,10,0,32,49,29,12,10,0,0,0,0,0,0
2025-414,Hamburg,Clay,32,A,,30,luciano-darderi,,,Luciano Darderi,R,0,ITA,0.0,brandon-nakashima,7,,Brandon Nakashima,R,0,USA,0.0,7-5 6-7(7) 6-2 .,3,R16,167,6,5,59,104,38,22,16,3,8,4,2,75,116,44,16,16,9,17,0,0,0,0
2025-336,Hong Kong,Hard,32,A,,30,jaume-munar,,,Jaume Munar,R,0,ESP,0.0,nuno-borges,5,,Nuno Borges,R,0,POR,0.0,6-3  7-5 .,3,R16,83,2,4,36,59,26,10,10,1,4,5,0,35,57,30,11,11,0,1,0,0,0,0
2025-717,Houston,Clay,32,A,,30,alex-michelsen,5,,Alex Michelsen,R,0,USA,0.0,adrian-mannarino,,LL,Adrian Mannarino,R,0,FRA,0.0,6-7(0) 6-4  6-2 .,3,R16,148,3,3,62,95,38,19,15,5,9,1,3,69,99,39,14,15,9,16,0,0,0,0
2025-404,Indian Wells,Hard,32,A,,30,colton-smith,,WC,Colton Smith,R,0,USA,0.0,pavel-kotov,13,,Pavel Kotov,R,0,RUS,0.0,6-3  7-6(8).,3,Unknown,113,3,0,56,73,39,11,11,3,4,1,2,49,81,34,15,10,8,10,0,0,0,0
2025-319,Kitzbuhel,Clay,32,A,,30,jan-lennard-struff,,Q,Jan-Lennard Struff,R,0,GER,0.0,pedro-martinez,3,,Pedro Martinez,R,0,ESP,0.0,6-2  6-2 .,3,R16,71,9,1,22,43,18,12,8,0,1,0,6,47,66,26,6,8,10,15,0,0,0,0
2025-311,London,Grass,32,A,,30,roberto-bautista agut,,,Roberto Bautista Agut,R,0,ESP,0.0,jakub-mensik,8,,Jakub Mensik,R,0,CZE,0.0,3-6  6-3  7-5 .,3,R16,141,0,0,0,0,0,0,0,0,0,0,0,0,0,0,0,0,0,0,0,0,0,0
2025-7480,Los Cabos,Hard,32,A,,30,denis-shapovalov,3,,Denis Shapovalov,R,0,CAN,0.0,govind-nanda,,Q,Govind Nanda,R,0,USA,0.0,6-1  6-2 .,3,R16,60,1,1,23,40,13,4,7,2,7,4,3,22,47,16,17,8,3,4,0,0,0,0
2025-1536,Madrid,Clay,32,A,,30,elmer-moller,,,Elmer Moller,R,0,DEN,0.0,kamil-majchrzak,8,,Kamil Majchrzak,R,0,POL,0.0,5-7  6-4  6-4 .,3,Unknown,134,10,0,63,105,49,20,16,8,10,5,3,57,99,41,28,16,4,5,0,0,0,0
2025-8994,Mallorca,Grass,32,A,,30,roberto-bautista agut,7,,Roberto Bautista Agut,R,0,ESP,0.0,bernard-tomic,,Q,Bernard Tomic,R,0,AUS,0.0,6-3  6-3 .,3,R16,67,6,3,25,55,17,12,9,2,6,4,0,37,50,28,7,9,2,3,0,0,0,0
2025-360,Marrakech,Clay,32,A,,30,luciano-darderi,7,,Luciano Darderi,R,0,ITA,0.0,hugo-gaston,,,Hugo Gaston,R,0,FRA,0.0,2-6  6-2  6-3 .,3,R16,111,1,1,43,72,30,14,13,0,3,3,2,43,93,31,23,12,10,14,0,0,0,0
2025-496,Marseille,Hard,32,A,,30,zizou-bergs,,,Zizou Bergs,R,0,BEL,0.0,nuno-borges,8,,Nuno Borges,R,0,POR,0.0,6-2 6-7(5) 6-2 .,3,R16,130,2,4,58,94,39,20,14,6,10,13,4,57,87,48,17,14,2,2,0,0,0,0
2025-403,Miami,Hard,32,A,,30,tristan-schoolkate,24,,Tristan Schoolkate,R,0,AUS,0.0,adam-walton,8,,Adam Walton,R,0,AUS,0.0,6-3  6-4 .,3,Unknown,77,5,2,38,58,24,9,9,4,7,12,6,34,54,30,7,10,0,1,0,0,0,0
2025-410,Monte Carlo,Clay,32,A,,30,francisco-cerundolo,,,Francisco Cerundolo,R,0,ARG,0.0,fabio-fognini,,WC,Fabio Fognini,R,0,ITA,0.0,6-0  6-3 .,3,R64,62,0,6,31,59,16,12,8,3,8,4,0,27,37,22,8,7,2,2,0,0,0,0
2025-375,Montpellier,Clay,32,A,,30,nikoloz-basilashvili,,Q,Nikoloz Basilashvili,R,0,GEO,0.0,arthur-rinderknech,7,,Arthur Rinderknech,R,0,FRA,0.0,6-0  7-6(4).,3,R16,97,7,1,42,66,29,14,9,3,4,7,3,47,72,28,8,9,4,8,0,0,0,0
2025-308,Munich,Clay,32,A,,30,luciano-darderi,,,Luciano Darderi,R,0,ITA,0.0,miomir-kecmanovic,,,Miomir Kecmanovic,R,0,SRB,0.0,2-6  7-6(4) 6-4 .,3,R16,149,6,2,53,98,41,22,15,5,9,5,1,65,107,46,21,15,7,10,0,0,0,0
2025-6932,Rio De Janeiro,Clay,32,A,,30,francisco-comesana,,,Francisco Comesana,R,0,ARG,0.0,nicolas-jarry,6,,Nicolas Jarry,R,0,CHI,0.0,7-6(4) 6-7(1) 7-6(6).,3,R16,194,12,4,80,128,61,26,18,5,7,11,3,66,108,53,29,18,2,4,0,0,0,0
2025-416,Rome,Clay,32,A,,30,vilius-gaubas,,,Vilius Gaubas,R,0,LTU,0.0,hugo-dellien,10,,Hugo Dellien,R,0,BOL,0.0,7-5  6-3 .,3,Unknown,99,3,0,52,65,31,4,10,4,8,0,3,43,64,28,13,11,4,6,0,0,0,0
2025-407,Rotterdam,Hard,32,A,,30,mattia-bellucci,,Q,Mattia Bellucci,R,0,ITA,0.0,daniil-medvedev,2,,Daniil Medvedev,R,0,RUS,0.0,6-3 6-7(6) 6-3 .,3,R16,174,2,1,85,131,56,25,16,11,12,9,8,53,93,44,17,14,5,8,0,0,0,0
2025-440,S Hertogenbosch,Grass,32,A,,30,zizou-bergs,,,Zizou Bergs,R,0,BEL,0.0,alexei-popyrin,4,,Alexei Popyrin,R,0,AUS,0.0,6-7(3) 6-2  7-6(3).,3,R16,182,8,6,76,127,45,21,16,10,17,7,11,62,128,40,32,16,13,18,0,0,0,0
2025-8996,Santiago,Clay,32,A,,30,damir-dzumhur,,,Damir Dzumhur,R,0,BIH,0.0,mariano-navone,6,,Mariano Navone,R,0,ARG,0.0,6-4  3-6  6-3 .,3,R16,156,3,5,61,87,39,14,14,3,7,0,3,74,110,44,20,14,7,10,0,0,0,0
2025-321,Stuttgart,Clay,32,A,,30,brandon-nakashima,6,,Brandon Nakashima,R,0,USA,0.0,learner-tien,,,Learner Tien,R,0,USA,0.0,7-6(5) 6-3 .,3,R16,90,5,2,48,81,31,20,11,9,11,4,1,37,55,32,13,10,0,0,0,0,0,0
2025-421,Toronto,Hard,32,A,,30,yosuke-watanuki,,Q,Yosuke Watanuki,R,0,JPN,0.0,daniel-altmaier,,,Daniel Altmaier,R,0,GER,0.0,3-6  6-1  6-4 .,3,R128,107,8,6,26,69,21,27,13,2,4,9,5,34,77,26,20,13,4,8,0,0,0,0
2025-439,Umag,Clay,32,A,,30,damir-dzumhur,4,,Damir Dzumhur,R,0,BIH,0.0,stan-wawrinka,,,Stan Wawrinka,R,0,SUI,0.0,6-4  7-5 .,3,R16,119,1,5,53,86,33,13,11,8,12,5,0,35,68,20,15,11,1,7,0,0,0,0
2025-418,Washington,Clay,32,A,,30,yibing-wu,,Q,Yibing Wu,R,0,CHN,0.0,gael-monfils,,,Gael Monfils,R,0,FRA,0.0,6-3  6-1 .,3,R64,78,3,4,31,49,19,6,8,1,5,1,3,32,50,26,9,8,4,4,0,0,0,0
2025-422,Cincinnati,Hard,32,A,,30,valentin-royer,12,,Valentin Royer,R,0,FRA,0.0,liam-draxl,14,,Liam Draxl,R,0,CAN,0.0,2-6  6-3  6-4 .,3,Unknown,145,12,5,54,83,39,14,14,3,6,6,5,72,104,44,17,13,9,12,0,0,0,0
2025-9900,Perth Sydney,Hard,32,A,,30,flavio-cobolli,4,,Flavio Cobolli,R,0,ITA,0.0,ugo-humbert,10,,Ugo Humbert,R,0,FRA,0.0,3-6  7-6(8) 6-2 .,3,Unknown,126,11,0,64,57,72,66,14,50,2,10,2,55,46,78,65,15,25,1,0,0,0,0
2025-807,Acapulco,Hard,32,A,,29,denis-shapovalov,9,,Denis Shapovalov,R,0,CAN,0.0,alex-michelsen,,,Alex Michelsen,R,0,USA,0.0,6-4  6-3 .,3,R16,84,3,3,30,53,20,17,10,3,5,0,5,34,56,16,11,9,2,6,0,0,0,0
2025-8998,Adelaide,Hard,32,A,,29,rinky-hijikata,,LL,Rinky Hijikata,R,0,AUS,0.0,brandon-nakashima,7,,Brandon Nakashima,R,0,USA,0.0,6-2  3-6  7-6(5).,3,R16,121,6,5,49,86,38,24,14,3,4,17,2,62,84,48,12,15,3,5,0,0,0,0
2025-301,Auckland,Hard,32,A,,29,roberto-carballes baena,,,Roberto Carballes Baena,R,0,ESP,0.0,francisco-cerundolo,4,,Francisco Cerundolo,R,0,ARG,0.0,6-2  7-5 .,3,R16,91,6,3,35,59,24,12,10,2,5,3,0,51,69,37,11,10,2,2,0,0,0,0
2025-425,Barcelona,Clay,32,A,,29,jaume-munar,,,Jaume Munar,R,0,ESP,0.0,frances-tiafoe,9,,Frances Tiafoe,R,0,USA,0.0,2-6  7-5  6-1 .,3,R32,161,0,2,52,94,33,17,14,9,14,3,4,53,93,35,20,13,6,9,0,0,0,0
2025-316,Bastad,Clay,32,A,,29,damir-dzumhur,7,,Damir Dzumhur,R,0,BIH,0.0,hugo-gaston,,,Hugo Gaston,R,0,FRA,0.0,4-6  6-2  6-2 .,3,R16,108,1,2,44,80,27,18,13,7,12,2,0,59,77,43,10,13,4,6,0,0,0,0
2025-339,Brisbane,Hard,32,A,,29,gael-monfils,,,Gael Monfils,R,0,FRA,0.0,nishesh-basavareddy,,Q,Nishesh Basavareddy,R,0,USA,0.0,6-4  4-6  6-1 .,3,R32,109,4,1,49,74,34,9,13,2,7,18,0,52,77,40,13,14,4,7,0,0,0,0
2025-4462,Bucharest,Clay,32,A,,29,damir-dzumhur,,,Damir Dzumhur,R,0,BIH,0.0,filip cristian-jianu,,WC,Filip Cristian Jianu,R,0,ROU,0.0,6-4  3-6  6-3 .,3,R16,152,0,2,54,87,34,20,14,1,4,1,0,72,106,41,17,14,8,12,0,0,0,0
2025-506,Buenos Aires,Clay,32,A,,29,pedro-martinez,,,Pedro Martinez,R,0,ESP,0.0,diego-schwartzman,,WC,Diego Schwartzman,R,0,ARG,0.0,6-2  6-2 .,3,R16,77,0,2,38,49,27,5,8,3,4,4,4,27,42,12,5,8,4,9,0,0,0,0
2025-424,Dallas,Hard,32,A,,29,reilly-opelka,,WC,Reilly Opelka,R,0,USA,0.0,cameron-norrie,,,Cameron Norrie,R,0,GBR,0.0,4-6  7-6(5) 6-4 .,3,R16,150,18,2,57,102,47,25,16,4,5,7,2,66,100,52,19,16,3,4,0,0,0,0
2025-499,Delray Beach,Clay,32,A,,29,alejandro-davidovich fokina,8,,Alejandro Davidovich Fokina,R,0,ESP,0.0,mackenzie-mcdonald,,WC,Mackenzie McDonald,R,0,USA,0.0,6-2  5-7  6-0 .,3,R16,136,3,4,57,89,31,13,13,9,16,8,3,78,102,49,9,13,8,11,0,0,0,0
2025-451,Doha,Hard,32,A,,29,jiri-lehecka,,,Jiri Lehecka,R,0,CZE,0.0,fabian-marozsan,,,Fabian Marozsan,R,0,HUN,0.0,6-4  6-2 .,3,R16,63,3,2,36,58,26,7,9,3,6,5,0,33,46,24,12,9,0,0,0,0,0,0
2025-495,Dubai,Hard,32,A,,29,luca-nardi,,LL,Luca Nardi,R,0,ITA,0.0,zizou-bergs,,,Zizou Bergs,R,0,BEL,0.0,6-4  7-6(3).,3,R16,100,5,2,45,73,33,15,11,5,7,4,3,31,64,24,14,11,0,3,0,0,0,0
2025-741,Eastbourne,Hard,32,A,,29,ugo-humbert,4,,Ugo Humbert,R,0,FRA,0.0,lorenzo-sonego,,,Lorenzo Sonego,R,0,ITA,0.0,7-5  6-4 .,3,R16,100,3,3,53,65,38,5,11,4,6,4,2,33,65,24,25,11,0,0,0,0,0,0
2025-322,Geneva,Hard,32,A,,29,alexei-popyrin,5,,Alexei Popyrin,R,0,AUS,0.0,jacob-fearnley,,,Jacob Fearnley,R,0,GBR,0.0,6-4  6-3 .,3,R16,70,7,0,50,63,36,7,10,6,7,1,1,32,43,23,6,9,0,3,0,0,0,0
2025-314,Gstaad,Clay,32,A,,29,jerome-kym,,WC,Jerome Kym,R,0,SUI,0.0,francesco-passaro,,Q,Francesco Passaro,R,0,ITA,0.0,7-6(3) 7-6(3).,3,R16,115,3,1,48,78,35,20,12,1,1,9,3,57,87,50,16,12,6,6,0,0,0,0
2025-500,Halle,Grass,32,A,,29,alex-michelsen,,,Alex Michelsen,R,0,USA,0.0,stefanos-tsitsipas,,,Stefanos Tsitsipas,R,0,GRE,0.0,7-6(5) 7-5 .,3,R16,103,8,0,51,71,40,13,12,1,2,7,5,43,79,33,20,12,2,4,0,0,0,0
2025-414,Hamburg,Clay,32,A,,29,tomas martin-etcheverry,,,Tomas Martin Etcheverry,R,0,ARG,0.0,camilo-ugo carabelli,,,Camilo Ugo Carabelli,R,0,ARG,0.0,6-4  6-4 .,3,R16,114,3,4,42,80,31,17,10,10,12,10,1,41,68,32,14,10,1,1,0,0,0,0
2025-336,Hong Kong,Hard,32,A,,29,juncheng-shang,,,Juncheng Shang,R,0,CHN,0.0,pedro-martinez,7,,Pedro Martinez,R,0,ESP,0.0,6-3  6-1 .,3,R16,77,9,2,40,54,32,5,8,6,6,5,6,33,49,23,2,8,3,7,0,0,0,0
2025-717,Houston,Clay,32,A,,29,christopher-eubanks,,,Christopher Eubanks,R,0,USA,0.0,kei-nishikori,8,,Kei Nishikori,R,0,JPN,0.0,6-1 0-0 RET.,3,R16,24,1,0,17,20,9,0,3,2,4,2,1,15,22,11,5,4,0,0,0,0,0,0
2025-404,Indian Wells,Hard,32,A,,29,pablo-carreno busta,15,,Pablo Carreno Busta,R,0,ESP,0.0,alexis-galarneau,,,Alexis Galarneau,R,0,CAN,0.0,7-6(3) 6-3 .,3,Unknown,112,0,2,40,71,23,11,11,4,10,3,3,45,74,26,14,10,9,13,0,0,0,0
2025-319,Kitzbuhel,Clay,32,A,,29,thiago-seyboth wild,,,Thiago Seyboth Wild,R,0,BRA,0.0,roberto-bautista agut,4,,Roberto Bautista Agut,R,0,ESP,0.0,7-5  7-5 .,3,R16,118,2,3,56,90,34,16,12,10,14,2,0,45,64,36,6,12,0,2,0,0,0,0
2025-311,London,Grass,32,A,,29,brandon-nakashima,,,Brandon Nakashima,R,0,USA,0.0,daniel-evans,,WC,Daniel Evans,R,0,GBR,0.0,7-5  7-6(4).,3,R16,115,5,2,39,72,29,19,12,2,4,8,1,53,77,42,13,12,2,3,0,0,0,0
2025-7480,Los Cabos,Hard,32,A,,29,juan pablo-ficovich,,,Juan Pablo Ficovich,R,0,ARG,0.0,quentin-halys,4,,Quentin Halys,R,0,FRA,0.0,6-4 6-7(5) 6-3 .,3,R16,152,4,10,56,109,38,25,15,7,12,5,3,62,103,49,19,16,5,8,0,0,0,0
2025-1536,Madrid,Clay,32,A,,29,ethan-quinn,,,Ethan Quinn,R,0,USA,0.0,thiago-monteiro,9,,Thiago Monteiro,R,0,BRA,0.0,2-6  7-6(5) 7-6(0).,3,Unknown,179,6,2,71,109,55,19,16,6,7,12,10,57,116,42,34,16,7,10,0,0,0,0
2025-8994,Mallorca,Grass,32,A,,29,corentin-moutet,,,Corentin Moutet,R,0,FRA,0.0,daniel-altmaier,8,,Daniel Altmaier,R,0,GER,0.0,7-6(3) 7-6(3).,3,R16,134,1,4,46,78,36,19,12,2,3,5,3,51,84,36,17,12,5,6,0,0,0,0
2025-360,Marrakech,Clay,32,A,,29,mattia-bellucci,8,,Mattia Bellucci,R,0,ITA,0.0,pierre-hugues-herbert,,Q,Pierre-Hugues Herbert,R,0,FRA,0.0,6-2  7-5 .,3,R16,84,2,4,39,63,26,9,10,4,8,4,0,28,50,21,16,10,0,1,0,0,0,0
2025-496,Marseille,Hard,32,A,,29,jan-lennard-struff,,,Jan-Lennard Struff,R,0,GER,0.0,hugo-grenier,,Q,Hugo Grenier,R,0,FRA,0.0,6-4  5-7  6-4 .,3,R16,134,16,4,59,96,44,16,16,3,7,14,5,77,115,51,14,16,8,13,0,0,0,0
2025-403,Miami,Hard,32,A,,29,rei-sakamoto,,WC,Rei Sakamoto,R,0,JPN,0.0,james-duckworth,9,,James Duckworth,R,0,AUS,0.0,7-5  7-6(5).,3,Unknown,88,6,0,47,70,36,13,12,1,2,20,0,50,66,44,9,12,0,0,0,0,0,0
2025-410,Monte Carlo,Clay,32,A,,29,marcos-giron,,,Marcos Giron,R,0,USA,0.0,denis-shapovalov,,,Denis Shapovalov,R,0,CAN,0.0,6-3  7-6(5).,3,R64,108,1,0,54,95,33,25,11,5,6,6,4,31,60,23,16,10,0,2,0,0,0,0
2025-375,Montpellier,Clay,32,A,,29,aleksandar-kovacevic,,Q,Aleksandar Kovacevic,R,0,USA,0.0,mattia-bellucci,,,Mattia Bellucci,R,0,ITA,0.0,7-5  7-6(5).,3,R16,105,15,0,47,71,37,16,12,0,1,9,1,44,71,39,17,12,1,1,0,0,0,0
2025-308,Munich,Clay,32,A,,29,tallon-griekspoor,,,Tallon Griekspoor,R,0,NED,0.0,yannick-hanfmann,,WC,Yannick Hanfmann,R,0,GER,0.0,7-6(3) 6-3 .,3,R16,90,12,1,45,65,33,15,11,2,3,2,0,43,61,31,9,10,1,3,0,0,0,0
2025-6932,Rio De Janeiro,Clay,32,A,,29,chun-hsin-tseng,,Q,Chun-Hsin Tseng,R,0,TPE,0.0,thiago-monteiro,,WC,Thiago Monteiro,R,0,BRA,0.0,6-7(4) 6-3  7-6(4).,3,R16,200,5,5,60,98,43,18,16,4,8,12,4,72,131,52,30,17,6,9,0,0,0,0
2025-416,Rome,Clay,32,A,,29,carlos-taberner,,,Carlos Taberner,R,0,ESP,0.0,jaime-faria,12,,Jaime Faria,R,0,POR,0.0,6-0 0-0 RET.,3,Unknown,29,0,0,14,22,4,3,3,3,6,0,0,7,13,7,5,3,0,0,0,0,0,0
2025-407,Rotterdam,Hard,32,A,,29,hubert-hurkacz,8,,Hubert Hurkacz,R,0,POL,0.0,jiri-lehecka,,,Jiri Lehecka,R,0,CZE,0.0,7-5 2-0 RET.,3,R16,55,3,0,26,38,16,8,7,0,2,6,0,29,43,24,8,7,4,4,0,0,0,0
2025-440,S Hertogenbosch,Grass,32,A,,29,mark-lajal,,Q,Mark Lajal,R,0,EST,0.0,hubert-hurkacz,5,,Hubert Hurkacz,R,0,POL,0.0,WINNER: M. LAJAL BY WALKOVER,3,R16,0,0,0,0,0,0,0,0,0,0,0,0,0,0,0,0,0,0,0,0,0,0,0
2025-8996,Santiago,Clay,32,A,,29,camilo-ugo carabelli,,,Camilo Ugo Carabelli,R,0,ARG,0.0,thiago-monteiro,,,Thiago Monteiro,R,0,BRA,0.0,4-6  7-6(2) 6-3 .,3,R16,161,7,6,67,96,57,9,15,6,7,5,4,66,104,48,20,16,6,8,0,0,0,0
2025-321,Stuttgart,Clay,32,A,,29,justin-engel,,WC,Justin Engel,R,0,GER,0.0,alex-michelsen,7,,Alex Michelsen,R,0,USA,0.0,6-4  6-4 .,3,R16,77,10,5,42,69,28,12,10,3,5,5,1,31,47,31,9,10,0,0,0,0,0,0
2025-421,Toronto,Hard,32,A,,29,nicolas-arseneault,,WC,Nicolas Arseneault,R,0,CAN,0.0,valentin-royer,,Q,Valentin Royer,R,0,FRA,0.0,6-3  7-6(4).,3,R128,103,5,4,59,87,44,7,11,5,9,3,6,38,64,26,9,10,6,11,0,0,0,0
2025-439,Umag,Clay,32,A,,29,jesper-de jong,,,Jesper de Jong,R,0,NED,0.0,mariano-navone,5,,Mariano Navone,R,0,ARG,0.0,6-3  6-4 .,3,R16,96,2,3,42,62,33,11,10,4,5,1,1,42,61,25,10,9,8,11,0,0,0,0
2025-418,Washington,Clay,32,A,,29,matteo-arnaldi,,,Matteo Arnaldi,R,0,ITA,0.0,daniel-altmaier,,,Daniel Altmaier,R,0,GER,0.0,4-6  6-2  7-6(2).,3,R64,162,3,2,53,95,35,28,15,8,11,7,1,71,113,45,22,15,11,15,0,0,0,0
2025-422,Cincinnati,Hard,32,A,,29,colton-smith,,,Colton Smith,R,0,USA,0.0,nikoloz-basilashvili,13,,Nikoloz Basilashvili,R,0,GEO,0.0,7-5  6-1 .,3,Unknown,78,11,1,38,49,34,5,10,2,3,1,9,32,68,22,15,9,4,8,0,0,0,0
2025-807,Acapulco,Hard,32,A,,28,alexander-zverev,1,,Alexander Zverev,R,0,GER,0.0,matteo-arnaldi,,,Matteo Arnaldi,R,0,ITA,0.0,6-7(2) 6-3  6-4 .,3,R32,164,8,1,63,98,49,21,16,3,3,6,1,55,86,43,19,15,2,4,0,0,0,0
2025-8998,Adelaide,Hard,32,A,,28,thanasi-kokkinakis,,WC,Thanasi Kokkinakis,R,0,AUS,0.0,tomas martin-etcheverry,8,,Tomas Martin Etcheverry,R,0,ARG,0.0,7-5  4-6  7-6(4).,3,R16,182,13,0,72,103,60,16,17,4,5,23,4,82,115,61,18,17,5,6,0,0,0,0
2025-301,Auckland,Hard,32,A,,28,nuno-borges,7,,Nuno Borges,R,0,POR,0.0,mariano-navone,,,Mariano Navone,R,0,ARG,0.0,4-6  7-5  6-4 .,3,R16,151,4,3,63,102,41,20,16,5,10,6,0,75,111,47,19,16,4,8,0,0,0,0
2025-425,Barcelona,Clay,32,A,,28,sebastian-baez,,,Sebastian Baez,R,0,ARG,0.0,damir-dzumhur,,LL,Damir Dzumhur,R,0,BIH,0.0,6-1  7-5 .,3,R32,86,1,0,51,61,31,5,10,4,6,0,1,46,69,19,14,9,4,9,0,0,0,0
2025-316,Bastad,Clay,32,A,,28,tallon-griekspoor,2,,Tallon Griekspoor,R,0,NED,0.0,andrea-pellegrino,,Q,Andrea Pellegrino,R,0,ITA,0.0,4-6  7-6(6) 6-3 .,3,R16,131,4,3,61,93,38,20,15,2,5,12,6,66,103,47,19,16,4,7,0,0,0,0
2025-339,Brisbane,Hard,32,A,,28,giovanni-mpetshi perricard,,,Giovanni Mpetshi Perricard,R,0,FRA,0.0,nick-kyrgios,PR,,Nick Kyrgios,R,0,AUS,0.0,7-6(2) 6-7(4) 7-6(3).,3,R32,147,36,7,73,111,65,24,18,2,2,15,0,81,107,67,18,18,2,2,0,0,0,0
2025-4462,Bucharest,Clay,32,A,,28,sebastian-baez,1,,Sebastian Baez,R,0,ARG,0.0,gabriel-diallo,,,Gabriel Diallo,R,0,CAN,0.0,7-6(5) 2-6  6-2 .,3,R16,136,1,3,67,92,46,12,14,5,9,4,1,60,82,34,16,14,2,6,0,0,0,0
2025-506,Buenos Aires,Clay,32,A,,28,alexander-zverev,1,,Alexander Zverev,R,0,GER,0.0,dusan-lajovic,,,Dusan Lajovic,R,0,SRB,0.0,6-4  6-4 .,3,R16,97,6,4,45,63,36,7,10,3,4,4,2,61,81,39,7,10,4,7,0,0,0,0
2025-424,Dallas,Hard,32,A,,28,taylor-fritz,1,,Taylor Fritz,R,0,USA,0.0,arthur-rinderknech,,,Arthur Rinderknech,R,0,FRA,0.0,6-4  6-2 .,3,R32,66,11,0,29,43,27,9,9,0,0,5,1,37,58,27,6,9,6,9,0,0,0,0
2025-499,Delray Beach,Clay,32,A,,28,alex-michelsen,3,,Alex Michelsen,R,0,USA,0.0,michael-mmoh,,Q,Michael Mmoh,R,0,USA,0.0,7-6(8) 3-0 RET.,3,R16,111,7,5,51,69,30,9,8,6,8,6,1,39,61,30,9,7,2,2,0,0,0,0
2025-451,Doha,Hard,32,A,,28,alex-de minaur,2,,Alex de Minaur,R,0,AUS,0.0,roman-safiullin,,,Roman Safiullin,R,0,RUS,0.0,6-1  7-5 .,3,R32,98,6,0,43,63,24,11,9,4,8,3,2,38,68,29,15,10,4,5,0,0,0,0
2025-495,Dubai,Hard,32,A,,28,daniil-medvedev,1,,Daniil Medvedev,R,0,RUS,0.0,jan-lennard-struff,,,Jan-Lennard Struff,R,0,GER,0.0,6-4  7-6(4).,3,R32,104,7,3,39,71,31,20,11,4,4,2,2,62,94,44,14,11,9,10,0,0,0,0
2025-741,Eastbourne,Hard,32,A,,28,alejandro-davidovich fokina,6,,Alejandro Davidovich Fokina,R,0,ESP,0.0,james-duckworth,,Q,James Duckworth,R,0,AUS,0.0,6-7(3) 6-3  6-4 .,3,R16,135,7,1,55,86,39,16,15,4,7,10,5,71,114,52,24,16,8,9,0,0,0,0
2025-322,Geneva,Hard,32,A,,28,hubert-hurkacz,6,,Hubert Hurkacz,R,0,POL,0.0,arthur-rinderknech,,,Arthur Rinderknech,R,0,FRA,0.0,6-4  6-1 .,3,R16,61,3,3,28,47,21,6,8,1,4,10,0,33,50,27,12,9,3,3,0,0,0,0
2025-314,Gstaad,Clay,32,A,,28,casper-ruud,1,,Casper Ruud,R,0,NOR,0.0,dominic-stricker,,WC,Dominic Stricker,R,0,SUI,0.0,7-5  7-6(6).,3,R16,104,9,2,46,74,37,17,12,1,2,7,3,40,78,32,19,12,3,5,0,0,0,0
2025-500,Halle,Grass,32,A,,28,alexander-zverev,2,,Alexander Zverev,R,0,GER,0.0,marcos-giron,,,Marcos Giron,R,0,USA,0.0,6-2  6-1 .,3,R32,79,2,3,36,65,21,10,7,5,9,10,0,34,44,28,6,8,0,0,0,0,0,0
2025-414,Hamburg,Clay,32,A,,28,frances-tiafoe,2,,Frances Tiafoe,R,0,USA,0.0,yunchaokete-bu,,,Yunchaokete Bu,R,0,CHN,0.0,7-5  6-2 .,3,R32,88,5,5,29,62,21,13,10,5,9,4,3,33,63,26,17,10,3,4,0,0,0,0
2025-336,Hong Kong,Hard,32,A,,28,kei-nishikori,,WC,Kei Nishikori,R,0,JPN,0.0,karen-khachanov,3,,Karen Khachanov,R,0,RUS,0.0,4-6  6-3  7-5 .,3,R16,129,7,5,59,90,41,14,15,3,7,1,1,62,90,43,17,16,5,8,0,0,0,0
2025-717,Houston,Clay,32,A,,28,tommy-paul,1,,Tommy Paul,R,0,USA,0.0,cristian-garin,,WC,Cristian Garin,R,0,CHI,0.0,2-6  6-2  7-6(5).,3,R16,162,7,3,54,96,39,18,14,8,12,2,3,74,113,50,16,14,10,14,0,0,0,0
2025-404,Indian Wells,Hard,32,A,,28,kamil-majchrzak,16,,Kamil Majchrzak,R,0,POL,0.0,cristian-garin,,,Cristian Garin,R,0,CHI,0.0,7-6(0) 6-2 .,3,Unknown,93,6,5,40,76,23,15,10,6,10,5,0,29,53,22,17,10,0,2,0,0,0,0
2025-319,Kitzbuhel,Clay,32,A,,28,arthur-rinderknech,6,,Arthur Rinderknech,R,0,FRA,0.0,norbert-gombos,,Q,Norbert Gombos,R,0,SVK,0.0,6-7(3) 6-4  6-4 .,3,R16,151,21,5,64,99,55,16,16,3,3,11,2,61,102,43,27,16,4,6,0,0,0,0
2025-311,London,Grass,32,A,,28,carlos-alcaraz,1,,Carlos Alcaraz,R,0,ESP,0.0,adam-walton,,LL,Adam Walton,R,0,AUS,0.0,6-4  7-6(4).,3,R32,102,0,0,0,0,0,0,0,0,0,0,0,0,0,0,0,0,0,0,0,0,0,0
2025-7480,Los Cabos,Hard,32,A,,28,tristan-schoolkate,,,Tristan Schoolkate,R,0,AUS,0.0,daniel-altmaier,5,,Daniel Altmaier,R,0,GER,0.0,6-3  6-4 .,3,R16,77,3,4,28,49,22,9,9,1,3,9,3,32,61,23,22,10,6,6,0,0,0,0
2025-1536,Madrid,Clay,32,A,,28,vit-kopriva,11,,Vit Kopriva,R,0,CZE,0.0,valentin-royer,23,,Valentin Royer,R,0,FRA,0.0,1-6  6-3  7-6(3).,3,Unknown,149,2,3,70,101,43,18,14,6,10,4,1,66,98,44,16,14,7,10,0,0,0,0
2025-8994,Mallorca,Grass,32,A,,28,felix-auger-aliassime,2,,Felix Auger-Aliassime,R,0,CAN,0.0,arthur-rinderknech,,,Arthur Rinderknech,R,0,FRA,0.0,7-5  6-3 .,3,R16,112,7,3,53,83,36,11,10,7,10,8,3,31,57,25,17,11,0,1,0,0,0,0
2025-360,Marrakech,Clay,32,A,,28,alexandre-muller,3,,Alexandre Muller,R,0,FRA,0.0,hugo-dellien,,,Hugo Dellien,R,0,BOL,0.0,6-7(5) 6-1  6-4 .,3,R16,145,9,1,63,94,43,22,15,1,3,2,4,75,105,46,14,14,8,13,0,0,0,0
2025-496,Marseille,Hard,32,A,,28,ugo-humbert,2,,Ugo Humbert,R,0,FRA,0.0,alexander-bublik,,,Alexander Bublik,R,0,KAZ,0.0,7-6(7) 6-4 .,3,R16,93,10,4,39,71,30,16,11,2,4,9,1,40,67,31,17,11,1,2,0,0,0,0
2025-403,Miami,Hard,32,A,,28,thiago agustin-tirante,,,Thiago Agustin Tirante,R,0,ARG,0.0,alexander-shevchenko,10,,Alexander Shevchenko,R,0,KAZ,0.0,6-3  6-3 .,3,Unknown,73,4,5,30,58,20,13,9,1,4,6,1,28,53,22,18,9,2,2,0,0,0,0
2025-410,Monte Carlo,Clay,32,A,,28,jiri-lehecka,,,Jiri Lehecka,R,0,CZE,0.0,sebastian-korda,,,Sebastian Korda,R,0,USA,0.0,6-3  7-6(7).,3,R64,86,5,0,41,65,36,13,11,1,2,5,1,48,68,31,14,10,1,3,0,0,0,0
2025-375,Montpellier,Clay,32,A,,28,andrey-rublev,1/WC,,Andrey Rublev,R,0,RUS,0.0,christopher-eubanks,,,Christopher Eubanks,R,0,USA,0.0,6-4  6-3 .,3,R16,64,4,0,28,48,25,12,9,3,3,8,1,42,52,27,5,10,3,6,0,0,0,0
2025-308,Munich,Clay,32,A,,28,mariano-navone,,,Mariano Navone,R,0,ARG,0.0,felix-auger-aliassime,3,,Felix Auger-Aliassime,R,0,CAN,0.0,2-6  6-4  7-6(3).,3,R32,182,0,3,79,121,43,26,15,14,19,2,5,69,104,45,18,15,6,10,0,0,0,0
2025-6932,Rio De Janeiro,Clay,32,A,,28,alexander-zverev,1,,Alexander Zverev,R,0,GER,0.0,yunchaokete-bu,,,Yunchaokete Bu,R,0,CHN,0.0,7-6(4) 6-4 .,3,R32,124,3,3,45,75,32,17,11,2,4,5,1,46,74,33,11,11,3,6,0,0,0,0
2025-416,Rome,Clay,32,A,,28,tomas-barrios vera,,,Tomas Barrios Vera,R,0,CHI,0.0,valentin-royer,17,,Valentin Royer,R,0,FRA,0.0,7-5  5-7  7-5 .,3,Unknown,176,5,1,86,113,59,17,18,3,6,3,0,67,98,54,10,18,2,6,0,0,0,0
2025-407,Rotterdam,Hard,32,A,,28,arthur-fils,7,,Arthur Fils,R,0,FRA,0.0,constant-lestienne,,Q,Constant Lestienne,R,0,FRA,0.0,6-7(4) 6-2  6-1 .,3,R32,128,14,0,49,90,36,24,13,3,4,1,3,47,87,28,21,14,7,13,0,0,0,0
2025-440,S Hertogenbosch,Grass,32,A,,28,reilly-opelka,,LL,Reilly Opelka,R,0,USA,0.0,nicolas-jarry,,,Nicolas Jarry,R,0,CHI,0.0,7-6(5) 6-3 .,3,R16,79,12,2,40,62,34,12,11,0,1,9,2,36,57,29,10,10,1,3,0,0,0,0
2025-8996,Santiago,Clay,32,A,,28,francisco-cerundolo,1,,Francisco Cerundolo,R,0,ARG,0.0,yannick-hanfmann,,,Yannick Hanfmann,R,0,GER,0.0,6-2  4-6  7-6(5).,3,R16,148,9,3,65,110,45,25,15,10,13,3,3,63,94,41,17,15,3,7,0,0,0,0
2025-321,Stuttgart,Clay,32,A,,28,taylor-fritz,2,,Taylor Fritz,R,0,USA,0.0,quentin-halys,,,Quentin Halys,R,0,FRA,0.0,6-3  7-6(6).,3,R16,83,12,4,34,64,29,17,10,1,2,12,3,42,69,34,20,11,2,2,0,0,0,0
2025-421,Toronto,Hard,32,A,,28,facundo-bagnis,,Q,Facundo Bagnis,R,0,ARG,0.0,vasek-pospisil,,WC,Vasek Pospisil,R,0,CAN,0.0,6-2  3-6  6-3 .,3,R128,116,0,0,0,0,0,0,0,0,0,0,0,0,0,0,0,0,0,0,0,0,0,0
2025-439,Umag,Clay,32,A,,28,titouan-droguet,,Q,Titouan Droguet,R,0,FRA,0.0,vit-kopriva,8,,Vit Kopriva,R,0,CZE,0.0,6-2  6-3 .,3,R16,79,0,0,0,0,0,0,0,0,0,0,0,0,0,0,0,0,0,0,0,0,0,0
2025-418,Washington,Clay,32,A,,28,daniel-evans,,WC,Daniel Evans,R,0,GBR,0.0,zizou-bergs,,,Zizou Bergs,R,0,BEL,0.0,3-6  6-4  6-3 .,3,R64,149,5,6,43,84,29,25,14,2,5,10,15,53,98,38,18,14,8,12,0,0,0,0
2025-422,Cincinnati,Hard,32,A,,28,coleman-wong,,,Coleman Wong,R,0,HKG,0.0,shintaro-mochizuki,19,,Shintaro Mochizuki,R,0,JPN,0.0,7-6(5) 6-3 .,3,Unknown,121,0,0,0,0,0,0,0,0,0,0,0,0,0,0,0,0,0,0,0,0,0,0
2025-9900,Perth Sydney,Hard,32,A,,28,casper-ruud,15,,Casper Ruud,R,0,NOR,0.0,hubert-hurkacz,2,,Hubert Hurkacz,R,0,POL,0.0,7-5  6-3 .,3,Unknown,83,8,0,69,40,70,44,10,67,4,4,0,72,44,77,71,11,100,2,0,0,0,0
2025-807,Acapulco,Hard,32,A,,27,holger-rune,4,,Holger Rune,R,0,DEN,0.0,roberto-carballes baena,,,Roberto Carballes Baena,R,0,ESP,0.0,7-6(4) 6-3 .,3,R32,118,3,0,41,69,32,12,11,2,4,1,1,48,66,31,7,10,3,6,0,0,0,0
2025-8998,Adelaide,Hard,32,A,,27,benjamin-bonzi,,Q,Benjamin Bonzi,R,0,FRA,0.0,li-tu,,WC,Li Tu,R,0,AUS,0.0,6-3  6-3 .,3,R16,85,4,1,32,58,15,11,9,3,8,3,3,33,63,23,15,9,8,10,0,0,0,0
2025-301,Auckland,Hard,32,A,,27,alex-michelsen,8,,Alex Michelsen,R,0,USA,0.0,lorenzo-sonego,,,Lorenzo Sonego,R,0,ITA,0.0,7-6(3) 6-2 .,3,R16,117,1,2,50,70,39,11,10,3,3,6,1,71,89,45,8,10,8,10,0,0,0,0
2025-425,Barcelona,Clay,32,A,,27,alejandro-davidovich fokina,,,Alejandro Davidovich Fokina,R,0,ESP,0.0,stan-wawrinka,,WC,Stan Wawrinka,R,0,SUI,0.0,6-1  6-4 .,3,R32,71,0,4,23,57,15,13,9,2,7,3,4,28,48,22,10,8,4,5,0,0,0,0
2025-316,Bastad,Clay,32,A,,27,sebastian-baez,4,,Sebastian Baez,R,0,ARG,0.0,nicolai-budkov kjaer,,Q,Nicolai Budkov Kjaer,R,0,NOR,0.0,3-6  6-2  7-5 .,3,R16,124,1,2,57,81,36,12,14,3,7,4,3,67,101,41,14,15,9,15,0,0,0,0
2025-339,Brisbane,Hard,32,A,,27,reilly-opelka,PR,,Reilly Opelka,R,0,USA,0.0,federico agustin-gomez,,Q,Federico Agustin Gomez,R,0,ARG,0.0,7-5  6-4 .,3,R32,75,7,2,41,62,31,11,11,3,5,9,1,29,49,27,17,11,0,0,0,0,0,0
2025-4462,Bucharest,Clay,32,A,,27,flavio-cobolli,3,,Flavio Cobolli,R,0,ITA,0.0,richard-gasquet,,WC,Richard Gasquet,R,0,FRA,0.0,6-4  4-6  6-1 .,3,R16,115,1,1,58,86,32,13,13,7,13,4,6,42,85,25,25,14,3,7,0,0,0,0
2025-506,Buenos Aires,Clay,32,A,,27,laslo-djere,,Q,Laslo Djere,R,0,SRB,0.0,alejandro-tabilo,4,,Alejandro Tabilo,R,0,CHI,0.0,2-6  6-1  7-6(2).,3,R16,133,7,3,48,78,36,18,13,3,5,4,3,65,104,44,17,14,6,9,0,0,0,0
2025-424,Dallas,Hard,32,A,,27,tomas-machac,6,,Tomas Machac,R,0,CZE,0.0,kei-nishikori,,,Kei Nishikori,R,0,JPN,0.0,6-2  6-2 .,3,R32,62,2,0,31,48,19,7,8,3,7,7,1,29,48,24,11,8,4,4,0,0,0,0
2025-499,Delray Beach,Clay,32,A,,27,marcos-giron,5,,Marcos Giron,R,0,USA,0.0,ethan-quinn,,LL,Ethan Quinn,R,0,USA,0.0,6-3  6-4 .,3,R16,79,8,3,43,66,32,8,10,4,7,2,1,24,44,23,13,9,0,0,0,0,0,0
2025-451,Doha,Hard,32,A,,27,matteo-berrettini,,,Matteo Berrettini,R,0,ITA,0.0,novak-djokovic,3,,Novak Djokovic,R,0,SRB,0.0,7-6(4) 6-2 .,3,R32,93,9,1,45,65,38,6,10,4,6,13,1,47,63,40,8,10,3,3,0,0,0,0
2025-495,Dubai,Hard,32,A,,27,marin-cilic,PR,,Marin Cilic,R,0,CRO,0.0,alex-de minaur,2,,Alex de Minaur,R,0,AUS,0.0,6-2  3-6  6-3 .,3,R32,137,3,3,54,90,37,20,13,5,7,2,4,36,74,24,18,13,0,4,0,0,0,0
2025-741,Eastbourne,Hard,32,A,,27,jenson-brooksby,,LL,Jenson Brooksby,R,0,USA,0.0,nuno-borges,8,,Nuno Borges,R,0,POR,0.0,6-4  6-4 .,3,R16,81,2,0,40,57,25,9,10,2,5,2,1,35,58,29,12,10,1,2,0,0,0,0
2025-322,Geneva,Hard,32,A,,27,matteo-arnaldi,8,,Matteo Arnaldi,R,0,ITA,0.0,fabian-marozsan,,,Fabian Marozsan,R,0,HUN,0.0,6-3  7-6(3).,3,R16,112,5,0,47,75,33,20,11,2,2,2,2,43,76,31,16,10,5,6,0,0,0,0
2025-314,Gstaad,Clay,32,A,,27,juan manuel-cerundolo,,,Juan Manuel Cerundolo,R,0,ARG,0.0,david-goffin,6/WC,,David Goffin,R,0,BEL,0.0,5-7  6-4  6-1 .,3,R16,127,9,2,61,87,44,13,14,5,7,4,3,57,94,39,17,15,4,9,0,0,0,0
2025-500,Halle,Grass,32,A,,27,karen-khachanov,8,,Karen Khachanov,R,0,RUS,0.0,zizou-bergs,,,Zizou Bergs,R,0,BEL,0.0,7-5  6-3 .,3,R32,94,6,8,39,78,27,20,11,2,5,3,1,35,55,27,14,10,2,2,0,0,0,0
2025-414,Hamburg,Clay,32,A,,27,alejandro-davidovich fokina,5,,Alejandro Davidovich Fokina,R,0,ESP,0.0,gael-monfils,,,Gael Monfils,R,0,FRA,0.0,6-3  6-3 .,3,R32,83,1,1,48,65,33,7,9,3,4,6,4,35,59,21,10,9,6,10,0,0,0,0
2025-336,Hong Kong,Hard,32,A,,27,arthur-fils,4,,Arthur Fils,R,0,FRA,0.0,zizou-bergs,,WC,Zizou Bergs,R,0,BEL,0.0,7-6(7) 6-4 .,3,R16,100,5,2,46,71,34,11,11,2,5,6,2,39,67,32,15,11,0,2,0,0,0,0
2025-717,Houston,Clay,32,A,,27,jenson-brooksby,,Q,Jenson Brooksby,R,0,USA,0.0,alejandro-tabilo,3,,Alejandro Tabilo,R,0,CHI,0.0,3-6  6-4  7-6(6).,3,R16,169,5,1,58,115,43,28,16,7,10,4,3,57,99,45,19,15,4,7,0,0,0,0
2025-404,Indian Wells,Hard,32,A,,27,giulio-zeppieri,PR,,Giulio Zeppieri,R,0,ITA,0.0,mikhail-kukushkin,23,,Mikhail Kukushkin,R,0,KAZ,0.0,7-6(6) 6-2 .,3,Unknown,102,13,6,41,70,37,11,10,6,7,1,0,48,63,28,9,10,2,5,0,0,0,0
2025-319,Kitzbuhel,Clay,32,A,,27,arthur-cazaux,SE,,Arthur Cazaux,R,0,FRA,0.0,francisco-comesana,7,,Francisco Comesana,R,0,ARG,0.0,6-4  7-6(7).,3,R16,106,8,9,42,73,32,17,11,3,4,11,3,40,69,31,20,11,1,1,0,0,0,0
2025-311,London,Grass,32,A,,27,jack-draper,2,,Jack Draper,R,0,GBR,0.0,jenson-brooksby,PR,,Jenson Brooksby,R,0,USA,0.0,6-3  6-1 .,3,R32,77,2,1,39,62,24,9,8,4,8,8,5,29,45,27,6,8,0,0,0,0,0,0
2025-7480,Los Cabos,Hard,32,A,,27,emilio-nava,,,Emilio Nava,R,0,USA,0.0,yunchaokete-bu,6,,Yunchaokete Bu,R,0,CHN,0.0,3-6  7-5  7-6(6).,3,R16,182,14,5,69,113,58,18,16,6,7,8,3,71,123,53,27,17,8,9,0,0,0,0
2025-1536,Madrid,Clay,32,A,,27,dusan-lajovic,12,,Dusan Lajovic,R,0,SRB,0.0,cristian-garin,,,Cristian Garin,R,0,CHI,0.0,6-4  6-2 .,3,Unknown,91,7,0,35,50,28,6,9,0,1,2,2,40,75,21,18,9,8,12,0,0,0,0
2025-8994,Mallorca,Grass,32,A,,27,tallon-griekspoor,4,,Tallon Griekspoor,R,0,NED,0.0,ethan-quinn,,Q,Ethan Quinn,R,0,USA,0.0,7-5  6-4 .,3,R16,90,10,3,48,75,32,16,11,6,9,7,1,41,63,33,12,11,0,1,0,0,0,0
2025-360,Marrakech,Clay,32,A,,27,nuno-borges,4,,Nuno Borges,R,0,POR,0.0,raphael-collignon,,,Raphael Collignon,R,0,BEL,0.0,6-2  3-6  7-6(0).,3,R16,119,12,3,68,108,45,21,15,5,7,12,0,64,89,52,10,14,4,5,0,0,0,0
2025-496,Marseille,Hard,32,A,,27,hamad-medjedovic,,,Hamad Medjedovic,R,0,SRB,0.0,karen-khachanov,3,,Karen Khachanov,R,0,RUS,0.0,6-2  6-3 .,3,R16,72,5,3,22,48,14,10,8,5,9,3,2,36,55,26,11,9,4,5,0,0,0,0
2025-403,Miami,Hard,32,A,,27,chun-hsin-tseng,11,,Chun-Hsin Tseng,R,0,TPE,0.0,darwin-blanch,,WC,Darwin Blanch,R,0,USA,0.0,6-4  1-6  7-6(4).,3,Unknown,118,8,2,51,76,42,14,14,1,3,6,3,58,101,39,29,15,8,9,0,0,0,0
2025-410,Monte Carlo,Clay,32,A,,27,gael-monfils,,,Gael Monfils,R,0,FRA,0.0,fabian-marozsan,,Q,Fabian Marozsan,R,0,HUN,0.0,4-6  6-1  6-1 .,3,R64,102,4,3,39,72,30,20,12,4,5,2,3,53,81,32,11,12,9,14,0,0,0,0
2025-375,Montpellier,Clay,32,A,,27,felix-auger-aliassime,2,,Felix Auger-Aliassime,R,0,CAN,0.0,arthur-cazaux,,,Arthur Cazaux,R,0,FRA,0.0,6-4  7-6(5).,3,R16,107,5,3,47,72,31,13,11,4,6,11,2,43,55,36,7,11,0,1,0,0,0,0
2025-308,Munich,Clay,32,A,,27,ugo-humbert,4,,Ugo Humbert,R,0,FRA,0.0,nicolas-jarry,,,Nicolas Jarry,R,0,CHI,0.0,4-6  6-3  6-2 .,3,R32,140,4,2,45,74,37,15,14,0,2,13,6,61,104,41,20,13,12,16,0,0,0,0
2025-6932,Rio De Janeiro,Clay,32,A,,27,francisco-cerundolo,4,,Francisco Cerundolo,R,0,ARG,0.0,hugo-gaston,,,Hugo Gaston,R,0,FRA,0.0,7-6(9) 6-0 .,3,R32,101,4,3,40,70,28,14,9,6,9,2,4,43,78,26,13,9,8,14,0,0,0,0
2025-416,Rome,Clay,32,A,,27,sebastian-ofner,,,Sebastian Ofner,R,0,AUT,0.0,yannick-hanfmann,21,,Yannick Hanfmann,R,0,GER,0.0,7-6(1) 6-2 .,3,Unknown,89,14,0,43,67,33,16,10,2,2,2,1,41,66,28,13,10,2,4,0,0,0,0
2025-407,Rotterdam,Hard,32,A,,27,daniel-altmaier,,LL,Daniel Altmaier,R,0,GER,0.0,aleksandar-kovacevic,SE,,Aleksandar Kovacevic,R,0,USA,0.0,1-6  6-4  6-3 .,3,R32,108,3,2,43,75,33,15,13,2,4,9,1,37,72,31,18,13,1,3,0,0,0,0
2025-440,S Hertogenbosch,Grass,32,A,,27,karen-khachanov,3,,Karen Khachanov,R,0,RUS,0.0,mackenzie-mcdonald,,Q,Mackenzie McDonald,R,0,USA,0.0,6-3  5-7  7-6(4).,3,R16,151,4,2,75,108,55,15,16,7,9,13,1,61,103,50,22,17,1,3,0,0,0,0
2025-8996,Santiago,Clay,32,A,,27,laslo-djere,,,Laslo Djere,R,0,SRB,0.0,pedro-martinez,4,,Pedro Martinez,R,0,ESP,0.0,6-1  6-4 .,3,R16,82,0,3,41,57,25,4,8,7,10,13,3,39,55,33,7,9,4,4,0,0,0,0
2025-321,Stuttgart,Clay,32,A,,27,ben-shelton,3,,Ben Shelton,R,0,USA,0.0,pierre-hugues-herbert,,Q,Pierre-Hugues Herbert,R,0,FRA,0.0,7-6(4) 7-5 .,3,R16,110,8,3,45,77,37,21,12,4,4,8,6,37,77,29,24,12,4,5,0,0,0,0
2025-421,Toronto,Hard,32,A,,27,tomas-barrios vera,,Q,Tomas Barrios Vera,R,0,CHI,0.0,gael-monfils,,,Gael Monfils,R,0,FRA,0.0,6-4  4-6  7-6(3).,3,R128,166,7,15,49,97,40,22,16,7,10,6,3,77,122,54,22,16,10,13,0,0,0,0
2025-439,Umag,Clay,32,A,,27,dino-prizmic,,WC,Dino Prizmic,R,0,CRO,0.0,nikoloz-basilashvili,,,Nikoloz Basilashvili,R,0,GEO,0.0,2-6  6-3  6-2 .,3,R16,113,6,4,37,73,29,16,12,1,4,5,3,44,77,36,16,13,5,7,0,0,0,0
2025-418,Washington,Clay,32,A,,27,fabian-marozsan,,,Fabian Marozsan,R,0,HUN,0.0,benjamin-bonzi,,,Benjamin Bonzi,R,0,FRA,0.0,7-5  6-1 .,3,R64,77,7,6,37,58,23,6,10,3,8,10,1,37,60,28,11,9,4,5,0,0,0,0
2025-422,Cincinnati,Hard,32,A,,27,terence-atmane,23,,Terence Atmane,R,0,FRA,0.0,li-tu,,,Li Tu,R,0,AUS,0.0,7-5  6-3 .,3,Unknown,87,7,5,31,67,26,13,11,5,9,7,3,36,64,27,17,10,3,4,0,0,0,0
2025-807,Acapulco,Hard,32,A,,26,frances-tiafoe,7,,Frances Tiafoe,R,0,USA,0.0,alexandre-muller,,,Alexandre Muller,R,0,FRA,0.0,6-4  6-2 .,3,R32,70,5,3,29,57,23,12,9,3,5,1,0,36,55,17,10,9,2,7,0,0,0,0
2025-8998,Adelaide,Hard,32,A,,26,marcos-giron,,,Marcos Giron,R,0,USA,0.0,denis-shapovalov,,,Denis Shapovalov,R,0,CAN,0.0,7-5  6-2 .,3,R16,78,2,0,26,50,19,16,10,1,3,9,13,31,63,24,7,10,8,13,0,0,0,0
2025-301,Auckland,Hard,32,A,,26,zizou-bergs,,Q,Zizou Bergs,R,0,BEL,0.0,luca-nardi,,Q,Luca Nardi,R,0,ITA,0.0,6-1  6-4 .,3,R16,81,7,2,26,47,21,12,9,3,5,3,6,34,69,19,13,8,7,12,0,0,0,0
2025-425,Barcelona,Clay,32,A,,26,laslo-djere,,Q,Laslo Djere,R,0,SRB,0.0,arthur-rinderknech,,LL,Arthur Rinderknech,R,0,FRA,0.0,6-7(2) 6-1  6-2 .,3,R32,127,6,3,52,77,39,17,14,2,3,5,5,52,88,36,15,13,2,7,0,0,0,0
2025-316,Bastad,Clay,32,A,,26,luciano-darderi,6,,Luciano Darderi,R,0,ITA,0.0,elias-ymer,,WC,Elias Ymer,R,0,SWE,0.0,6-2  6-2 .,3,R16,71,2,3,30,49,17,9,8,5,9,8,3,27,50,20,16,8,2,2,0,0,0,0
2025-339,Brisbane,Hard,32,A,,26,grigor-dimitrov,2,,Grigor Dimitrov,R,0,BUL,0.0,yannick-hanfmann,,Q,Yannick Hanfmann,R,0,GER,0.0,7-6(5) 6-3 .,3,R32,107,4,3,64,95,40,14,11,7,10,9,3,38,63,33,10,10,2,3,0,0,0,0
2025-4462,Bucharest,Clay,32,A,,26,francisco-comesana,,,Francisco Comesana,R,0,ARG,0.0,roberto-bautista agut,5,,Roberto Bautista Agut,R,0,ESP,0.0,6-4  3-6  6-3 .,3,R16,131,5,0,51,78,35,18,14,1,3,0,0,51,81,33,19,14,1,4,0,0,0,0
2025-506,Buenos Aires,Clay,32,A,,26,francisco-cerundolo,5,,Francisco Cerundolo,R,0,ARG,0.0,juan manuel-cerundolo,,Q,Juan Manuel Cerundolo,R,0,ARG,0.0,6-2  6-3 .,3,R16,77,1,3,31,55,17,11,8,4,7,2,1,35,54,26,14,9,4,4,0,0,0,0
2025-424,Dallas,Hard,32,A,,26,michael-mmoh,,Q,Michael Mmoh,R,0,USA,0.0,roberto-carballes baena,,,Roberto Carballes Baena,R,0,ESP,0.0,6-1  3-6  6-4 .,3,R32,166,3,0,60,85,28,13,13,4,11,9,0,57,89,32,15,13,5,10,0,0,0,0
2025-499,Delray Beach,Clay,32,A,,26,miomir-kecmanovic,7,,Miomir Kecmanovic,R,0,SRB,0.0,yoshihito-nishioka,,,Yoshihito Nishioka,R,0,JPN,0.0,WINNER: M. KECMANOVIC BY WALKOVER,3,R16,0,0,0,0,0,0,0,0,0,0,0,0,0,0,0,0,0,0,0,0,0,0,0
2025-451,Doha,Hard,32,A,,26,daniil-medvedev,4,,Daniil Medvedev,R,0,RUS,0.0,karen-khachanov,,,Karen Khachanov,R,0,RUS,0.0,4-6  7-5  6-3 .,3,R32,151,6,1,56,92,40,20,15,3,5,10,0,72,103,56,15,16,6,7,0,0,0,0
2025-495,Dubai,Hard,32,A,,26,quentin-halys,,Q,Quentin Halys,R,0,FRA,0.0,andrey-rublev,3,,Andrey Rublev,R,0,RUS,0.0,3-6  6-4  7-6(5).,3,R32,132,18,6,54,98,43,25,15,10,12,5,2,54,91,44,21,16,4,6,0,0,0,0
2025-741,Eastbourne,Hard,32,A,,26,marcos-giron,,,Marcos Giron,R,0,USA,0.0,jacob-fearnley,,,Jacob Fearnley,R,0,GBR,0.0,6-3  6-1 .,3,R16,63,1,0,24,42,19,12,8,1,2,1,5,35,51,19,4,8,4,9,0,0,0,0
2025-322,Geneva,Hard,32,A,,26,sebastian-ofner,,Q,Sebastian Ofner,R,0,AUT,0.0,nuno-borges,,,Nuno Borges,R,0,POR,0.0,7-6(2) 7-6(4).,3,R16,113,6,3,49,88,37,22,12,4,7,4,4,62,87,42,12,12,5,8,0,0,0,0
2025-314,Gstaad,Clay,32,A,,26,roman andres-burruchaga,,,Roman Andres Burruchaga,R,0,ARG,0.0,patrick-zahraj,,LL,Patrick Zahraj,R,0,GER,0.0,4-6  6-4  6-1 .,3,R16,135,2,6,40,81,30,14,13,3,8,2,1,60,92,41,18,14,3,6,0,0,0,0
2025-500,Halle,Grass,32,A,,26,jannik-sinner,1,,Jannik Sinner,R,0,ITA,0.0,yannick-hanfmann,,Q,Yannick Hanfmann,R,0,GER,0.0,7-5  6-3 .,3,R32,90,10,0,44,62,37,9,11,2,2,4,0,45,66,31,11,10,3,5,0,0,0,0
2025-414,Hamburg,Clay,32,A,,26,felix-auger-aliassime,6,,Felix Auger-Aliassime,R,0,CAN,0.0,daniel-altmaier,,,Daniel Altmaier,R,0,GER,0.0,6-3  6-3 .,3,R32,79,2,3,35,59,24,10,9,3,6,5,1,33,48,29,8,9,1,1,0,0,0,0
2025-336,Hong Kong,Hard,32,A,,26,alexandre-muller,,,Alexandre Muller,R,0,FRA,0.0,miomir-kecmanovic,,,Miomir Kecmanovic,R,0,SRB,0.0,5-7  7-6(6) 7-6(10).,3,R16,210,4,5,83,139,57,26,18,5,9,9,2,86,122,61,16,18,5,10,0,0,0,0
2025-717,Houston,Clay,32,A,,26,aleksandar-kovacevic,,,Aleksandar Kovacevic,R,0,USA,0.0,corentin-denolly,,Q,Corentin Denolly,R,0,FRA,0.0,6-3  6-3 .,3,R16,79,2,8,38,70,26,12,9,6,9,8,4,31,54,28,11,9,2,2,0,0,0,0
2025-404,Indian Wells,Hard,32,A,,26,nikoloz-basilashvili,,,Nikoloz Basilashvili,R,0,GEO,0.0,yasutaka-uchiyama,,,Yasutaka Uchiyama,R,0,JPN,0.0,6-4  3-6  6-3 .,3,Unknown,115,3,3,47,81,34,21,14,3,5,12,4,51,93,38,18,14,4,7,0,0,0,0
2025-319,Kitzbuhel,Clay,32,A,,26,alexander-shevchenko,,,Alexander Shevchenko,R,0,KAZ,0.0,marton-fucsovics,8,,Marton Fucsovics,R,0,HUN,0.0,7-5  6-4 .,3,R16,86,5,4,33,60,26,15,11,1,3,2,4,32,62,22,13,11,3,7,0,0,0,0
2025-311,London,Grass,32,A,,26,corentin-moutet,,Q,Corentin Moutet,R,0,FRA,0.0,taylor-fritz,3,,Taylor Fritz,R,0,USA,0.0,6-7(5) 7-6(7) 7-5 .,3,R32,174,6,4,81,121,60,24,18,3,4,11,3,66,113,51,29,18,2,4,0,0,0,0
2025-7480,Los Cabos,Hard,32,A,,26,aleksandar-kovacevic,7,,Aleksandar Kovacevic,R,0,USA,0.0,luis carlos-alvarez,,WC,Luis Carlos Alvarez,R,0,MEX,0.0,7-5  6-4 .,3,R16,96,1,2,38,64,22,14,11,3,7,8,7,31,65,24,17,11,0,2,0,0,0,0
2025-1536,Madrid,Clay,32,A,,26,borna-gojo,PR,,Borna Gojo,R,0,CRO,0.0,jerome-kym,,,Jerome Kym,R,0,SUI,0.0,7-6(12) 6-3 .,3,Unknown,106,18,1,43,62,37,12,10,0,0,7,3,42,82,34,19,11,5,7,0,0,0,0
2025-8994,Mallorca,Grass,32,A,,26,gabriel-diallo,6,,Gabriel Diallo,R,0,CAN,0.0,laslo-djere,,,Laslo Djere,R,0,SRB,0.0,6-3  3-6  6-3 .,3,R16,107,10,3,53,78,44,13,14,3,4,5,1,50,76,37,14,13,1,3,0,0,0,0
2025-360,Marrakech,Clay,32,A,,26,roberto-carballes baena,5,,Roberto Carballes Baena,R,0,ESP,0.0,otto-virtanen,,,Otto Virtanen,R,0,FIN,0.0,6-4  6-4 .,3,R16,80,1,0,45,58,30,8,10,2,4,5,2,33,57,23,9,10,2,6,0,0,0,0
2025-496,Marseille,Hard,32,A,,26,lorenzo-sonego,7,,Lorenzo Sonego,R,0,ITA,0.0,luca-van assche,,LL,Luca Van Assche,R,0,FRA,0.0,WINNER: L. SONEGO BY WALKOVER,3,R16,0,0,0,0,0,0,0,0,0,0,0,0,0,0,0,0,0,0,0,0,0,0,0
2025-403,Miami,Hard,32,A,,26,mackenzie-mcdonald,15,,Mackenzie McDonald,R,0,USA,0.0,pavel-kotov,12,,Pavel Kotov,R,0,RUS,0.0,6-2  6-2 .,3,Unknown,74,7,1,40,61,21,10,8,5,9,1,0,33,41,29,4,8,1,1,0,0,0,0
2025-410,Monte Carlo,Clay,32,A,,26,alexandre-muller,,,Alexandre Muller,R,0,FRA,0.0,camilo-ugo carabelli,,Q,Camilo Ugo Carabelli,R,0,ARG,0.0,6-4  6-4 .,3,R64,92,2,2,42,63,31,14,10,3,3,0,2,40,63,28,11,10,2,4,0,0,0,0
2025-375,Montpellier,Clay,32,A,,26,alexander-bublik,4,,Alexander Bublik,R,0,KAZ,0.0,dominik-koepfer,,,Dominik Koepfer,R,0,GER,0.0,6-4  6-2 .,3,R16,70,10,5,41,59,31,9,9,3,4,1,2,31,53,22,8,9,2,6,0,0,0,0
2025-308,Munich,Clay,32,A,,26,francisco-cerundolo,5,,Francisco Cerundolo,R,0,ARG,0.0,jan-lennard-struff,,,Jan-Lennard Struff,R,0,GER,0.0,6-0  6-2 .,3,R32,54,3,4,18,38,17,12,7,1,1,0,0,22,43,12,7,7,1,6,0,0,0,0
2025-6932,Rio De Janeiro,Clay,32,A,,26,sebastian-baez,5,,Sebastian Baez,R,0,ARG,0.0,roman andres-burruchaga,,LL,Roman Andres Burruchaga,R,0,ARG,0.0,6-3  7-5 .,3,R32,97,2,2,45,63,28,14,11,4,6,1,3,30,57,17,14,10,3,7,0,0,0,0
2025-416,Rome,Clay,32,A,,26,nicolas-moreno de alboran,,,Nicolas Moreno De Alboran,R,0,USA,0.0,giulio-zeppieri,,WC,Giulio Zeppieri,R,0,ITA,0.0,6-4  3-6  6-1 .,3,Unknown,104,4,3,47,65,34,10,13,3,6,6,4,52,84,31,14,13,8,13,0,0,0,0
2025-407,Rotterdam,Hard,32,A,,26,tallon-griekspoor,,,Tallon Griekspoor,R,0,NED,0.0,matteo-berrettini,,,Matteo Berrettini,R,0,ITA,0.0,6-3 6-7(2) 7-6(4).,3,R32,142,13,3,56,86,48,23,16,0,1,8,3,61,103,51,26,17,1,1,0,0,0,0
2025-440,S Hertogenbosch,Grass,32,A,,26,gabriel-diallo,,,Gabriel Diallo,R,0,CAN,0.0,jordan-thompson,6,,Jordan Thompson,R,0,AUS,0.0,4-6  6-1  7-5 .,3,R16,128,4,3,50,82,37,16,14,4,7,11,0,65,88,49,13,15,9,10,0,0,0,0
2025-8996,Santiago,Clay,32,A,,26,tomas martin-etcheverry,5,,Tomas Martin Etcheverry,R,0,ARG,0.0,cristian-garin,,WC,Cristian Garin,R,0,CHI,0.0,6-2  6-4 .,3,R16,95,1,1,27,51,15,14,9,4,8,6,3,39,60,28,12,9,4,5,0,0,0,0
2025-321,Stuttgart,Clay,32,A,,26,jiri-lehecka,8,,Jiri Lehecka,R,0,CZE,0.0,jan-lennard-struff,,WC,Jan-Lennard Struff,R,0,GER,0.0,6-4  7-5 .,3,R16,86,6,6,43,75,34,14,11,7,9,11,1,41,65,31,16,11,2,2,0,0,0,0
2025-421,Toronto,Hard,32,A,,26,james-duckworth,,Q,James Duckworth,R,0,AUS,0.0,juncheng-shang,,,Juncheng Shang,R,0,CHN,0.0,6-3  7-6(3).,3,R128,90,0,0,0,0,0,0,0,0,0,0,0,0,0,0,0,0,0,0,0,0,0,0
2025-439,Umag,Clay,32,A,,26,camilo-ugo carabelli,3,,Camilo Ugo Carabelli,R,0,ARG,0.0,francesco-passaro,,,Francesco Passaro,R,0,ITA,0.0,6-7(5) 6-2  6-3 .,3,R16,152,8,3,60,91,39,13,14,7,12,2,2,67,101,46,19,15,4,6,0,0,0,0
2025-418,Washington,Clay,32,A,,26,mackenzie-mcdonald,,WC,Mackenzie McDonald,R,0,USA,0.0,colton-smith,,Q,Colton Smith,R,0,USA,0.0,6-4  6-1 .,3,R64,65,4,2,28,49,22,12,9,2,3,1,1,30,48,20,6,8,3,7,0,0,0,0
2025-422,Cincinnati,Hard,32,A,,26,martin-landaluce,,,Martin Landaluce,R,0,ESP,0.0,arthur-fery,Alt,,Arthur Fery,R,0,GBR,0.0,6-2 6-7(5) 6-2 .,3,Unknown,166,0,0,0,0,0,0,0,0,0,0,0,0,0,0,0,0,0,0,0,0,0,0
2025-807,Acapulco,Hard,32,A,,25,denis-shapovalov,9,,Denis Shapovalov,R,0,CAN,0.0,nishesh-basavareddy,,Q,Nishesh Basavareddy,R,0,USA,0.0,7-5  6-2 .,3,R32,98,6,9,26,57,20,17,10,3,5,1,2,47,74,26,11,10,7,12,0,0,0,0
2025-8998,Adelaide,Hard,32,A,,25,miomir-kecmanovic,,,Miomir Kecmanovic,R,0,SRB,0.0,christopher-o'connell,,,Christopher O'Connell,R,0,AUS,0.0,7-6(1) 6-2 .,3,R16,91,3,1,34,64,31,14,10,2,3,13,4,37,68,28,10,10,6,9,0,0,0,0
2025-301,Auckland,Hard,32,A,,25,gael-monfils,,,Gael Monfils,R,0,FRA,0.0,jan-lennard-struff,,,Jan-Lennard Struff,R,0,GER,0.0,6-1  7-6(5).,3,R16,88,5,2,28,56,20,16,9,0,2,14,4,41,62,37,10,10,1,1,0,0,0,0
2025-425,Barcelona,Clay,32,A,,25,karen-khachanov,,,Karen Khachanov,R,0,RUS,0.0,cameron-norrie,,Q,Cameron Norrie,R,0,GBR,0.0,6-7(3) 6-4  6-3 .,3,R32,138,6,2,50,87,40,21,16,2,5,7,1,71,105,48,11,15,7,12,0,0,0,0
2025-316,Bastad,Clay,32,A,,25,jesper-de jong,,,Jesper de Jong,R,0,NED,0.0,vit-kopriva,8,,Vit Kopriva,R,0,CZE,0.0,7-6(3) 7-5 .,3,R16,147,9,3,58,112,34,32,12,14,17,8,5,42,76,31,19,12,2,4,0,0,0,0
2025-339,Brisbane,Hard,32,A,,25,jiri-lehecka,,,Jiri Lehecka,R,0,CZE,0.0,holger-rune,3,,Holger Rune,R,0,DEN,0.0,7-5  6-3 .,3,R32,84,5,1,43,68,29,14,10,7,9,1,2,40,62,21,11,11,1,6,0,0,0,0
2025-4462,Bucharest,Clay,32,A,,25,filip-misolic,,Q,Filip Misolic,R,0,AUT,0.0,camilo-ugo carabelli,8,,Camilo Ugo Carabelli,R,0,ARG,0.0,6-3  6-1 .,3,R16,71,0,2,30,43,13,3,8,0,6,3,0,41,54,27,6,8,3,5,0,0,0,0
2025-506,Buenos Aires,Clay,32,A,,25,thiago-seyboth wild,,,Thiago Seyboth Wild,R,0,BRA,0.0,sebastian-baez,6,,Sebastian Baez,R,0,ARG,0.0,6-3  6-4 .,3,R16,89,1,1,39,52,27,3,9,1,4,4,4,38,63,27,16,10,6,7,0,0,0,0
2025-424,Dallas,Hard,32,A,,25,jaume-munar,,,Jaume Munar,R,0,ESP,0.0,yunchaokete-bu,,,Yunchaokete Bu,R,0,CHN,0.0,7-5  6-2 .,3,R32,114,3,2,40,58,29,10,10,3,4,8,0,44,69,28,10,10,8,12,0,0,0,0
2025-499,Delray Beach,Clay,32,A,,25,cameron-norrie,,,Cameron Norrie,R,0,GBR,0.0,arthur-rinderknech,9,,Arthur Rinderknech,R,0,FRA,0.0,7-6(9) 6-2 .,3,R16,119,14,10,51,95,41,12,10,7,10,6,2,37,62,29,15,10,1,2,0,0,0,0
2025-451,Doha,Hard,32,A,,25,andrey-rublev,5,,Andrey Rublev,R,0,RUS,0.0,alexander-bublik,,,Alexander Bublik,R,0,KAZ,0.0,6-3  6-4 .,3,R32,70,6,3,46,62,33,9,10,2,3,11,4,35,55,25,7,9,2,5,0,0,0,0
2025-495,Dubai,Hard,32,A,,25,ugo-humbert,5,,Ugo Humbert,R,0,FRA,0.0,jiri-lehecka,,,Jiri Lehecka,R,0,CZE,0.0,6-3  6-0 .,3,R32,68,1,1,36,55,19,6,7,6,10,6,0,29,48,24,11,8,2,2,0,0,0,0
2025-741,Eastbourne,Hard,32,A,,25,billy-harris,,LL,Billy Harris,R,0,GBR,0.0,mattia-bellucci,,Q,Mattia Bellucci,R,0,ITA,0.0,6-3  6-4 .,3,R16,89,2,1,46,66,34,11,10,2,2,5,3,34,53,26,8,9,2,4,0,0,0,0
2025-322,Geneva,Hard,32,A,,25,karen-khachanov,4,,Karen Khachanov,R,0,RUS,0.0,kei-nishikori,,,Kei Nishikori,R,0,JPN,0.0,7-5 2-5 RET.,3,R16,84,9,2,36,55,24,10,10,5,8,1,2,27,56,21,14,9,1,3,0,0,0,0
2025-314,Gstaad,Clay,32,A,,25,ignacio-buse,,Q,Ignacio Buse,R,0,PER,0.0,kamil-majchrzak,,,Kamil Majchrzak,R,0,POL,0.0,1-6  7-5  6-1 .,3,R16,111,1,2,48,84,34,15,13,7,10,5,3,50,79,37,14,13,3,5,0,0,0,0
2025-500,Halle,Grass,32,A,,25,andrey-rublev,4,,Andrey Rublev,R,0,RUS,0.0,sebastian-ofner,,Q,Sebastian Ofner,R,0,AUT,0.0,6-3  6-4 .,3,R32,62,10,1,31,47,31,9,10,0,0,8,3,25,53,19,15,9,2,4,0,0,0,0
2025-414,Hamburg,Clay,32,A,,25,camilo-ugo carabelli,,,Camilo Ugo Carabelli,R,0,ARG,0.0,sebastian-baez,8,,Sebastian Baez,R,0,ARG,0.0,6-3  2-6  6-4 .,3,R32,145,0,1,55,73,32,7,13,2,7,3,4,69,116,40,23,14,12,17,0,0,0,0
2025-336,Hong Kong,Hard,32,A,,25,cameron-norrie,,,Cameron Norrie,R,0,GBR,0.0,lorenzo-sonego,,,Lorenzo Sonego,R,0,ITA,0.0,6-2  4-6  6-1 .,3,R16,144,4,1,52,70,37,13,12,2,3,7,0,52,75,38,7,13,4,9,0,0,0,0
2025-717,Houston,Clay,32,A,,25,colton-smith,,Q,Colton Smith,R,0,USA,0.0,ethan-quinn,,WC,Ethan Quinn,R,0,USA,0.0,6-3  6-4 .,3,R16,74,3,4,31,54,27,16,10,1,1,2,3,30,48,23,8,9,2,4,0,0,0,0
2025-404,Indian Wells,Hard,32,A,,25,yosuke-watanuki,PR,,Yosuke Watanuki,R,0,JPN,0.0,rudy-quan,,WC,Rudy Quan,R,0,USA,0.0,6-3  6-2 .,3,Unknown,68,5,2,24,48,19,13,9,1,3,1,2,34,46,15,5,8,1,6,0,0,0,0
2025-319,Kitzbuhel,Clay,32,A,,25,botic-van de zandschulp,,,Botic van de Zandschulp,R,0,NED,0.0,filip-misolic,,,Filip Misolic,R,0,AUT,0.0,6-3  7-6(4).,3,R16,101,8,3,47,72,37,14,11,2,3,3,2,44,70,32,12,10,5,7,0,0,0,0
2025-311,London,Grass,32,A,,25,jiri-lehecka,,,Jiri Lehecka,R,0,CZE,0.0,alex-de minaur,5,,Alex de Minaur,R,0,AUS,0.0,6-4  6-2 .,3,R32,76,5,3,34,63,23,13,9,3,6,10,0,32,47,27,9,9,0,0,0,0,0,0
2025-7480,Los Cabos,Hard,32,A,,25,adam-walton,8,,Adam Walton,R,0,AUS,0.0,nishesh-basavareddy,,,Nishesh Basavareddy,R,0,USA,0.0,6-1  6-0 .,3,R16,61,1,0,24,40,19,11,7,3,3,1,4,22,42,10,5,6,5,10,0,0,0,0
2025-1536,Madrid,Clay,32,A,,25,harold-mayot,,,Harold Mayot,R,0,FRA,0.0,tristan-boyer,,,Tristan Boyer,R,0,USA,0.0,7-5  6-2 .,3,Unknown,100,1,3,41,58,25,7,10,3,7,7,3,49,77,36,12,10,4,5,0,0,0,0
2025-8994,Mallorca,Grass,32,A,,25,hamad-medjedovic,,,Hamad Medjedovic,R,0,SRB,0.0,roman-safiullin,,,Roman Safiullin,R,0,RUS,0.0,6-4  3-6  7-6(4).,3,R16,146,12,4,68,102,49,23,16,1,2,12,6,71,104,56,15,15,6,7,0,0,0,0
2025-360,Marrakech,Clay,32,A,,25,kamil-majchrzak,,Q,Kamil Majchrzak,R,0,POL,0.0,jesper-de jong,,,Jesper de Jong,R,0,NED,0.0,7-6(3) 6-1 .,3,R16,88,2,4,28,57,18,14,9,5,8,3,1,33,53,26,15,10,0,1,0,0,0,0
2025-496,Marseille,Hard,32,A,,25,daniel-altmaier,,,Daniel Altmaier,R,0,GER,0.0,otto-virtanen,,,Otto Virtanen,R,0,FIN,0.0,6-4  6-3 .,3,R16,87,9,0,40,73,29,17,9,10,11,5,3,34,62,20,14,10,6,10,0,0,0,0
2025-403,Miami,Hard,32,A,,25,alexander-blockx,,,Alexander Blockx,R,0,BEL,0.0,terence-atmane,,,Terence Atmane,R,0,FRA,0.0,6-4  6-4 .,3,Unknown,103,1,7,49,76,36,9,10,11,13,5,0,50,76,36,14,10,5,5,0,0,0,0
2025-410,Monte Carlo,Clay,32,A,,25,alejandro-tabilo,,,Alejandro Tabilo,R,0,CHI,0.0,stan-wawrinka,,WC,Stan Wawrinka,R,0,SUI,0.0,1-6  7-5  7-5 .,3,R64,147,8,4,68,115,42,24,16,8,13,3,5,57,101,38,19,15,7,12,0,0,0,0
2025-375,Montpellier,Clay,32,A,,25,yunchaokete-bu,8,,Yunchaokete Bu,R,0,CHN,0.0,constant-lestienne,,Q,Constant Lestienne,R,0,FRA,0.0,6-2  6-1 .,3,R16,63,9,0,22,39,19,11,7,1,1,4,4,32,61,22,7,8,9,14,0,0,0,0
2025-308,Munich,Clay,32,A,,25,yannick-hanfmann,,WC,Yannick Hanfmann,R,0,GER,0.0,jakub-mensik,6,,Jakub Mensik,R,0,CZE,0.0,7-6(4) 4-6  6-3 .,3,R32,152,8,0,73,109,50,21,16,4,6,13,4,48,94,36,25,15,4,6,0,0,0,0
2025-6932,Rio De Janeiro,Clay,32,A,,25,camilo-ugo carabelli,,LL,Camilo Ugo Carabelli,R,0,ARG,0.0,pedro-martinez,7,,Pedro Martinez,R,0,ESP,0.0,4-6  6-3  6-3 .,3,R32,143,0,5,59,76,35,7,14,2,8,5,2,67,96,46,10,14,5,9,0,0,0,0
2025-416,Rome,Clay,32,A,,25,otto-virtanen,,,Otto Virtanen,R,0,FIN,0.0,federico-arnaboldi,,WC,Federico Arnaboldi,R,0,ITA,0.0,6-3  6-1 .,3,Unknown,63,3,1,24,47,13,12,8,5,9,5,1,25,42,20,12,8,0,0,0,0,0,0
2025-407,Rotterdam,Hard,32,A,,25,fabian-marozsan,,,Fabian Marozsan,R,0,HUN,0.0,jan-lennard-struff,,,Jan-Lennard Struff,R,0,GER,0.0,6-3  4-6  7-6(3).,3,R32,115,13,4,47,93,39,27,15,3,4,7,1,69,102,53,19,16,1,2,0,0,0,0
2025-8996,Santiago,Clay,32,A,,25,jaime-faria,,,Jaime Faria,R,0,POR,0.0,gustavo-heide,,Q,Gustavo Heide,R,0,BRA,0.0,6-7(2) 7-6(5) 6-4 .,3,R16,167,12,10,67,130,57,33,17,12,13,16,8,62,109,52,28,17,4,4,0,0,0,0
2025-321,Stuttgart,Clay,32,A,,25,marton-fucsovics,,Q,Marton Fucsovics,R,0,HUN,0.0,arthur-rinderknech,,,Arthur Rinderknech,R,0,FRA,0.0,7-6(4) 6-3 .,3,R16,91,3,0,43,64,33,10,10,0,1,11,1,36,59,33,16,11,0,0,0,0,0,0
2025-421,Toronto,Hard,32,A,,25,tomas martin-etcheverry,,,Tomas Martin Etcheverry,R,0,ARG,0.0,pierre-hugues-herbert,,Q,Pierre-Hugues Herbert,R,0,FRA,0.0,6-4  4-6  7-5 .,3,R128,138,12,13,54,94,43,16,16,3,7,5,2,53,86,40,20,16,4,7,0,0,0,0
2025-439,Umag,Clay,32,A,,25,pablo-llamas ruiz,,Q,Pablo Llamas Ruiz,R,0,ESP,0.0,terence-atmane,,,Terence Atmane,R,0,FRA,0.0,6-3  6-3 .,3,R16,77,1,0,31,49,21,12,9,2,4,4,6,30,58,19,7,9,3,8,0,0,0,0
2025-418,Washington,Clay,32,A,,25,alexandre-muller,,,Alexandre Muller,R,0,FRA,0.0,beibit-zhukayev,,Q,Beibit Zhukayev,R,0,KAZ,0.0,6-4  6-4 .,3,R64,86,14,5,37,62,29,8,10,6,9,3,1,36,59,27,15,10,4,5,0,0,0,0
2025-422,Cincinnati,Hard,32,A,,25,leandro-riedi,PR,,Leandro Riedi,R,0,SUI,0.0,lloyd-harris,PR,,Lloyd Harris,R,0,RSA,0.0,7-6(7) 6-3 .,3,Unknown,96,9,2,39,65,31,18,11,0,1,9,3,45,74,31,16,10,6,8,0,0,0,0
2025-9900,Perth Sydney,Hard,32,A,,25,alexander-shevchenko,9,,Alexander Shevchenko,R,0,KAZ,0.0,stefanos-tsitsipas,3,,Stefanos Tsitsipas,R,0,GRE,0.0,6-4  7-6(0).,3,Unknown,112,7,4,55,42,71,46,11,50,2,2,3,64,45,69,76,11,50,1,0,0,0,0
2025-8998,Adelaide,Hard,32,A,,24,miomir-kecmanovic,,,Miomir Kecmanovic,R,0,SRB,0.0,alexander-bublik,6,,Alexander Bublik,R,0,KAZ,0.0,6-4  6-2 .,3,R32,62,8,12,33,64,24,10,9,8,12,2,4,36,49,28,7,9,0,1,0,0,0,0
2025-301,Auckland,Hard,32,A,,24,luca-nardi,,Q,Luca Nardi,R,0,ITA,0.0,flavio-cobolli,6,,Flavio Cobolli,R,0,ITA,0.0,6-2 1-1 RET.,3,R32,45,4,2,22,36,19,5,5,2,2,1,2,14,29,7,8,5,1,3,0,0,0,0
2025-425,Barcelona,Clay,32,A,,24,andrey-rublev,4,,Andrey Rublev,R,0,RUS,0.0,jesper-de jong,,Q,Jesper de Jong,R,0,NED,0.0,6-1  6-3 .,3,R32,64,2,3,29,48,14,8,8,1,6,3,1,22,42,17,12,8,1,2,0,0,0,0
2025-316,Bastad,Clay,32,A,,24,filip-misolic,,Q,Filip Misolic,R,0,AUT,0.0,elmer-moller,,,Elmer Moller,R,0,DEN,0.0,6-3  3-6  7-5 .,3,R32,161,6,1,69,116,40,23,15,9,14,7,3,78,116,43,19,15,12,18,0,0,0,0
2025-339,Brisbane,Hard,32,A,,24,benjamin-bonzi,,Q,Benjamin Bonzi,R,0,FRA,0.0,alejandro-tabilo,6,,Alejandro Tabilo,R,0,CHI,0.0,6-7(8) 7-6(5) 6-4 .,3,R32,168,18,7,84,125,66,16,17,5,7,15,2,72,110,57,23,17,3,4,0,0,0,0
2025-4462,Bucharest,Clay,32,A,,24,roberto-bautista agut,5,,Roberto Bautista Agut,R,0,ESP,0.0,yunchaokete-bu,,,Yunchaokete Bu,R,0,CHN,0.0,3-6  6-2  7-5 .,3,R32,172,5,1,55,94,32,19,14,4,10,2,5,62,113,34,28,15,12,17,0,0,0,0
2025-506,Buenos Aires,Clay,32,A,,24,diego-schwartzman,,WC,Diego Schwartzman,R,0,ARG,0.0,nicolas-jarry,7,,Nicolas Jarry,R,0,CHI,0.0,7-6(10) 4-6  6-3 .,3,R32,173,1,4,76,114,53,23,16,5,7,10,3,61,98,47,22,15,10,12,0,0,0,0
2025-424,Dallas,Hard,32,A,,24,yoshihito-nishioka,,,Yoshihito Nishioka,R,0,JPN,0.0,brandon-nakashima,,,Brandon Nakashima,R,0,USA,0.0,6-4  7-6(6).,3,R32,101,3,2,38,65,31,19,11,0,0,8,1,49,69,35,14,11,4,5,0,0,0,0
2025-499,Delray Beach,Clay,32,A,,24,learner-tien,,WC,Learner Tien,R,0,USA,0.0,adam-walton,,,Adam Walton,R,0,AUS,0.0,6-4  6-3 .,3,R32,86,5,5,40,65,27,12,10,5,7,4,1,34,56,23,8,9,5,9,0,0,0,0
2025-451,Doha,Hard,32,A,,24,hamad-medjedovic,SE,,Hamad Medjedovic,R,0,SRB,0.0,stefanos-tsitsipas,6,,Stefanos Tsitsipas,R,0,GRE,0.0,7-6(6) 5-7  7-6(5).,3,R32,164,12,2,69,106,56,24,18,1,2,9,3,74,112,59,20,18,0,2,0,0,0,0
2025-495,Dubai,Hard,32,A,,24,christopher-o'connell,,Q,Christopher O'Connell,R,0,AUS,0.0,grigor-dimitrov,6,,Grigor Dimitrov,R,0,BUL,0.0,6-0 0-0 RET.,3,R32,26,2,0,9,17,7,5,3,0,0,0,2,12,21,5,2,3,4,7,0,0,0,0
2025-741,Eastbourne,Hard,32,A,,24,jacob-fearnley,,,Jacob Fearnley,R,0,GBR,0.0,flavio-cobolli,5,,Flavio Cobolli,R,0,ITA,0.0,6-2  6-2 .,3,R32,65,4,1,35,44,25,6,8,0,1,1,4,36,63,22,7,8,4,9,0,0,0,0
2025-322,Geneva,Hard,32,A,,24,hubert-hurkacz,6,,Hubert Hurkacz,R,0,POL,0.0,arthur-cazaux,,WC,Arthur Cazaux,R,0,FRA,0.0,6-3  6-4 .,3,R32,77,5,1,32,49,21,9,9,2,5,3,3,35,61,24,16,10,3,4,0,0,0,0
2025-314,Gstaad,Clay,32,A,,24,david-goffin,6/WC,,David Goffin,R,0,BEL,0.0,martin-landaluce,NG,,Martin Landaluce,R,0,ESP,0.0,7-6(2) 6-3 .,3,R32,120,6,7,63,96,40,17,10,13,14,9,4,42,72,37,18,11,7,7,0,0,0,0
2025-500,Halle,Grass,32,A,,24,alex-michelsen,,,Alex Michelsen,R,0,USA,0.0,francisco-cerundolo,5,,Francisco Cerundolo,R,0,ARG,0.0,2-6  7-5  6-4 .,3,R32,122,6,1,57,96,42,20,15,4,7,3,1,58,82,44,11,15,2,5,0,0,0,0
2025-414,Hamburg,Clay,32,A,,24,flavio-cobolli,,,Flavio Cobolli,R,0,ITA,0.0,vitaliy-sachko,,LL,Vitaliy Sachko,R,0,UKR,0.0,5-7  6-2  6-2 .,3,R32,157,1,4,62,106,34,16,14,15,23,4,5,65,106,41,16,14,6,11,0,0,0,0
2025-336,Hong Kong,Hard,32,A,,24,nuno-borges,5,,Nuno Borges,R,0,POR,0.0,yunchaokete-bu,,,Yunchaokete Bu,R,0,CHN,0.0,3-6  6-3  7-6(6).,3,R32,134,9,4,55,81,46,14,15,2,4,17,1,65,107,51,20,15,9,11,0,0,0,0
2025-717,Houston,Clay,32,A,,24,ethan-quinn,,WC,Ethan Quinn,R,0,USA,0.0,jordan-thompson,6,,Jordan Thompson,R,0,AUS,0.0,4-6  6-4  6-3 .,3,R32,156,4,4,54,96,38,23,15,9,13,3,3,58,95,36,18,14,5,10,0,0,0,0
2025-404,Indian Wells,Hard,32,A,,24,yosuke-watanuki,PR,,Yosuke Watanuki,R,0,JPN,0.0,mattia-bellucci,1,,Mattia Bellucci,R,0,ITA,0.0,6-1  6-2 .,3,Unknown,80,2,2,22,42,16,5,7,4,8,7,1,39,68,28,15,8,3,3,0,0,0,0
2025-319,Kitzbuhel,Clay,32,A,,24,filip-misolic,,,Filip Misolic,R,0,AUT,0.0,tomas martin-etcheverry,5,,Tomas Martin Etcheverry,R,0,ARG,0.0,7-5  5-7  6-3 .,3,R32,162,3,4,63,103,44,21,17,6,9,6,1,60,98,41,19,16,3,7,0,0,0,0
2025-311,London,Grass,32,A,,24,arthur-rinderknech,,LL,Arthur Rinderknech,R,0,FRA,0.0,ben-shelton,6,,Ben Shelton,R,0,USA,0.0,7-6(5) 7-6(4).,3,R32,108,14,1,55,74,44,13,12,0,0,22,4,60,85,45,12,12,6,6,0,0,0,0
2025-7480,Los Cabos,Hard,32,A,,24,daniel-altmaier,5,,Daniel Altmaier,R,0,GER,0.0,mitchell-krueger,,,Mitchell Krueger,R,0,USA,0.0,6-4  6-3 .,3,R32,92,8,2,26,58,22,18,10,1,2,3,3,33,59,23,11,9,4,7,0,0,0,0
2025-1536,Madrid,Clay,32,A,,24,daniel-altmaier,1,,Daniel Altmaier,R,0,GER,0.0,luca-van assche,,WC,Luca Van Assche,R,0,FRA,0.0,7-6(10) 6-4 .,3,Unknown,132,6,2,42,79,31,20,11,4,6,1,3,53,88,34,17,11,6,9,0,0,0,0
2025-8994,Mallorca,Grass,32,A,,24,roberto-bautista agut,7,,Roberto Bautista Agut,R,0,ESP,0.0,tomas martin-etcheverry,,,Tomas Martin Etcheverry,R,0,ARG,0.0,5-7  6-3  6-2 .,3,R32,154,7,2,44,82,29,17,14,6,12,3,0,60,87,41,14,15,3,7,0,0,0,0
2025-360,Marrakech,Clay,32,A,,24,luciano-darderi,7,,Luciano Darderi,R,0,ITA,0.0,tristan-boyer,,,Tristan Boyer,R,0,USA,0.0,6-4  6-4 .,3,R32,99,2,4,41,73,30,19,10,4,4,3,1,38,62,23,16,10,7,9,0,0,0,0
2025-496,Marseille,Hard,32,A,,24,hugo-grenier,,Q,Hugo Grenier,R,0,FRA,0.0,arthur-gea,,Q,Arthur Gea,R,0,FRA,0.0,7-5  6-4 .,3,R32,102,8,3,43,62,37,11,11,6,6,5,1,43,71,31,14,11,7,9,0,0,0,0
2025-403,Miami,Hard,32,A,,24,camilo-ugo carabelli,1,,Camilo Ugo Carabelli,R,0,ARG,0.0,mitchell-krueger,,,Mitchell Krueger,R,0,USA,0.0,6-2  3-6  6-3 .,3,Unknown,111,5,2,53,79,42,12,13,5,7,2,1,50,81,33,17,13,7,11,0,0,0,0
2025-410,Monte Carlo,Clay,32,A,,24,richard-gasquet,,WC,Richard Gasquet,R,0,FRA,0.0,matteo-arnaldi,,,Matteo Arnaldi,R,0,ITA,0.0,6-3  4-6  6-4 .,3,R64,154,5,3,50,95,34,21,15,5,10,1,5,48,99,34,29,14,8,11,0,0,0,0
2025-375,Montpellier,Clay,32,A,,24,aleksandar-kovacevic,,Q,Aleksandar Kovacevic,R,0,USA,0.0,david-goffin,6,,David Goffin,R,0,BEL,0.0,6-2  3-6  6-4 .,3,R32,114,9,5,46,83,38,16,14,4,6,8,1,45,75,34,16,13,3,6,0,0,0,0
2025-308,Munich,Clay,32,A,,24,diego-dedura,,LL,Diego Dedura,R,0,GER,0.0,denis-shapovalov,8,,Denis Shapovalov,R,0,CAN,0.0,7-6(2) 3-0 RET.,3,R32,63,0,0,39,53,30,10,8,2,2,5,3,27,41,22,5,7,2,3,0,0,0,0
2025-6932,Rio De Janeiro,Clay,32,A,,24,tomas martin-etcheverry,8,,Tomas Martin Etcheverry,R,0,ARG,0.0,corentin-moutet,,,Corentin Moutet,R,0,FRA,0.0,6-3  7-6(1).,3,R32,111,4,1,42,67,27,13,11,3,6,2,3,50,65,39,7,10,5,6,0,0,0,0
2025-416,Rome,Clay,32,A,,24,nicolas-moreno de alboran,,,Nicolas Moreno De Alboran,R,0,USA,0.0,raphael-collignon,1,,Raphael Collignon,R,0,BEL,0.0,6-4  6-4 .,3,Unknown,90,4,2,36,55,21,8,10,2,6,3,0,50,67,32,10,10,3,5,0,0,0,0
2025-407,Rotterdam,Hard,32,A,,24,andrea-vavassori,,Q,Andrea Vavassori,R,0,ITA,0.0,felix-auger-aliassime,,,Felix Auger-Aliassime,R,0,CAN,0.0,7-6(3) 6-4 0-0 RET.,3,R32,100,5,5,43,70,36,13,11,3,4,5,3,43,64,33,12,11,1,3,0,0,0,0
2025-440,S Hertogenbosch,Grass,32,A,,24,hubert-hurkacz,5,,Hubert Hurkacz,R,0,POL,0.0,roberto-bautista agut,,,Roberto Bautista Agut,R,0,ESP,0.0,7-6(2) 6-4 .,3,R32,98,0,0,50,76,37,14,11,4,5,16,2,45,66,40,12,11,2,2,0,0,0,0
2025-8996,Santiago,Clay,32,A,,24,tomas martin-etcheverry,5,,Tomas Martin Etcheverry,R,0,ARG,0.0,hugo-gaston,,,Hugo Gaston,R,0,FRA,0.0,6-2  6-3 .,3,R32,92,0,0,0,0,0,0,0,0,0,0,0,0,0,0,0,0,0,0,0,0,0,0
2025-321,Stuttgart,Clay,32,A,,24,arthur-rinderknech,,,Arthur Rinderknech,R,0,FRA,0.0,denis-shapovalov,5,,Denis Shapovalov,R,0,CAN,0.0,6-4  2-6  6-0 .,3,R32,102,4,9,46,73,31,10,12,3,7,9,3,37,66,28,18,12,3,5,0,0,0,0
2025-421,Toronto,Hard,32,A,,24,juan pablo-ficovich,,Q,Juan Pablo Ficovich,R,0,ARG,0.0,jacob-fearnley,,,Jacob Fearnley,R,0,GBR,0.0,6-2  6-3 .,3,R128,70,1,5,35,64,20,15,9,8,12,2,0,27,38,23,9,8,0,0,0,0,0,0
2025-439,Umag,Clay,32,A,,24,jesper-de jong,,,Jesper de Jong,R,0,NED,0.0,mili-poljicak,,WC,Mili Poljicak,R,0,CRO,0.0,6-3  6-3 .,3,R32,83,4,1,26,49,22,15,9,0,0,1,1,24,52,17,15,9,4,7,0,0,0,0
2025-418,Washington,Clay,32,A,,24,yoshihito-nishioka,,,Yoshihito Nishioka,R,0,JPN,0.0,jenson-brooksby,PR,,Jenson Brooksby,R,0,USA,0.0,6-4  5-7  6-1 .,3,R64,158,0,0,0,0,0,0,0,0,0,0,0,0,0,0,0,0,0,0,0,0,0,0
2025-422,Cincinnati,Hard,32,A,,24,emilio-nava,15,,Emilio Nava,R,0,USA,0.0,mikhail-kukushkin,,,Mikhail Kukushkin,R,0,KAZ,0.0,7-5  6-2 .,3,Unknown,95,1,0,41,58,25,11,10,5,8,13,4,49,76,39,11,10,9,9,0,0,0,0
2025-807,Acapulco,Hard,32,A,,23,alex-michelsen,,,Alex Michelsen,R,0,USA,0.0,yunchaokete-bu,,WC,Yunchaokete Bu,R,0,CHN,0.0,2-6  7-6(5) 7-6(5).,3,R32,173,6,3,83,121,53,14,16,6,13,10,3,65,105,46,15,16,4,9,0,0,0,0
2025-8998,Adelaide,Hard,32,A,,23,brandon-nakashima,7,,Brandon Nakashima,R,0,USA,0.0,yannick-hanfmann,,Q,Yannick Hanfmann,R,0,GER,0.0,6-1  2-6  6-3 .,3,R32,100,2,5,48,74,33,9,12,3,7,14,3,39,69,31,14,12,2,4,0,0,0,0
2025-301,Auckland,Hard,32,A,,23,nishesh-basavareddy,,Q,Nishesh Basavareddy,R,0,USA,0.0,francisco-comesana,,LL,Francisco Comesana,R,0,ARG,0.0,6-2  6-2 .,3,R32,69,6,0,36,51,25,11,8,2,2,6,2,34,52,19,7,8,5,9,0,0,0,0
2025-425,Barcelona,Clay,32,A,,23,holger-rune,6,,Holger Rune,R,0,DEN,0.0,albert-ramos-vinolas,,WC,Albert Ramos-Vinolas,R,0,ESP,0.0,7-5  6-4 .,3,R32,100,4,1,47,71,34,14,11,3,4,1,3,41,68,28,12,11,4,7,0,0,0,0
2025-316,Bastad,Clay,32,A,,23,mariano-navone,,,Mariano Navone,R,0,ARG,0.0,tomas-barrios vera,,,Tomas Barrios Vera,R,0,CHI,0.0,7-5  7-5 .,3,R32,118,1,0,63,82,35,9,12,5,10,4,1,47,75,30,16,12,4,7,0,0,0,0
2025-339,Brisbane,Hard,32,A,,23,jordan-thompson,8,,Jordan Thompson,R,0,AUS,0.0,matteo-berrettini,,,Matteo Berrettini,R,0,ITA,0.0,3-6  6-3  6-4 .,3,R32,134,6,4,56,93,41,16,14,2,4,8,1,49,76,41,13,14,2,5,0,0,0,0
2025-4462,Bucharest,Clay,32,A,,23,camilo-ugo carabelli,8,,Camilo Ugo Carabelli,R,0,ARG,0.0,radu-albot,,,Radu Albot,R,0,MDA,0.0,6-4  6-3 .,3,R32,92,0,0,38,50,26,8,9,2,3,0,1,39,65,20,14,10,1,5,0,0,0,0
2025-506,Buenos Aires,Clay,32,A,,23,joao-fonseca,,,Joao Fonseca,R,0,BRA,0.0,tomas martin-etcheverry,8,,Tomas Martin Etcheverry,R,0,ARG,0.0,6-3  6-3 .,3,R32,85,5,1,37,61,27,6,9,5,9,3,2,36,52,24,10,9,1,2,0,0,0,0
2025-424,Dallas,Hard,32,A,,23,reilly-opelka,,WC,Reilly Opelka,R,0,USA,0.0,alexander-shevchenko,,,Alexander Shevchenko,R,0,KAZ,0.0,7-6(3) 6-4 .,3,R32,76,18,0,41,63,34,15,11,0,0,8,2,44,61,36,7,11,0,1,0,0,0,0
2025-499,Delray Beach,Clay,32,A,,23,alejandro-davidovich fokina,8,,Alejandro Davidovich Fokina,R,0,ESP,0.0,taro-daniel,,LL,Taro Daniel,R,0,JPN,0.0,6-2  7-6(2).,3,R32,86,2,3,41,58,28,4,10,0,3,8,2,46,66,34,10,10,2,3,0,0,0,0
2025-451,Doha,Hard,32,A,,23,felix-auger-aliassime,,,Felix Auger-Aliassime,R,0,CAN,0.0,quentin-halys,,Q,Quentin Halys,R,0,FRA,0.0,4-6  6-4  7-6(2).,3,R32,154,12,4,87,128,58,21,16,9,11,13,3,62,94,49,19,16,4,6,0,0,0,0
2025-495,Dubai,Hard,32,A,,23,nuno-borges,,,Nuno Borges,R,0,POR,0.0,arthur-fils,8,,Arthur Fils,R,0,FRA,0.0,6-2  6-1 .,3,R32,61,2,3,32,57,19,8,8,7,12,4,1,29,44,22,10,7,3,3,0,0,0,0
2025-741,Eastbourne,Hard,32,A,,23,nuno-borges,8,,Nuno Borges,R,0,POR,0.0,jack-pinnington jones,,WC,Jack Pinnington Jones,R,0,GBR,0.0,4-6  6-3  6-3 .,3,R32,121,7,1,65,86,47,9,14,5,8,3,14,68,105,45,14,14,8,13,0,0,0,0
2025-322,Geneva,Hard,32,A,,23,fabian-marozsan,,,Fabian Marozsan,R,0,HUN,0.0,karue-sell,,Q,Karue Sell,R,0,BRA,0.0,6-1  6-1 .,3,R32,45,0,0,19,38,7,8,7,1,6,4,0,23,33,20,9,7,0,0,0,0,0,0
2025-314,Gstaad,Clay,32,A,,23,francisco-comesana,7,,Francisco Comesana,R,0,ARG,0.0,marco-trungelliti,,Q,Marco Trungelliti,R,0,ARG,0.0,6-3  6-4 .,3,R32,76,14,1,41,53,35,7,10,1,1,2,2,39,57,28,8,9,2,4,0,0,0,0
2025-500,Halle,Grass,32,A,,23,denis-shapovalov,,,Denis Shapovalov,R,0,CAN,0.0,ugo-humbert,6,,Ugo Humbert,R,0,FRA,0.0,6-4  4-6  7-6(4).,3,R32,148,10,6,65,95,50,13,16,4,7,8,6,59,106,39,26,16,8,11,0,0,0,0
2025-414,Hamburg,Clay,32,A,,23,tomas martin-etcheverry,,,Tomas Martin Etcheverry,R,0,ARG,0.0,francisco-comesana,,,Francisco Comesana,R,0,ARG,0.0,7-6(4) 6-3 .,3,R32,119,3,0,39,75,30,19,11,3,4,2,3,36,65,27,11,10,3,5,0,0,0,0
2025-336,Hong Kong,Hard,32,A,,23,pedro-martinez,7,,Pedro Martinez,R,0,ESP,0.0,francesco-passaro,,Q,Francesco Passaro,R,0,ITA,0.0,6-4  6-4 .,3,R32,89,5,2,38,55,30,8,10,4,6,3,1,45,63,35,10,10,3,3,0,0,0,0
2025-717,Houston,Clay,32,A,,23,kei-nishikori,8,,Kei Nishikori,R,0,JPN,0.0,mitchell-krueger,,Q,Mitchell Krueger,R,0,USA,0.0,6-4  6-2 .,3,R32,74,4,2,44,57,34,5,9,3,4,2,2,31,48,19,8,9,3,7,0,0,0,0
2025-404,Indian Wells,Hard,32,A,,23,cristian-garin,,,Cristian Garin,R,0,CHI,0.0,daniel-altmaier,2,,Daniel Altmaier,R,0,GER,0.0,7-5  6-4 .,3,Unknown,103,1,3,39,69,25,13,11,3,7,1,2,42,73,27,18,11,7,9,0,0,0,0
2025-319,Kitzbuhel,Clay,32,A,,23,arthur-cazaux,SE,,Arthur Cazaux,R,0,FRA,0.0,ignacio-buse,SE,,Ignacio Buse,R,0,PER,0.0,6-3  3-6  7-5 .,3,R32,135,10,2,47,92,36,27,15,6,7,2,2,46,82,36,22,15,0,2,0,0,0,0
2025-311,London,Grass,32,A,,23,gabriel-diallo,,,Gabriel Diallo,R,0,CAN,0.0,billy-harris,,WC,Billy Harris,R,0,GBR,0.0,6-1  3-6  6-4 .,3,R32,110,11,1,47,78,40,14,13,4,6,10,2,52,80,34,16,13,3,7,0,0,0,0
2025-7480,Los Cabos,Hard,32,A,,23,yunchaokete-bu,6,,Yunchaokete Bu,R,0,CHN,0.0,alan-magadan,,Q,Alan Magadan,R,0,MEX,0.0,7-6(5) 6-2 .,3,R32,124,2,4,25,69,20,20,10,1,4,5,4,41,85,33,20,10,6,7,0,0,0,0
2025-1536,Madrid,Clay,32,A,,23,jacob-fearnley,2,,Jacob Fearnley,R,0,GBR,0.0,pavel-kotov,,,Pavel Kotov,R,0,RUS,0.0,4-6  6-4  6-1 .,3,Unknown,126,3,1,47,82,33,20,13,1,3,4,1,47,84,35,15,14,3,8,0,0,0,0
2025-8994,Mallorca,Grass,32,A,,23,brandon-holt,,Q,Brandon Holt,R,0,USA,0.0,benjamin-bonzi,,,Benjamin Bonzi,R,0,FRA,0.0,2-6  6-4  6-4 .,3,R32,109,9,1,63,83,46,10,14,2,4,7,2,56,81,39,16,14,1,3,0,0,0,0
2025-360,Marrakech,Clay,32,A,,23,vit-kopriva,,,Vit Kopriva,R,0,CZE,0.0,borna-gojo,PR,,Borna Gojo,R,0,CRO,0.0,2-6  6-2  6-4 .,3,R32,118,3,3,53,84,34,16,13,5,9,5,4,45,73,29,13,13,0,5,0,0,0,0
2025-496,Marseille,Hard,32,A,,23,pierre-hugues-herbert,,Q,Pierre-Hugues Herbert,R,0,FRA,0.0,harold-mayot,,,Harold Mayot,R,0,FRA,0.0,2-6  7-5  6-3 .,3,R32,154,16,13,55,119,45,25,15,10,13,6,2,58,99,40,19,14,9,12,0,0,0,0
2025-403,Miami,Hard,32,A,,23,francisco-comesana,2,,Francisco Comesana,R,0,ARG,0.0,michael-mmoh,PR,,Michael Mmoh,R,0,USA,0.0,6-3  6-4 .,3,Unknown,87,10,2,48,67,37,9,10,7,8,7,5,39,53,29,3,9,5,8,0,0,0,0
2025-410,Monte Carlo,Clay,32,A,,23,jordan-thompson,,,Jordan Thompson,R,0,AUS,0.0,giovanni-mpetshi perricard,,,Giovanni Mpetshi Perricard,R,0,FRA,0.0,6-4  6-3 .,3,R64,92,1,1,29,49,22,15,9,0,0,9,4,53,81,30,17,10,10,13,0,0,0,0
2025-375,Montpellier,Clay,32,A,,23,nikoloz-basilashvili,,Q,Nikoloz Basilashvili,R,0,GEO,0.0,mikhail-kukushkin,,,Mikhail Kukushkin,R,0,KAZ,0.0,6-3 6-3 5-0 RET.,3,R32,104,8,1,38,71,30,17,12,2,4,8,0,38,69,22,16,11,4,8,0,0,0,0
2025-6932,Rio De Janeiro,Clay,32,A,,23,luciano-darderi,,,Luciano Darderi,R,0,ITA,0.0,hugo-dellien,,Q,Hugo Dellien,R,0,BOL,0.0,7-6(2) 2-2 RET.,3,R32,87,11,2,36,57,23,14,8,0,2,1,1,43,56,28,5,8,3,5,0,0,0,0
2025-416,Rome,Clay,32,A,,23,sebastian-ofner,,,Sebastian Ofner,R,0,AUT,0.0,kamil-majchrzak,2,,Kamil Majchrzak,R,0,POL,0.0,6-4  6-4 .,3,Unknown,88,1,1,32,62,22,19,10,5,7,10,0,35,67,29,16,10,2,2,0,0,0,0
2025-407,Rotterdam,Hard,32,A,,23,carlos-alcaraz,1,,Carlos Alcaraz,R,0,ESP,0.0,botic-van de zandschulp,,WC,Botic van de Zandschulp,R,0,NED,0.0,7-6(3) 3-6  6-1 .,3,R32,154,3,5,53,95,36,22,14,4,7,4,8,63,100,41,16,14,5,9,0,0,0,0
2025-440,S Hertogenbosch,Grass,32,A,,23,daniel-evans,,Q,Daniel Evans,R,0,GBR,0.0,rinky-hijikata,,,Rinky Hijikata,R,0,AUS,0.0,3-6  6-4  6-3 .,3,R32,135,5,4,49,88,32,19,14,6,11,5,5,47,96,29,26,14,10,14,0,0,0,0
2025-8996,Santiago,Clay,32,A,,23,mariano-navone,6,,Mariano Navone,R,0,ARG,0.0,alexander-shevchenko,,,Alexander Shevchenko,R,0,KAZ,0.0,6-2  6-2 .,3,R32,66,0,2,31,48,23,10,8,2,3,2,1,31,45,19,2,8,2,7,0,0,0,0
2025-321,Stuttgart,Clay,32,A,,23,alex-michelsen,7,,Alex Michelsen,R,0,USA,0.0,gael-monfils,,,Gael Monfils,R,0,FRA,0.0,6-4  4-6  6-3 .,3,R32,105,6,5,57,82,45,13,15,1,3,14,7,63,93,46,12,14,9,12,0,0,0,0
2025-421,Toronto,Hard,32,A,,23,miomir-kecmanovic,,,Miomir Kecmanovic,R,0,SRB,0.0,quentin-halys,,,Quentin Halys,R,0,FRA,0.0,4-6  6-4  7-5 .,3,R128,137,9,8,56,117,48,27,16,11,13,12,7,60,95,46,16,16,0,3,0,0,0,0
2025-439,Umag,Clay,32,A,,23,dino-prizmic,,WC,Dino Prizmic,R,0,CRO,0.0,elmer-moller,,,Elmer Moller,R,0,DEN,0.0,6-4  6-2 .,3,R32,110,2,3,32,64,22,13,9,4,7,0,3,44,69,22,9,9,9,15,0,0,0,0
2025-418,Washington,Clay,32,A,,23,cameron-norrie,,,Cameron Norrie,R,0,GBR,0.0,billy-harris,,Q,Billy Harris,R,0,GBR,0.0,6-3  7-6(4).,3,R64,103,3,1,44,76,35,17,11,3,4,6,0,40,60,29,12,10,2,4,0,0,0,0
2025-422,Cincinnati,Hard,32,A,,23,arthur-cazaux,1,,Arthur Cazaux,R,0,FRA,0.0,mark-lajal,,,Mark Lajal,R,0,EST,0.0,4-6  6-1  6-2 .,3,Unknown,130,18,5,53,85,41,14,13,6,8,5,5,46,79,27,16,12,5,10,0,0,0,0
2025-9900,Perth Sydney,Hard,32,A,,23,alexander-zverev,11,,Alexander Zverev,R,0,GER,0.0,zhizhen-zhang,5,,Zhizhen Zhang,R,0,CHN,0.0,2-6  6-0  6-2 .,3,Unknown,125,3,1,62,48,65,37,11,44,4,6,3,71,47,77,42,11,60,3,0,0,0,0
2025-807,Acapulco,Hard,32,A,,22,brandon-nakashima,,,Brandon Nakashima,R,0,USA,0.0,benjamin-bonzi,,,Benjamin Bonzi,R,0,FRA,0.0,7-6(6) 7-5 .,3,R32,136,2,0,53,95,35,21,12,13,16,5,1,46,83,36,18,12,5,7,0,0,0,0
2025-8998,Adelaide,Hard,32,A,,22,tomas martin-etcheverry,8,,Tomas Martin Etcheverry,R,0,ARG,0.0,tristan-schoolkate,,WC,Tristan Schoolkate,R,0,AUS,0.0,7-6(8) 6-3 .,3,R32,111,4,1,42,71,33,19,11,3,3,14,1,36,65,31,13,10,1,2,0,0,0,0
2025-301,Auckland,Hard,32,A,,22,facundo-diaz acosta,,LL,Facundo Diaz Acosta,R,0,ARG,0.0,cameron-norrie,,,Cameron Norrie,R,0,GBR,0.0,6-2  6-3 .,3,R32,82,1,1,33,50,19,4,8,5,10,1,5,40,54,28,5,9,3,5,0,0,0,0
2025-425,Barcelona,Clay,32,A,,22,jacob-fearnley,,LL,Jacob Fearnley,R,0,GBR,0.0,roberto-carballes baena,,,Roberto Carballes Baena,R,0,ESP,0.0,6-1  7-5 .,3,R32,113,2,2,38,71,19,14,10,10,16,4,1,40,69,26,15,9,7,9,0,0,0,0
2025-316,Bastad,Clay,32,A,,22,camilo-ugo carabelli,5,,Camilo Ugo Carabelli,R,0,ARG,0.0,cristian-garin,,,Cristian Garin,R,0,CHI,0.0,6-4  6-4 .,3,R32,123,1,2,46,71,27,12,10,9,12,2,2,55,83,32,10,10,9,14,0,0,0,0
2025-339,Brisbane,Hard,32,A,,22,nicolas-jarry,,,Nicolas Jarry,R,0,CHI,0.0,mariano-navone,,,Mariano Navone,R,0,ARG,0.0,7-5  7-6(7).,3,R32,108,10,1,49,77,37,15,12,1,3,7,1,47,75,39,17,12,3,4,0,0,0,0
2025-4462,Bucharest,Clay,32,A,,22,francisco-comesana,,,Francisco Comesana,R,0,ARG,0.0,martin-klizan,,Q,Martin Klizan,R,0,SVK,0.0,4-6  7-5  7-5 .,3,R32,152,0,4,69,107,50,16,17,5,9,7,5,60,89,48,15,17,2,5,0,0,0,0
2025-506,Buenos Aires,Clay,32,A,,22,federico-coria,,LL,Federico Coria,R,0,ARG,0.0,hugo-gaston,,,Hugo Gaston,R,0,FRA,0.0,6-3  6-2 .,3,R32,68,0,3,37,61,18,9,9,5,11,3,0,28,42,23,6,8,1,3,0,0,0,0
2025-424,Dallas,Hard,32,A,,22,denis-shapovalov,,,Denis Shapovalov,R,0,CAN,0.0,miomir-kecmanovic,,,Miomir Kecmanovic,R,0,SRB,0.0,6-3 6-7(5) 6-3 .,3,R32,120,4,4,64,93,47,14,14,3,6,20,4,59,98,52,19,16,4,5,0,0,0,0
2025-499,Delray Beach,Clay,32,A,,22,arthur-rinderknech,9,,Arthur Rinderknech,R,0,FRA,0.0,dmitry-popko,,LL,Dmitry Popko,R,0,KAZ,0.0,6-2  6-4 .,3,R32,83,3,0,38,54,29,10,9,0,0,2,1,30,64,20,16,9,4,7,0,0,0,0
2025-451,Doha,Hard,32,A,,22,zizou-bergs,,,Zizou Bergs,R,0,BEL,0.0,roberto-bautista agut,,,Roberto Bautista Agut,R,0,ESP,0.0,6-4  7-6(4).,3,R32,114,7,0,34,61,25,17,11,0,2,1,2,43,77,31,15,11,5,8,0,0,0,0
2025-495,Dubai,Hard,32,A,,22,felix-auger-aliassime,,,Felix Auger-Aliassime,R,0,CAN,0.0,alexander-bublik,,,Alexander Bublik,R,0,KAZ,0.0,7-6(7) 6-7(4) 6-3 .,3,R32,169,16,7,79,126,52,27,17,14,17,8,5,81,113,62,17,16,6,7,0,0,0,0
2025-741,Eastbourne,Hard,32,A,,22,jenson-brooksby,,LL,Jenson Brooksby,R,0,USA,0.0,francisco-comesana,,,Francisco Comesana,R,0,ARG,0.0,7-6(6) 6-4 .,3,R32,105,2,0,44,68,31,16,11,3,5,6,4,52,74,34,11,11,7,10,0,0,0,0
2025-322,Geneva,Hard,32,A,,22,arthur-rinderknech,,,Arthur Rinderknech,R,0,FRA,0.0,miomir-kecmanovic,,,Miomir Kecmanovic,R,0,SRB,0.0,6-4  6-2 .,3,R32,73,4,0,31,52,25,13,9,0,0,1,0,36,56,23,10,9,6,9,0,0,0,0
2025-314,Gstaad,Clay,32,A,,22,francesco-passaro,,Q,Francesco Passaro,R,0,ITA,0.0,arthur-rinderknech,8,,Arthur Rinderknech,R,0,FRA,0.0,6-1  7-5 .,3,R32,74,7,3,26,49,22,8,9,1,4,5,0,37,51,30,12,10,2,2,0,0,0,0
2025-500,Halle,Grass,32,A,,22,tomas-machac,7,,Tomas Machac,R,0,CZE,0.0,jesper-de jong,,LL,Jesper de Jong,R,0,NED,0.0,7-5  3-6  6-3 .,3,R32,133,9,3,49,89,32,23,15,1,5,12,3,55,93,41,19,15,2,5,0,0,0,0
2025-414,Hamburg,Clay,32,A,,22,giovanni-mpetshi perricard,,,Giovanni Mpetshi Perricard,R,0,FRA,0.0,alexander-bublik,,,Alexander Bublik,R,0,KAZ,0.0,7-6(6) 6-4 .,3,R32,84,10,5,52,79,42,13,11,4,5,7,2,44,65,31,12,11,2,4,0,0,0,0
2025-336,Hong Kong,Hard,32,A,,22,zizou-bergs,,WC,Zizou Bergs,R,0,BEL,0.0,alejandro-moro canas,,Q,Alejandro Moro Canas,R,0,ESP,0.0,6-4  6-4 .,3,R32,91,11,1,38,54,31,11,10,1,2,2,3,48,78,31,12,10,6,9,0,0,0,0
2025-717,Houston,Clay,32,A,,22,christopher-eubanks,,,Christopher Eubanks,R,0,USA,0.0,rinky-hijikata,,,Rinky Hijikata,R,0,AUS,0.0,6-2  4-6  6-3 .,3,R32,115,3,4,50,85,30,17,13,3,7,8,0,53,80,39,16,14,4,6,0,0,0,0
2025-404,Indian Wells,Hard,32,A,,22,botic-van de zandschulp,3,,Botic van de Zandschulp,R,0,NED,0.0,lukas-klein,,,Lukas Klein,R,0,SVK,0.0,5-7  6-3  6-3 .,3,Unknown,170,7,7,63,124,42,27,15,15,20,2,8,71,127,39,25,15,12,19,0,0,0,0
2025-319,Kitzbuhel,Clay,32,A,,22,yannick-hanfmann,,Q,Yannick Hanfmann,R,0,GER,0.0,lukas-neumayer,,WC,Lukas Neumayer,R,0,AUT,0.0,7-5  6-2 .,3,R32,101,8,2,36,64,28,15,10,6,7,6,1,42,75,25,15,10,4,8,0,0,0,0
2025-311,London,Grass,32,A,,22,jaume-munar,,,Jaume Munar,R,0,ESP,0.0,jordan-thompson,,,Jordan Thompson,R,0,AUS,0.0,7-5 0-0 RET.,3,R32,47,5,1,22,36,15,8,6,3,4,2,2,20,33,18,8,6,1,1,0,0,0,0
2025-7480,Los Cabos,Hard,32,A,,22,adam-walton,8,,Adam Walton,R,0,AUS,0.0,rodrigo-pacheco mendez,,WC,Rodrigo Pacheco Mendez,R,0,MEX,0.0,7-6(5) 6-2 .,3,R32,110,4,1,35,67,27,17,10,0,1,0,3,44,67,29,8,10,0,3,0,0,0,0
2025-1536,Madrid,Clay,32,A,,22,gabriel-diallo,3,,Gabriel Diallo,R,0,CAN,0.0,nicolas-moreno de alboran,,,Nicolas Moreno De Alboran,R,0,USA,0.0,6-3  6-3 .,3,Unknown,70,9,1,35,51,26,12,9,1,1,1,2,37,55,22,11,9,4,7,0,0,0,0
2025-8994,Mallorca,Grass,32,A,,22,bernard-tomic,,Q,Bernard Tomic,R,0,AUS,0.0,rinky-hijikata,,WC,Rinky Hijikata,R,0,AUS,0.0,3-6  7-5  6-2 .,3,R32,107,9,2,52,86,40,18,14,6,8,3,2,44,82,29,22,15,1,5,0,0,0,0
2025-360,Marrakech,Clay,32,A,,22,kamil-majchrzak,,Q,Kamil Majchrzak,R,0,POL,0.0,jaume-munar,6,,Jaume Munar,R,0,ESP,0.0,6-4  6-3 .,3,R32,89,4,1,35,55,27,13,10,2,3,5,5,23,54,20,10,9,4,7,0,0,0,0
2025-496,Marseille,Hard,32,A,,22,nuno-borges,8,,Nuno Borges,R,0,POR,0.0,stan-wawrinka,,WC,Stan Wawrinka,R,0,SUI,0.0,6-7(4) 7-6(1) 6-3 .,3,R32,151,5,3,66,99,47,25,17,1,3,12,3,59,116,41,31,16,5,8,0,0,0,0
2025-403,Miami,Hard,32,A,,22,terence-atmane,,,Terence Atmane,R,0,FRA,0.0,luca-nardi,3,,Luca Nardi,R,0,ITA,0.0,6-3  7-6(4).,3,Unknown,112,7,1,57,91,40,14,10,12,14,3,2,42,78,30,23,11,7,8,0,0,0,0
2025-410,Monte Carlo,Clay,32,A,,22,valentin-vacherot,,WC,Valentin Vacherot,R,0,MON,0.0,jan-lennard-struff,,,Jan-Lennard Struff,R,0,GER,0.0,6-2  6-1 .,3,R64,58,3,3,31,48,16,7,7,6,10,5,0,27,41,23,9,8,0,0,0,0,0,0
2025-375,Montpellier,Clay,32,A,,22,jesper-de jong,,,Jesper de Jong,R,0,NED,0.0,quentin-halys,,WC,Quentin Halys,R,0,FRA,0.0,7-6(7) 2-0 RET.,3,R32,72,6,3,25,46,21,15,7,0,0,11,4,30,51,25,8,7,1,2,0,0,0,0
2025-308,Munich,Clay,32,A,,22,luciano-darderi,,,Luciano Darderi,R,0,ITA,0.0,christopher-o'connell,,LL,Christopher O'Connell,R,0,AUS,0.0,7-6(3) 7-6(3).,3,R32,116,8,1,55,87,40,19,12,2,2,12,2,55,82,42,19,12,3,3,0,0,0,0
2025-6932,Rio De Janeiro,Clay,32,A,,22,damir-dzumhur,,,Damir Dzumhur,R,0,BIH,0.0,dusan-lajovic,,,Dusan Lajovic,R,0,SRB,0.0,6-3  6-4 .,3,R32,89,3,1,52,69,33,7,9,7,9,3,1,38,59,26,17,10,1,1,0,0,0,0
2025-416,Rome,Clay,32,A,,22,cameron-norrie,3,,Cameron Norrie,R,0,GBR,0.0,jacopo-vasami,,WC,Jacopo Vasami,R,0,ITA,0.0,6-3  6-2 .,3,Unknown,80,2,1,31,50,23,15,9,5,5,5,3,29,59,19,13,8,9,12,0,0,0,0
2025-407,Rotterdam,Hard,32,A,,22,alex-de minaur,3,,Alex de Minaur,R,0,AUS,0.0,david-goffin,,,David Goffin,R,0,BEL,0.0,6-2  6-4 .,3,R32,96,2,0,37,72,27,14,9,7,10,4,1,28,60,20,22,9,3,3,0,0,0,0
2025-440,S Hertogenbosch,Grass,32,A,,22,mark-lajal,,Q,Mark Lajal,R,0,EST,0.0,laslo-djere,,,Laslo Djere,R,0,SRB,0.0,6-2  6-4 .,3,R32,78,3,3,35,60,22,11,9,1,4,3,2,36,52,28,10,9,4,4,0,0,0,0
2025-8996,Santiago,Clay,32,A,,22,camilo-ugo carabelli,,,Camilo Ugo Carabelli,R,0,ARG,0.0,nicolas-jarry,7,,Nicolas Jarry,R,0,CHI,0.0,5-7  6-3  7-6(9).,3,R32,173,7,6,57,108,48,27,16,2,3,3,4,73,119,56,27,17,6,7,0,0,0,0
2025-321,Stuttgart,Clay,32,A,,22,justin-engel,,WC,Justin Engel,R,0,GER,0.0,james-duckworth,,Q,James Duckworth,R,0,AUS,0.0,4-6  6-4  7-6(5).,3,R32,149,16,4,64,105,48,22,16,4,6,16,4,58,104,41,27,16,4,6,0,0,0,0
2025-421,Toronto,Hard,32,A,,22,giovanni-mpetshi perricard,,,Giovanni Mpetshi Perricard,R,0,FRA,0.0,shintaro-mochizuki,,Q,Shintaro Mochizuki,R,0,JPN,0.0,6-4  6-2 .,3,R128,71,5,2,24,55,17,14,9,1,4,6,4,29,50,24,13,9,1,1,0,0,0,0
2025-439,Umag,Clay,32,A,,22,mariano-navone,5,,Mariano Navone,R,0,ARG,0.0,tomas-barrios vera,,,Tomas Barrios Vera,R,0,CHI,0.0,6-1  6-2 .,3,R32,70,0,0,27,46,13,7,7,5,10,0,0,25,39,19,10,8,0,1,0,0,0,0
2025-418,Washington,Clay,32,A,,22,reilly-opelka,,,Reilly Opelka,R,0,USA,0.0,murphy-cassone,,Q,Murphy Cassone,R,0,USA,0.0,7-6(4) 6-7(5) 6-3 .,3,R64,140,23,3,61,108,53,27,17,3,4,11,8,56,100,46,24,16,4,6,0,0,0,0
2025-422,Cincinnati,Hard,32,A,,22,mariano-navone,2,,Mariano Navone,R,0,ARG,0.0,jan-lennard-struff,,,Jan-Lennard Struff,R,0,GER,0.0,6-7(2) 6-2  6-4 .,3,Unknown,135,0,0,0,0,0,0,0,0,0,0,0,0,0,0,0,0,0,0,0,0,0,0
2025-807,Acapulco,Hard,32,A,,21,rodrigo-pacheco mendez,,WC,Rodrigo Pacheco Mendez,R,0,MEX,0.0,aleksandar-vukic,,,Aleksandar Vukic,R,0,AUS,0.0,7-5  4-6  7-6(4).,3,R32,181,16,3,79,128,56,23,17,10,12,12,1,71,102,55,18,17,6,8,0,0,0,0
2025-8998,Adelaide,Hard,32,A,,21,arthur-cazaux,,,Arthur Cazaux,R,0,FRA,0.0,adam-walton,,Q,Adam Walton,R,0,AUS,0.0,7-5  6-1 .,3,R32,102,9,8,38,73,28,19,10,9,10,4,1,37,58,20,9,9,5,9,0,0,0,0
2025-301,Auckland,Hard,32,A,,21,jakub-mensik,,,Jakub Mensik,R,0,CZE,0.0,pablo-carreno busta,,LL,Pablo Carreno Busta,R,0,ESP,0.0,6-2  4-6  7-5 .,3,R32,131,3,3,63,100,45,17,15,4,7,18,2,55,88,45,18,15,1,2,0,0,0,0
2025-425,Barcelona,Clay,32,A,,21,sebastian-korda,,,Sebastian Korda,R,0,USA,0.0,matteo-arnaldi,,,Matteo Arnaldi,R,0,ITA,0.0,3-6  6-3  6-2 .,3,R32,116,0,0,46,74,29,16,13,2,6,5,2,52,75,36,15,13,4,6,0,0,0,0
2025-316,Bastad,Clay,32,A,,21,damir-dzumhur,7,,Damir Dzumhur,R,0,BIH,0.0,sebastian-ofner,,,Sebastian Ofner,R,0,AUT,0.0,6-4  6-4 .,3,R32,87,4,2,32,64,24,13,10,3,6,0,1,38,56,26,12,10,2,3,0,0,0,0
2025-339,Brisbane,Hard,32,A,,21,alex-michelsen,,,Alex Michelsen,R,0,USA,0.0,christopher-o'connell,,,Christopher O'Connell,R,0,AUS,0.0,6-4  4-6  7-6(10).,3,R32,144,0,0,0,0,0,0,0,0,0,0,0,0,0,0,0,0,0,0,0,0,0,0
2025-4462,Bucharest,Clay,32,A,,21,gabriel-diallo,,,Gabriel Diallo,R,0,CAN,0.0,chun-hsin-tseng,,,Chun-Hsin Tseng,R,0,TPE,0.0,7-6(5) 7-6(2).,3,R32,126,5,3,47,82,35,22,12,4,6,0,1,55,81,36,13,12,0,2,0,0,0,0
2025-506,Buenos Aires,Clay,32,A,,21,corentin-moutet,,,Corentin Moutet,R,0,FRA,0.0,sumit-nagal,,LL,Sumit Nagal,R,0,IND,0.0,7-5  6-2 .,3,R32,112,4,1,52,69,33,9,10,4,6,1,3,51,80,33,8,10,4,9,0,0,0,0
2025-424,Dallas,Hard,32,A,,21,casper-ruud,2,,Casper Ruud,R,0,NOR,0.0,james-duckworth,,LL,James Duckworth,R,0,AUS,0.0,7-5  4-6  6-2 .,3,R32,130,12,2,65,92,45,14,15,3,6,8,4,62,91,48,17,15,10,11,0,0,0,0
2025-499,Delray Beach,Clay,32,A,,21,yunchaokete-bu,,,Yunchaokete Bu,R,0,CHN,0.0,rinky-hijikata,,,Rinky Hijikata,R,0,AUS,0.0,6-2  6-0 .,3,R32,59,4,1,19,36,16,12,7,0,0,2,1,29,48,13,7,7,3,8,0,0,0,0
2025-451,Doha,Hard,32,A,,21,nuno-borges,,,Nuno Borges,R,0,POR,0.0,otto-virtanen,,LL,Otto Virtanen,R,0,FIN,0.0,7-6(6) 6-3 .,3,R32,82,6,2,53,71,36,7,10,4,7,3,0,55,69,40,5,11,1,3,0,0,0,0
2025-495,Dubai,Hard,32,A,,21,matteo-berrettini,,,Matteo Berrettini,R,0,ITA,0.0,gael-monfils,,,Gael Monfils,R,0,FRA,0.0,7-5  6-4 .,3,R32,83,5,4,37,63,24,12,11,0,4,9,2,39,53,35,5,11,4,6,0,0,0,0
2025-741,Eastbourne,Hard,32,A,,21,james-duckworth,,Q,James Duckworth,R,0,AUS,0.0,aleksandar-vukic,,Q,Aleksandar Vukic,R,0,AUS,0.0,6-3 6-7(5) 6-1 .,3,R32,141,5,2,55,91,36,19,13,8,11,10,3,63,96,50,19,15,5,5,0,0,0,0
2025-322,Geneva,Hard,32,A,,21,matteo-arnaldi,8,,Matteo Arnaldi,R,0,ITA,0.0,hugo-gaston,,,Hugo Gaston,R,0,FRA,0.0,6-7(6) 6-4  6-4 .,3,R32,144,8,4,58,95,43,18,16,5,8,0,1,51,95,33,25,16,4,9,0,0,0,0
2025-314,Gstaad,Clay,32,A,,21,roberto-carballes baena,,,Roberto Carballes Baena,R,0,ESP,0.0,carlos-taberner,,,Carlos Taberner,R,0,ESP,0.0,1-6  6-2  7-6(5).,3,R32,153,3,4,60,95,43,14,13,6,9,6,6,62,98,43,16,14,7,10,0,0,0,0
2025-500,Halle,Grass,32,A,,21,felix-auger-aliassime,,,Felix Auger-Aliassime,R,0,CAN,0.0,laslo-djere,,Q,Laslo Djere,R,0,SRB,0.0,6-3 6-7(6) 6-1 .,3,R32,125,17,3,67,92,59,9,15,3,3,3,3,51,79,37,15,13,2,5,0,0,0,0
2025-414,Hamburg,Clay,32,A,,21,alexander-zverev,1/WC,,Alexander Zverev,R,0,GER,0.0,aleksandar-kovacevic,,Q,Aleksandar Kovacevic,R,0,USA,0.0,6-1  7-6(5).,3,R32,94,7,0,35,49,31,8,9,0,1,4,0,38,74,23,18,10,1,5,0,0,0,0
2025-336,Hong Kong,Hard,32,A,,21,gabriel-diallo,,Q,Gabriel Diallo,R,0,CAN,0.0,roberto-carballes baena,,,Roberto Carballes Baena,R,0,ESP,0.0,4-6  7-6(4) 7-5 .,3,R32,169,9,2,85,117,57,19,17,10,13,9,6,65,104,52,16,17,5,8,0,0,0,0
2025-717,Houston,Clay,32,A,,21,adrian-mannarino,,LL,Adrian Mannarino,R,0,FRA,0.0,yannick-hanfmann,,,Yannick Hanfmann,R,0,GER,0.0,7-6(5) 6-3 .,3,R32,110,4,2,40,57,26,7,10,0,3,2,0,51,82,34,15,11,12,14,0,0,0,0
2025-404,Indian Wells,Hard,32,A,,21,gabriel-diallo,4,,Gabriel Diallo,R,0,CAN,0.0,hady-habib,,,Hady Habib,R,0,LBN,0.0,6-3  7-6(5).,3,Unknown,94,9,6,45,79,36,18,11,5,6,6,3,42,69,30,13,10,5,7,0,0,0,0
2025-319,Kitzbuhel,Clay,32,A,,21,thiago-seyboth wild,,,Thiago Seyboth Wild,R,0,BRA,0.0,justin-engel,NG,,Justin Engel,R,0,GER,0.0,7-5  6-3 .,3,R32,96,1,0,43,61,34,11,11,0,1,6,4,39,70,26,15,10,4,7,0,0,0,0
2025-311,London,Grass,32,A,,21,brandon-nakashima,,,Brandon Nakashima,R,0,USA,0.0,giovanni-mpetshi perricard,,,Giovanni Mpetshi Perricard,R,0,FRA,0.0,6-7(10) 7-6(5) 6-4 .,3,R32,151,13,2,73,108,57,27,17,3,4,23,5,83,127,66,24,17,9,11,0,0,0,0
2025-7480,Los Cabos,Hard,32,A,,21,luis carlos-alvarez,,WC,Luis Carlos Alvarez,R,0,MEX,0.0,james-mccabe,,,James McCabe,R,0,AUS,0.0,6-1  6-2 .,3,R32,73,4,4,15,44,11,8,8,2,7,0,2,27,52,20,15,7,6,6,0,0,0,0
2025-1536,Madrid,Clay,32,A,,21,hugo-gaston,4,,Hugo Gaston,R,0,FRA,0.0,yannick-hanfmann,,,Yannick Hanfmann,R,0,GER,0.0,7-6(6) 4-6  6-4 .,3,Unknown,164,1,4,64,128,44,32,16,15,20,2,2,57,98,38,24,16,4,9,0,0,0,0
2025-8994,Mallorca,Grass,32,A,,21,roman-safiullin,,,Roman Safiullin,R,0,RUS,0.0,alexandre-muller,5,,Alexandre Muller,R,0,FRA,0.0,7-6(5) 7-5 .,3,R32,115,5,3,47,80,34,15,12,1,4,9,3,51,85,40,15,12,2,4,0,0,0,0
2025-360,Marrakech,Clay,32,A,,21,mattia-bellucci,8,,Mattia Bellucci,R,0,ITA,0.0,pavel-kotov,,,Pavel Kotov,R,0,RUS,0.0,6-4  6-4 .,3,R32,103,3,2,46,64,31,7,10,4,7,9,3,32,56,26,15,10,1,2,0,0,0,0
2025-496,Marseille,Hard,32,A,,21,daniel-altmaier,,,Daniel Altmaier,R,0,GER,0.0,luca-nardi,,,Luca Nardi,R,0,ITA,0.0,6-2  6-2 .,3,R32,82,0,1,36,67,26,7,8,7,11,10,1,30,53,25,12,8,4,4,0,0,0,0
2025-403,Miami,Hard,32,A,,21,christopher-o'connell,4,,Christopher O'Connell,R,0,AUS,0.0,liam-draxl,Alt,,Liam Draxl,R,0,CAN,0.0,7-5  6-0 .,3,Unknown,86,6,1,31,48,27,9,9,2,3,5,1,44,65,25,6,9,5,10,0,0,0,0
2025-410,Monte Carlo,Clay,32,A,,21,corentin-moutet,12,,Corentin Moutet,R,0,FRA,0.0,david-goffin,2,,David Goffin,R,0,BEL,0.0,2-6  7-6(4) 7-5 .,3,Unknown,209,2,8,70,118,50,18,16,6,10,1,4,82,132,50,24,16,15,20,0,0,0,0
2025-375,Montpellier,Clay,32,A,,21,tallon-griekspoor,5,,Tallon Griekspoor,R,0,NED,0.0,botic-van de zandschulp,,,Botic van de Zandschulp,R,0,NED,0.0,7-5  6-3 .,3,R32,95,8,2,47,77,34,13,11,5,7,4,10,28,57,21,10,10,0,4,0,0,0,0
2025-6932,Rio De Janeiro,Clay,32,A,,21,jaime-faria,,LL,Jaime Faria,R,0,POR,0.0,tomas-barrios vera,,Q,Tomas Barrios Vera,R,0,CHI,0.0,6-2  7-5 .,3,R32,87,2,3,37,61,26,9,10,4,8,6,5,31,59,26,14,10,3,4,0,0,0,0
2025-416,Rome,Clay,32,A,,21,alexander-shevchenko,4,,Alexander Shevchenko,R,0,KAZ,0.0,juan pablo-ficovich,,,Juan Pablo Ficovich,R,0,ARG,0.0,6-4  6-4 .,3,Unknown,101,2,0,37,63,23,18,10,3,5,1,0,52,79,25,18,10,6,10,0,0,0,0
2025-407,Rotterdam,Hard,32,A,,21,andrey-rublev,4,,Andrey Rublev,R,0,RUS,0.0,zhizhen-zhang,,,Zhizhen Zhang,R,0,CHN,0.0,6-3  6-4 .,3,R32,82,7,1,37,61,29,15,10,1,1,8,4,38,70,27,16,9,6,8,0,0,0,0
2025-440,S Hertogenbosch,Grass,32,A,,21,adrian-mannarino,,LL,Adrian Mannarino,R,0,FRA,0.0,christopher-o'connell,,,Christopher O'Connell,R,0,AUS,0.0,6-1  6-3 .,3,R32,88,3,2,26,56,20,19,8,4,4,1,0,35,65,20,14,8,10,14,0,0,0,0
2025-8996,Santiago,Clay,32,A,,21,jaime-faria,,,Jaime Faria,R,0,POR,0.0,luciano-darderi,8,,Luciano Darderi,R,0,ITA,0.0,6-3  6-4 .,3,R32,79,12,3,40,59,33,11,10,4,4,1,2,33,60,24,13,9,5,7,0,0,0,0
2025-321,Stuttgart,Clay,32,A,,21,marton-fucsovics,,Q,Marton Fucsovics,R,0,HUN,0.0,yannick-hanfmann,,Q,Yannick Hanfmann,R,0,GER,0.0,7-5  6-4 .,3,R32,95,3,2,46,71,29,15,11,4,7,8,2,40,69,33,14,11,1,2,0,0,0,0
2025-421,Toronto,Hard,32,A,,21,emilio-nava,,Q,Emilio Nava,R,0,USA,0.0,zizou-bergs,,,Zizou Bergs,R,0,BEL,0.0,6-1  7-6(4).,3,R128,86,7,4,35,58,30,15,10,2,3,3,7,35,70,21,20,9,7,10,0,0,0,0
2025-439,Umag,Clay,32,A,,21,nikoloz-basilashvili,,,Nikoloz Basilashvili,R,0,GEO,0.0,roberto-carballes baena,6,,Roberto Carballes Baena,R,0,ESP,0.0,6-3  6-4 .,3,R32,91,4,1,39,71,23,12,10,11,17,4,4,33,57,27,4,9,4,7,0,0,0,0
2025-418,Washington,Clay,32,A,,21,ethan-quinn,,WC,Ethan Quinn,R,0,USA,0.0,christopher-o'connell,,,Christopher O'Connell,R,0,AUS,0.0,6-3  6-2 .,3,R64,71,6,2,27,51,21,17,9,1,1,7,2,35,52,23,7,8,1,4,0,0,0,0
2025-422,Cincinnati,Hard,32,A,,21,coleman-wong,,,Coleman Wong,R,0,HKG,0.0,juan manuel-cerundolo,3,,Juan Manuel Cerundolo,R,0,ARG,0.0,6-2  6-3 .,3,Unknown,77,5,2,39,51,22,3,8,3,7,3,2,45,67,30,13,9,4,5,0,0,0,0
2025-9900,Perth Sydney,Hard,32,A,,21,tomas martin-etcheverry,17,,Tomas Martin Etcheverry,R,0,ARG,0.0,billy-harris,6,,Billy Harris,R,0,GBR,0.0,3-6  6-3  6-2 .,3,Unknown,164,9,4,56,50,74,45,13,67,6,10,1,66,61,72,56,13,89,8,0,0,0,0
2025-807,Acapulco,Hard,32,A,,20,casper-ruud,2,,Casper Ruud,R,0,NOR,0.0,arthur-rinderknech,,,Arthur Rinderknech,R,0,FRA,0.0,6-4  6-3 .,3,R32,102,7,1,51,68,29,8,9,6,9,6,0,45,57,35,5,10,2,3,0,0,0,0
2025-8998,Adelaide,Hard,32,A,,20,marcos-giron,,,Marcos Giron,R,0,USA,0.0,aleksandar-vukic,,,Aleksandar Vukic,R,0,AUS,0.0,6-2  3-6  6-3 .,3,R32,103,8,3,58,89,40,12,13,4,8,4,0,41,72,29,22,13,2,4,0,0,0,0
2025-301,Auckland,Hard,32,A,,20,gael-monfils,,,Gael Monfils,R,0,FRA,0.0,pedro-martinez,,,Pedro Martinez,R,0,ESP,0.0,1-6  7-6(5) 6-3 .,3,R32,144,1,3,58,83,41,15,13,3,5,8,3,51,86,38,17,15,1,5,0,0,0,0
2025-425,Barcelona,Clay,32,A,,20,pedro-martinez,,,Pedro Martinez,R,0,ESP,0.0,brandon-nakashima,,,Brandon Nakashima,R,0,USA,0.0,7-5  5-7  6-4 .,3,R32,198,2,2,79,117,53,19,17,2,4,11,1,72,114,48,22,17,3,6,0,0,0,0
2025-316,Bastad,Clay,32,A,,20,vit-kopriva,8,,Vit Kopriva,R,0,CZE,0.0,hugo-dellien,,,Hugo Dellien,R,0,BOL,0.0,6-1 3-0 RET.,3,R32,45,1,0,18,32,13,9,5,4,4,0,0,23,31,7,3,5,2,6,0,0,0,0
2025-339,Brisbane,Hard,32,A,,20,yoshihito-nishioka,,Q,Yoshihito Nishioka,R,0,JPN,0.0,arthur-rinderknech,,,Arthur Rinderknech,R,0,FRA,0.0,6-3  6-4 .,3,R32,74,6,1,31,51,23,11,9,1,3,1,0,31,50,28,13,10,0,0,0,0,0,0
2025-4462,Bucharest,Clay,32,A,,20,damir-dzumhur,,,Damir Dzumhur,R,0,BIH,0.0,valentin-vacherot,,Q,Valentin Vacherot,R,0,MON,0.0,6-2  6-1 .,3,R32,73,1,4,31,53,17,8,7,3,8,1,1,35,54,24,10,8,5,6,0,0,0,0
2025-506,Buenos Aires,Clay,32,A,,20,francisco-cerundolo,5,,Francisco Cerundolo,R,0,ARG,0.0,luciano-darderi,,,Luciano Darderi,R,0,ITA,0.0,6-4  6-4 .,3,R32,101,1,0,47,71,28,14,10,6,9,1,0,49,69,32,13,10,7,8,0,0,0,0
2025-424,Dallas,Hard,32,A,,20,tommy-paul,3,,Tommy Paul,R,0,USA,0.0,jenson-brooksby,,WC,Jenson Brooksby,R,0,USA,0.0,6-7(6) 6-3  6-4 .,3,R32,159,7,4,62,98,45,18,15,6,9,3,1,81,108,49,12,16,4,10,0,0,0,0
2025-499,Delray Beach,Clay,32,A,,20,mackenzie-mcdonald,,WC,Mackenzie McDonald,R,0,USA,0.0,kei-nishikori,,,Kei Nishikori,R,0,JPN,0.0,7-6(4) 4-6  7-5 .,3,R32,152,4,2,61,102,41,19,17,2,7,4,1,79,111,56,13,17,3,8,0,0,0,0
2025-451,Doha,Hard,32,A,,20,tallon-griekspoor,,,Tallon Griekspoor,R,0,NED,0.0,jan-lennard-struff,,,Jan-Lennard Struff,R,0,GER,0.0,7-6(5) 7-6(7).,3,R32,126,10,1,71,98,52,12,12,6,7,8,5,65,92,50,14,12,5,6,0,0,0,0
2025-495,Dubai,Hard,32,A,,20,tallon-griekspoor,,,Tallon Griekspoor,R,0,NED,0.0,roman-safiullin,,Q,Roman Safiullin,R,0,RUS,0.0,5-7  7-6(4) 7-6(1).,3,R32,179,10,7,64,115,50,30,18,2,3,17,5,92,130,67,20,18,10,12,0,0,0,0
2025-741,Eastbourne,Hard,32,A,,20,marcos-giron,,,Marcos Giron,R,0,USA,0.0,luciano-darderi,,,Luciano Darderi,R,0,ITA,0.0,6-4  7-5 .,3,R32,82,2,3,43,66,29,11,11,2,5,4,0,50,74,31,17,11,5,6,0,0,0,0
2025-322,Geneva,Hard,32,A,,20,jacob-fearnley,,,Jacob Fearnley,R,0,GBR,0.0,dusan-lajovic,,WC,Dusan Lajovic,R,0,SRB,0.0,6-4  6-1 .,3,R32,72,2,1,33,55,16,8,9,4,10,5,1,32,55,23,9,8,3,5,0,0,0,0
2025-314,Gstaad,Clay,32,A,,20,juan manuel-cerundolo,,,Juan Manuel Cerundolo,R,0,ARG,0.0,jan-lennard-struff,,,Jan-Lennard Struff,R,0,GER,0.0,6-3  3-6  6-3 .,3,R32,140,5,3,58,90,41,20,14,10,11,9,8,52,116,37,32,13,8,10,0,0,0,0
2025-500,Halle,Grass,32,A,,20,flavio-cobolli,,,Flavio Cobolli,R,0,ITA,0.0,joao-fonseca,,WC,Joao Fonseca,R,0,BRA,0.0,5-7  7-6(3) 7-6(8).,3,R32,164,9,1,82,120,64,22,18,4,4,11,3,83,138,59,34,18,8,9,0,0,0,0
2025-414,Hamburg,Clay,32,A,,20,andrey-rublev,3,,Andrey Rublev,R,0,RUS,0.0,damir-dzumhur,,,Damir Dzumhur,R,0,BIH,0.0,6-4  6-3 .,3,R32,89,3,1,35,67,29,11,10,3,5,2,5,42,65,22,13,9,5,9,0,0,0,0
2025-336,Hong Kong,Hard,32,A,,20,alexandre-muller,,,Alexandre Muller,R,0,FRA,0.0,marc-andrea-huesler,,Q,Marc-Andrea Huesler,R,0,SUI,0.0,2-6  6-4  6-3 .,3,R32,125,9,2,73,93,48,10,14,6,9,8,3,40,81,34,15,13,5,8,0,0,0,0
2025-717,Houston,Clay,32,A,,20,mackenzie-mcdonald,,,Mackenzie McDonald,R,0,USA,0.0,daniel elahi-galan,,,Daniel Elahi Galan,R,0,COL,0.0,6-2 6-7(3) 6-4 .,3,R32,135,7,0,60,90,46,13,15,2,5,4,2,53,84,42,21,15,1,1,0,0,0,0
2025-404,Indian Wells,Hard,32,A,,20,damir-dzumhur,5,,Damir Dzumhur,R,0,BIH,0.0,brandon-holt,,,Brandon Holt,R,0,USA,0.0,6-4  6-2 .,3,Unknown,80,2,2,37,55,27,10,9,2,3,1,1,42,61,22,9,9,1,5,0,0,0,0
2025-319,Kitzbuhel,Clay,32,A,,20,jan-lennard-struff,,Q,Jan-Lennard Struff,R,0,GER,0.0,sebastian-ofner,,,Sebastian Ofner,R,0,AUT,0.0,6-4  6-2 .,3,R32,64,6,6,33,59,22,8,9,1,5,3,1,36,51,29,7,9,2,3,0,0,0,0
2025-311,London,Grass,32,A,,20,reilly-opelka,PR,,Reilly Opelka,R,0,USA,0.0,camilo-ugo carabelli,,,Camilo Ugo Carabelli,R,0,ARG,0.0,7-6(6) 6-4 .,3,R32,89,21,3,44,65,39,11,11,3,4,4,4,41,74,28,18,11,2,4,0,0,0,0
2025-7480,Los Cabos,Hard,32,A,,20,nishesh-basavareddy,,,Nishesh Basavareddy,R,0,USA,0.0,nicolas-mejia,,Q,Nicolas Mejia,R,0,COL,0.0,6-4  6-1 .,3,R32,82,3,1,31,54,18,11,9,2,6,5,1,23,44,18,15,8,1,1,0,0,0,0
2025-1536,Madrid,Clay,32,A,,20,rinky-hijikata,5,,Rinky Hijikata,R,0,AUS,0.0,lloyd-harris,,,Lloyd Harris,R,0,RSA,0.0,6-4 7-6(11) 4-1 RET.,3,Unknown,147,7,5,69,106,49,21,14,10,12,12,2,80,113,54,15,13,10,14,0,0,0,0
2025-8994,Mallorca,Grass,32,A,,20,gabriel-diallo,6,,Gabriel Diallo,R,0,CAN,0.0,jaume-munar,,,Jaume Munar,R,0,ESP,0.0,7-5  6-3 .,3,R32,107,10,2,49,68,35,11,10,2,2,2,5,38,61,28,11,11,1,4,0,0,0,0
2025-360,Marrakech,Clay,32,A,,20,pablo-carreno busta,,,Pablo Carreno Busta,R,0,ESP,0.0,younes-lalami laaroussi,,WC,Younes Lalami Laaroussi,R,0,MAR,0.0,6-1  6-3 .,3,R32,77,2,1,26,44,22,13,8,1,1,1,5,35,58,23,6,8,5,9,0,0,0,0
2025-496,Marseille,Hard,32,A,,20,zizou-bergs,,,Zizou Bergs,R,0,BEL,0.0,clement-chidekh,,Q,Clement Chidekh,R,0,FRA,0.0,6-4  6-4 .,3,R32,82,0,3,30,55,22,11,10,1,4,10,2,33,58,27,14,10,1,2,0,0,0,0
2025-403,Miami,Hard,32,A,,20,jacob-fearnley,5,,Jacob Fearnley,R,0,GBR,0.0,thijs-boogaard,,WC,Thijs Boogaard,R,0,NED,0.0,6-4  6-3 .,3,Unknown,75,3,1,28,50,21,16,9,0,0,2,3,36,65,26,11,10,6,9,0,0,0,0
2025-410,Monte Carlo,Clay,32,A,,20,mariano-navone,4,,Mariano Navone,R,0,ARG,0.0,arthur-rinderknech,11,,Arthur Rinderknech,R,0,FRA,0.0,6-0 6-7(5) 6-1 .,3,Unknown,152,2,1,50,84,36,22,13,1,2,2,3,60,100,38,12,12,9,15,0,0,0,0
2025-375,Montpellier,Clay,32,A,,20,arthur-rinderknech,7,,Arthur Rinderknech,R,0,FRA,0.0,harold-mayot,,,Harold Mayot,R,0,FRA,0.0,7-6(2) 2-6  6-1 .,3,R32,130,5,1,51,75,41,11,13,1,3,16,7,61,106,48,21,14,14,16,0,0,0,0
2025-308,Munich,Clay,32,A,,20,alexander-shevchenko,,LL,Alexander Shevchenko,R,0,KAZ,0.0,flavio-cobolli,,,Flavio Cobolli,R,0,ITA,0.0,6-7(2) 6-3  6-4 .,3,R32,157,2,4,48,106,27,31,15,6,12,5,9,89,138,53,22,16,17,21,0,0,0,0
2025-6932,Rio De Janeiro,Clay,32,A,,20,alexandre-muller,,,Alexandre Muller,R,0,FRA,0.0,joao-fonseca,SE,,Joao Fonseca,R,0,BRA,0.0,6-1  7-6(4).,3,R32,92,5,2,51,71,36,6,9,8,10,2,2,44,66,34,15,10,2,2,0,0,0,0
2025-416,Rome,Clay,32,A,,20,jesper-de jong,5,,Jesper de Jong,R,0,NED,0.0,harold-mayot,,,Harold Mayot,R,0,FRA,0.0,6-2  6-4 .,3,Unknown,87,6,1,35,59,27,10,9,2,4,1,2,32,58,16,12,9,2,7,0,0,0,0
2025-407,Rotterdam,Hard,32,A,,20,holger-rune,5,,Holger Rune,R,0,DEN,0.0,lorenzo-sonego,,,Lorenzo Sonego,R,0,ITA,0.0,7-6(4) 6-4 .,3,R32,131,3,2,58,98,38,18,11,11,13,5,0,41,72,32,18,11,1,2,0,0,0,0
2025-440,S Hertogenbosch,Grass,32,A,,20,zizou-bergs,,,Zizou Bergs,R,0,BEL,0.0,alexander-blockx,,Q,Alexander Blockx,R,0,BEL,0.0,6-3  1-6  7-6(3).,3,R32,169,5,12,72,125,54,20,14,13,16,3,1,65,98,44,19,14,6,8,0,0,0,0
2025-8996,Santiago,Clay,32,A,,20,francisco-comesana,,,Francisco Comesana,R,0,ARG,0.0,felipe-meligeni alves,,Q,Felipe Meligeni Alves,R,0,BRA,0.0,7-6(3) 7-6(4).,3,R32,122,4,1,65,91,47,13,12,9,9,8,1,51,84,39,23,12,8,8,0,0,0,0
2025-321,Stuttgart,Clay,32,A,,20,quentin-halys,,,Quentin Halys,R,0,FRA,0.0,lorenzo-sonego,,,Lorenzo Sonego,R,0,ITA,0.0,6-7(6) 7-5  6-4 .,3,R32,160,10,7,65,108,52,22,17,2,3,1,2,65,101,46,21,17,5,8,0,0,0,0
2025-421,Toronto,Hard,32,A,,20,reilly-opelka,,,Reilly Opelka,R,0,USA,0.0,sebastian-ofner,PR,,Sebastian Ofner,R,0,AUT,0.0,7-6(6) 7-5 .,3,R128,115,10,5,43,80,36,19,12,1,2,19,10,40,89,36,26,12,7,7,0,0,0,0
2025-439,Umag,Clay,32,A,,20,pablo-llamas ruiz,,Q,Pablo Llamas Ruiz,R,0,ESP,0.0,kamil-majchrzak,7,,Kamil Majchrzak,R,0,POL,0.0,6-2  6-4 .,3,R32,82,0,3,26,48,15,8,9,1,6,0,1,36,54,23,12,9,4,6,0,0,0,0
2025-418,Washington,Clay,32,A,,20,learner-tien,,,Learner Tien,R,0,USA,0.0,emilio-nava,,WC,Emilio Nava,R,0,USA,0.0,6-1  6-4 .,3,R64,75,2,1,28,53,20,16,9,4,5,6,7,35,60,20,10,8,4,8,0,0,0,0
2025-422,Cincinnati,Hard,32,A,,20,leandro-riedi,PR,,Leandro Riedi,R,0,SUI,0.0,pablo-carreno busta,4,,Pablo Carreno Busta,R,0,ESP,0.0,7-6(3) 6-4 .,3,Unknown,101,5,0,44,69,31,14,11,5,7,6,3,51,80,42,11,11,3,4,0,0,0,0
2025-9900,Perth Sydney,Hard,32,A,,20,felix-auger-aliassime,7,,Felix Auger-Aliassime,R,0,CAN,0.0,taylor-fritz,1,,Taylor Fritz,R,0,USA,0.0,4-6  7-5  6-3 .,3,Unknown,139,13,1,63,58,72,47,15,25,1,19,4,66,59,80,50,16,50,2,0,0,0,0
2025-807,Acapulco,Hard,32,A,,19,tommy-paul,3,,Tommy Paul,R,0,USA,0.0,gabriel-diallo,,Q,Gabriel Diallo,R,0,CAN,0.0,6-2  6-2 .,3,R32,74,4,2,26,47,15,10,8,3,7,0,3,31,57,21,17,8,5,5,0,0,0,0
2025-8998,Adelaide,Hard,32,A,,19,manuel-guinard,,LL,Manuel Guinard,R,0,FRA,0.0,roman-safiullin,,,Roman Safiullin,R,0,RUS,0.0,7-6(4) 2-6  6-1 .,3,R32,127,7,11,48,98,33,26,14,7,11,13,5,53,83,37,13,13,5,9,0,0,0,0
2025-301,Auckland,Hard,32,A,,19,mariano-navone,,,Mariano Navone,R,0,ARG,0.0,adrian-mannarino,,LL,Adrian Mannarino,R,0,FRA,0.0,7-6(6) 6-7(5) 6-1 .,3,R32,187,5,7,72,116,51,21,16,3,7,3,4,58,112,35,29,15,10,16,0,0,0,0
2025-425,Barcelona,Clay,32,A,,19,hamad-medjedovic,,Q,Hamad Medjedovic,R,0,SRB,0.0,giovanni-mpetshi perricard,,,Giovanni Mpetshi Perricard,R,0,FRA,0.0,7-5  7-6(6).,3,R32,106,5,0,47,67,38,16,12,2,2,8,6,65,91,47,12,12,4,5,0,0,0,0
2025-316,Bastad,Clay,32,A,,19,nicolai-budkov kjaer,,Q,Nicolai Budkov Kjaer,R,0,NOR,0.0,thiago-monteiro,,Q,Thiago Monteiro,R,0,BRA,0.0,5-7  6-3  7-6(2).,3,R32,161,4,0,70,104,49,13,16,1,4,5,7,74,106,52,17,17,4,7,0,0,0,0
2025-339,Brisbane,Hard,32,A,,19,aleksandar-vukic,,WC,Aleksandar Vukic,R,0,AUS,0.0,david-goffin,,,David Goffin,R,0,BEL,0.0,6-2  6-3 .,3,R32,82,3,2,35,61,18,15,8,2,5,11,1,31,57,25,15,9,3,3,0,0,0,0
2025-4462,Bucharest,Clay,32,A,,19,marton-fucsovics,,,Marton Fucsovics,R,0,HUN,0.0,luca-nardi,,,Luca Nardi,R,0,ITA,0.0,6-3  6-1 .,3,R32,67,0,1,33,48,18,5,8,2,6,1,1,28,46,22,11,8,2,2,0,0,0,0
2025-506,Buenos Aires,Clay,32,A,,19,sebastian-baez,6,,Sebastian Baez,R,0,ARG,0.0,camilo-ugo carabelli,,WC,Camilo Ugo Carabelli,R,0,ARG,0.0,6-4  6-4 .,3,R32,113,3,2,52,77,34,13,10,6,7,1,5,44,64,30,7,10,2,5,0,0,0,0
2025-424,Dallas,Hard,32,A,,19,ben-shelton,4,,Ben Shelton,R,0,USA,0.0,aleksandar-vukic,,,Aleksandar Vukic,R,0,AUS,0.0,6-3  6-3 .,3,R32,63,4,1,35,50,24,6,9,1,4,6,4,29,49,26,11,9,0,0,0,0,0,0
2025-499,Delray Beach,Clay,32,A,,19,yoshihito-nishioka,,,Yoshihito Nishioka,R,0,JPN,0.0,aleksandar-vukic,,,Aleksandar Vukic,R,0,AUS,0.0,6-3  6-4 .,3,R32,79,5,0,34,63,27,18,10,4,4,9,2,26,49,19,14,9,1,3,0,0,0,0
2025-451,Doha,Hard,32,A,,19,luca-nardi,,Q,Luca Nardi,R,0,ITA,0.0,zhizhen-zhang,,,Zhizhen Zhang,R,0,CHN,0.0,6-4  6-3 .,3,R32,76,5,1,37,53,23,8,9,2,5,5,2,38,59,29,11,10,1,2,0,0,0,0
2025-495,Dubai,Hard,32,A,,19,luca-nardi,,LL,Luca Nardi,R,0,ITA,0.0,marton-fucsovics,,Q,Marton Fucsovics,R,0,HUN,0.0,1-6  6-2  6-3 .,3,R32,132,2,6,56,111,38,25,12,12,15,4,6,39,69,26,14,12,2,6,0,0,0,0
2025-741,Eastbourne,Hard,32,A,,19,billy-harris,,LL,Billy Harris,R,0,GBR,0.0,cameron-norrie,,WC,Cameron Norrie,R,0,GBR,0.0,6-4  6-4 .,3,R32,84,4,1,48,68,35,10,10,7,8,0,1,35,53,18,14,10,0,3,0,0,0,0
2025-322,Geneva,Hard,32,A,,19,marton-fucsovics,,,Marton Fucsovics,R,0,HUN,0.0,zizou-bergs,,,Zizou Bergs,R,0,BEL,0.0,6-2  6-3 .,3,R32,80,0,0,0,0,0,0,0,0,0,0,0,0,0,0,0,0,0,0,0,0,0,0
2025-314,Gstaad,Clay,32,A,,19,jerome-kym,,WC,Jerome Kym,R,0,SUI,0.0,calvin-hemery,,Q,Calvin Hemery,R,0,FRA,0.0,7-5  4-6  7-5 .,3,R32,135,8,6,60,90,53,12,17,0,2,10,10,71,103,55,10,17,6,9,0,0,0,0
2025-500,Halle,Grass,32,A,,19,tomas martin-etcheverry,,,Tomas Martin Etcheverry,R,0,ARG,0.0,pedro-martinez,,,Pedro Martinez,R,0,ESP,0.0,6-1  6-3 .,3,R32,91,1,7,35,62,25,6,8,8,12,9,0,29,40,23,9,8,0,0,0,0,0,0
2025-414,Hamburg,Clay,32,A,,19,brandon-nakashima,7,,Brandon Nakashima,R,0,USA,0.0,raphael-collignon,,Q,Raphael Collignon,R,0,BEL,0.0,6-5 RET.,3,R32,60,2,7,17,34,11,4,5,2,5,1,2,22,39,15,4,6,2,5,0,0,0,0
2025-336,Hong Kong,Hard,32,A,,19,jaume-munar,,,Jaume Munar,R,0,ESP,0.0,alejandro-davidovich fokina,,,Alejandro Davidovich Fokina,R,0,ESP,0.0,4-6  6-3  6-3 .,3,R32,117,6,4,49,78,36,19,14,2,4,2,4,39,76,25,21,14,2,6,0,0,0,0
2025-717,Houston,Clay,32,A,,19,colton-smith,,Q,Colton Smith,R,0,USA,0.0,james-duckworth,,,James Duckworth,R,0,AUS,0.0,6-2  6-2 .,3,R32,69,5,2,28,44,22,11,8,1,1,3,3,34,58,20,10,8,6,10,0,0,0,0
2025-404,Indian Wells,Hard,32,A,,19,hugo-gaston,6,,Hugo Gaston,R,0,FRA,0.0,james-trotter,,,James Trotter,R,0,JPN,0.0,6-2  6-4 .,3,Unknown,70,1,3,21,45,18,16,9,1,2,2,6,27,55,17,11,9,2,6,0,0,0,0
2025-319,Kitzbuhel,Clay,32,A,,19,thiago agustin-tirante,,,Thiago Agustin Tirante,R,0,ARG,0.0,jaime-faria,,,Jaime Faria,R,0,POR,0.0,6-2  6-2 .,3,R32,62,7,5,25,57,20,7,8,1,6,9,4,25,43,22,8,8,1,2,0,0,0,0
2025-311,London,Grass,32,A,,19,alexei-popyrin,,,Alexei Popyrin,R,0,AUS,0.0,aleksandar-vukic,,Q,Aleksandar Vukic,R,0,AUS,0.0,6-2 6-7(9) 7-6(3).,3,R32,151,19,2,73,113,59,22,16,6,7,13,2,63,113,47,24,16,3,6,0,0,0,0
2025-7480,Los Cabos,Hard,32,A,,19,james-duckworth,,,James Duckworth,R,0,AUS,0.0,adrian-mannarino,,,Adrian Mannarino,R,0,FRA,0.0,6-3  6-4 .,3,R32,90,9,2,39,67,26,19,10,1,2,2,3,29,60,22,12,9,2,5,0,0,0,0
2025-1536,Madrid,Clay,32,A,,19,botic-van de zandschulp,6,,Botic van de Zandschulp,R,0,NED,0.0,moise-kouame,,WC,Moise Kouame,R,0,FRA,0.0,6-3  6-2 .,3,Unknown,77,2,2,32,54,27,12,9,2,2,3,6,24,53,13,15,8,1,4,0,0,0,0
2025-8994,Mallorca,Grass,32,A,,19,hamad-medjedovic,,,Hamad Medjedovic,R,0,SRB,0.0,nishesh-basavareddy,,Q,Nishesh Basavareddy,R,0,USA,0.0,6-0  6-4 .,3,R32,63,2,2,29,52,18,10,8,2,6,11,2,23,42,17,15,8,0,0,0,0,0,0
2025-360,Marrakech,Clay,32,A,,19,jesper-de jong,,,Jesper de Jong,R,0,NED,0.0,elliot-benchetrit,,WC,Elliot Benchetrit,R,0,MAR,0.0,7-5  6-1 .,3,R32,92,3,2,42,74,28,12,9,7,10,3,1,25,45,23,17,10,0,0,0,0,0,0
2025-496,Marseille,Hard,32,A,,19,alexander-bublik,,,Alexander Bublik,R,0,KAZ,0.0,richard-gasquet,,WC,Richard Gasquet,R,0,FRA,0.0,6-4  6-4 .,3,R32,81,13,1,32,55,27,14,10,2,3,2,5,28,62,21,16,10,2,5,0,0,0,0
2025-403,Miami,Hard,32,A,,19,gabriel-diallo,6,,Gabriel Diallo,R,0,CAN,0.0,yosuke-watanuki,PR,,Yosuke Watanuki,R,0,JPN,0.0,6-1 6-7(3) 6-3 .,3,Unknown,119,10,3,59,83,46,17,15,1,1,10,3,43,82,34,16,13,1,4,0,0,0,0
2025-410,Monte Carlo,Clay,32,A,,19,camilo-ugo carabelli,6,,Camilo Ugo Carabelli,R,0,ARG,0.0,hamad-medjedovic,10,,Hamad Medjedovic,R,0,SRB,0.0,"CAMILO UGO CARABELLI WINS THE POINT ON HIS 2ND SERVE.  GAME CAMILO UGO CARABELLI. 
 CAMILO UGO CARABELLI LEADS 1-0.",3,Unknown,109,6,5,52,83,36,14,11,13,16,6,2,38,65,26,10,11,2,7,0,0,0,0
2025-375,Montpellier,Clay,32,A,,19,mattia-bellucci,,,Mattia Bellucci,R,0,ITA,0.0,lucas-pouille,,,Lucas Pouille,R,0,FRA,0.0,6-4  6-4 .,3,R32,100,8,1,40,70,34,14,10,10,10,6,5,34,69,31,11,10,7,9,0,0,0,0
2025-308,Munich,Clay,32,A,,19,botic-van de zandschulp,,LL,Botic van de Zandschulp,R,0,NED,0.0,roberto-bautista agut,,,Roberto Bautista Agut,R,0,ESP,0.0,6-4  3-6  6-4 .,3,R32,152,0,1,64,97,42,19,14,9,11,11,4,60,83,46,10,15,1,3,0,0,0,0
2025-416,Rome,Clay,32,A,,19,federico-arnaboldi,,WC,Federico Arnaboldi,R,0,ITA,0.0,thiago-monteiro,6,,Thiago Monteiro,R,0,BRA,0.0,7-6(5) 6-7(5) 6-3 .,3,Unknown,186,4,3,69,109,42,20,16,2,7,10,3,77,122,52,25,17,13,17,0,0,0,0
2025-407,Rotterdam,Hard,32,A,,19,jiri-lehecka,,,Jiri Lehecka,R,0,CZE,0.0,alexei-popyrin,,,Alexei Popyrin,R,0,AUS,0.0,7-5  6-2 .,3,R32,87,5,3,45,66,33,12,10,2,2,3,2,32,54,25,8,10,1,4,0,0,0,0
2025-440,S Hertogenbosch,Grass,32,A,,19,mackenzie-mcdonald,,Q,Mackenzie McDonald,R,0,USA,0.0,mattia-bellucci,,,Mattia Bellucci,R,0,ITA,0.0,6-1 6-7(4) 6-3 .,3,R32,161,4,4,74,103,52,17,15,4,5,6,3,43,78,28,18,13,5,9,0,0,0,0
2025-8996,Santiago,Clay,32,A,,19,federico-coria,,,Federico Coria,R,0,ARG,0.0,tomas-barrios vera,,WC,Tomas Barrios Vera,R,0,CHI,0.0,6-1  6-0 .,3,R32,69,2,3,22,36,18,7,6,0,0,3,1,34,54,17,4,7,3,9,0,0,0,0
2025-321,Stuttgart,Clay,32,A,,19,pierre-hugues-herbert,,Q,Pierre-Hugues Herbert,R,0,FRA,0.0,damir-dzumhur,,,Damir Dzumhur,R,0,BIH,0.0,6-4 3-0 RET.,3,R32,54,2,4,19,34,13,8,6,1,3,7,5,19,44,17,14,7,2,2,0,0,0,0
2025-421,Toronto,Hard,32,A,,19,roman-safiullin,,,Roman Safiullin,R,0,RUS,0.0,ugo-blanchet,,Q,Ugo Blanchet,R,0,FRA,0.0,4-6  6-2  7-6(9).,3,R128,141,7,8,56,95,42,24,15,2,4,7,11,53,102,37,27,15,3,6,0,0,0,0
2025-439,Umag,Clay,32,A,,19,terence-atmane,,,Terence Atmane,R,0,FRA,0.0,dusan-lajovic,,,Dusan Lajovic,R,0,SRB,0.0,6-3  6-4 .,3,R32,86,2,2,33,51,21,9,9,4,7,5,1,37,66,33,12,10,4,5,0,0,0,0
2025-418,Washington,Clay,32,A,,19,aleksandar-vukic,,,Aleksandar Vukic,R,0,AUS,0.0,giovanni-mpetshi perricard,,,Giovanni Mpetshi Perricard,R,0,FRA,0.0,6-4  3-6  6-3 .,3,R64,100,15,5,50,84,41,15,14,4,6,17,2,55,86,42,17,14,7,8,0,0,0,0
2025-422,Cincinnati,Hard,32,A,,19,adrian-mannarino,5,,Adrian Mannarino,R,0,FRA,0.0,mitchell-krueger,,,Mitchell Krueger,R,0,USA,0.0,6-1  6-1 .,3,Unknown,62,6,1,20,37,17,12,7,0,0,1,0,24,41,11,5,7,5,10,0,0,0,0
2025-807,Acapulco,Hard,32,A,,18,ben-shelton,5,,Ben Shelton,R,0,USA,0.0,flavio-cobolli,,,Flavio Cobolli,R,0,ITA,0.0,7-6(4) 7-6(4).,3,R32,121,2,0,41,79,33,21,12,4,5,13,2,54,78,41,15,12,3,4,0,0,0,0
2025-8998,Adelaide,Hard,32,A,,18,rinky-hijikata,,LL,Rinky Hijikata,R,0,AUS,0.0,david-goffin,,,David Goffin,R,0,BEL,0.0,6-1  6-2 .,3,R32,72,3,0,20,44,11,9,7,4,9,4,3,29,57,21,16,8,4,5,0,0,0,0
2025-301,Auckland,Hard,32,A,,18,lorenzo-sonego,,,Lorenzo Sonego,R,0,ITA,0.0,gabriel-diallo,,WC,Gabriel Diallo,R,0,CAN,0.0,7-6(5) 2-6  7-6(7).,3,R32,178,8,3,77,108,60,18,16,3,4,4,2,85,116,58,22,16,10,13,0,0,0,0
2025-425,Barcelona,Clay,32,A,,18,cameron-norrie,,,Cameron Norrie,R,0,GBR,0.0,damir-dzumhur,3,,Damir Dzumhur,R,0,BIH,0.0,7-6(5) 7-6(6).,3,Unknown,129,2,0,70,98,44,16,12,5,6,6,2,58,82,40,15,12,2,3,0,0,0,0
2025-316,Bastad,Clay,32,A,,18,hugo-gaston,,,Hugo Gaston,R,0,FRA,0.0,chun-hsin-tseng,,,Chun-Hsin Tseng,R,0,TPE,0.0,6-4  6-3 .,3,R32,78,2,1,41,64,28,13,9,5,6,2,2,36,55,26,7,10,1,5,0,0,0,0
2025-339,Brisbane,Hard,32,A,,18,yoshihito-nishioka,1,,Yoshihito Nishioka,R,0,JPN,0.0,li-tu,,,Li Tu,R,0,AUS,0.0,6-3  2-6  6-4 .,3,Unknown,124,6,0,56,88,35,23,14,1,4,7,4,42,79,30,20,13,2,5,0,0,0,0
2025-4462,Bucharest,Clay,32,A,,18,filip-misolic,,Q,Filip Misolic,R,0,AUT,0.0,alexander-shevchenko,,,Alexander Shevchenko,R,0,KAZ,0.0,6-3  6-4 .,3,R32,76,1,1,34,54,22,8,9,0,4,1,3,43,60,31,9,10,4,6,0,0,0,0
2025-506,Buenos Aires,Clay,32,A,,18,juan manuel-cerundolo,,Q,Juan Manuel Cerundolo,R,0,ARG,0.0,roman andres-burruchaga,,Q,Roman Andres Burruchaga,R,0,ARG,0.0,7-6(4) 5-7  7-5 .,3,R32,210,0,3,75,124,49,25,18,10,15,1,0,69,113,45,26,18,2,7,0,0,0,0
2025-424,Dallas,Hard,32,A,,18,cameron-norrie,,,Cameron Norrie,R,0,GBR,0.0,alex-michelsen,7,,Alex Michelsen,R,0,USA,0.0,2-6  7-6(1) 6-1 .,3,R32,122,7,2,77,107,52,13,14,11,14,7,2,57,77,44,8,13,5,8,0,0,0,0
2025-499,Delray Beach,Clay,32,A,,18,reilly-opelka,,WC,Reilly Opelka,R,0,USA,0.0,christopher-eubanks,,,Christopher Eubanks,R,0,USA,0.0,6-3  7-6(7).,3,R32,86,3,0,40,59,29,13,10,0,1,13,2,43,67,35,16,11,1,1,0,0,0,0
2025-451,Doha,Hard,32,A,,18,botic-van de zandschulp,,Q,Botic van de Zandschulp,R,0,NED,0.0,abdullah-shelbayh,,WC,Abdullah Shelbayh,R,0,JOR,0.0,7-5  6-3 .,3,R32,97,3,2,43,60,32,9,11,2,4,1,4,34,64,20,14,10,6,10,0,0,0,0
2025-495,Dubai,Hard,32,A,,18,stefanos-tsitsipas,4,,Stefanos Tsitsipas,R,0,GRE,0.0,lorenzo-sonego,,,Lorenzo Sonego,R,0,ITA,0.0,7-6(4) 6-3 .,3,R32,97,3,1,42,60,34,13,11,1,2,1,1,42,67,30,12,10,4,6,0,0,0,0
2025-741,Eastbourne,Hard,32,A,,18,reilly-opelka,PR,,Reilly Opelka,R,0,USA,0.0,george-loffhagen,,Q,George Loffhagen,R,0,GBR,0.0,7-6(6) 3-6  7-6(1).,3,R32,148,11,6,77,115,61,21,17,4,4,19,4,65,103,51,24,16,5,6,0,0,0,0
2025-322,Geneva,Hard,32,A,,18,quentin-halys,,,Quentin Halys,R,0,FRA,0.0,jaume-munar,,,Jaume Munar,R,0,ESP,0.0,4-6  6-3  7-6(5).,3,R32,143,3,6,70,99,54,11,15,5,7,6,2,53,91,41,27,16,1,3,0,0,0,0
2025-314,Gstaad,Clay,32,A,,18,alexander-shevchenko,,,Alexander Shevchenko,R,0,KAZ,0.0,stan-wawrinka,,,Stan Wawrinka,R,0,SUI,0.0,6-3  6-2 .,3,R32,74,7,2,38,64,30,16,9,5,5,6,0,32,54,22,8,8,3,6,0,0,0,0
2025-500,Halle,Grass,32,A,,18,lorenzo-sonego,,,Lorenzo Sonego,R,0,ITA,0.0,jan-lennard-struff,,WC,Jan-Lennard Struff,R,0,GER,0.0,6-3  6-2 .,3,R32,60,4,1,36,48,30,8,9,3,3,4,2,29,43,18,8,8,3,6,0,0,0,0
2025-414,Hamburg,Clay,32,A,,18,roberto-bautista agut,,,Roberto Bautista Agut,R,0,ESP,0.0,marcos-giron,,,Marcos Giron,R,0,USA,0.0,7-6(5) 6-0 .,3,R32,97,5,1,29,58,18,9,9,4,9,0,0,38,65,25,14,9,1,3,0,0,0,0
2025-336,Hong Kong,Hard,32,A,,18,kei-nishikori,,WC,Kei Nishikori,R,0,JPN,0.0,denis-shapovalov,,,Denis Shapovalov,R,0,CAN,0.0,6-2  6-3 .,3,R32,58,7,5,27,52,18,12,8,4,7,4,0,35,50,29,9,9,2,2,0,0,0,0
2025-717,Houston,Clay,32,A,,18,adam-walton,,,Adam Walton,R,0,AUS,0.0,michael-mmoh,,WC,Michael Mmoh,R,0,USA,0.0,6-3  7-6(5).,3,R32,104,5,4,37,61,22,7,10,0,5,8,5,45,71,35,6,11,4,8,0,0,0,0
2025-404,Indian Wells,Hard,32,A,,18,colton-smith,,WC,Colton Smith,R,0,USA,0.0,fabio-fognini,7,,Fabio Fognini,R,0,ITA,0.0,6-3  6-4 .,3,Unknown,85,0,10,27,62,17,15,9,4,8,4,2,41,56,29,9,10,2,4,0,0,0,0
2025-319,Kitzbuhel,Clay,32,A,,18,botic-van de zandschulp,,,Botic van de Zandschulp,R,0,NED,0.0,nicolas-jarry,,WC,Nicolas Jarry,R,0,CHI,0.0,6-4  4-6  6-3 .,3,R32,145,4,10,47,83,34,22,15,4,6,7,3,49,86,36,19,14,1,4,0,0,0,0
2025-311,London,Grass,32,A,,18,holger-rune,4,,Holger Rune,R,0,DEN,0.0,christopher-o'connell,,LL,Christopher O'Connell,R,0,AUS,0.0,6-3  6-4 .,3,R32,77,0,0,0,0,0,0,0,0,0,0,0,0,0,0,0,0,0,0,0,0,0,0
2025-7480,Los Cabos,Hard,32,A,,18,govind-nanda,,Q,Govind Nanda,R,0,USA,0.0,colton-smith,,,Colton Smith,R,0,USA,0.0,6-4  6-2 .,3,R32,87,3,5,36,67,22,13,9,5,9,1,1,43,56,31,8,9,5,6,0,0,0,0
2025-1536,Madrid,Clay,32,A,,18,borna-gojo,PR,,Borna Gojo,R,0,CRO,0.0,marton-fucsovics,7,,Marton Fucsovics,R,0,HUN,0.0,2-6  6-3  6-2 .,3,Unknown,103,3,2,43,70,35,9,12,2,5,8,2,51,80,40,12,13,2,4,0,0,0,0
2025-8994,Mallorca,Grass,32,A,,18,corentin-moutet,,,Corentin Moutet,R,0,FRA,0.0,pedro-martinez,,,Pedro Martinez,R,0,ESP,0.0,4-6  6-3  6-0 .,3,R32,157,0,4,54,81,34,10,12,9,14,4,4,62,94,46,14,13,8,10,0,0,0,0
2025-360,Marrakech,Clay,32,A,,18,hugo-gaston,,,Hugo Gaston,R,0,FRA,0.0,juan manuel-cerundolo,,Q,Juan Manuel Cerundolo,R,0,ARG,0.0,5-7  6-3  6-4 .,3,R32,138,6,4,60,108,34,24,15,11,17,5,4,49,95,34,21,16,3,8,0,0,0,0
2025-496,Marseille,Hard,32,A,,18,jan-lennard-struff,,,Jan-Lennard Struff,R,0,GER,0.0,manuel-guinard,,LL,Manuel Guinard,R,0,FRA,0.0,7-5  7-6(4).,3,R32,117,18,5,54,86,38,16,12,2,5,7,10,47,97,34,20,12,8,12,0,0,0,0
2025-403,Miami,Hard,32,A,,18,hugo-gaston,7,,Hugo Gaston,R,0,FRA,0.0,hady-habib,,,Hady Habib,R,0,LBN,0.0,6-2  6-4 .,3,Unknown,62,2,3,31,53,27,9,9,4,5,6,6,40,61,27,5,9,7,11,0,0,0,0
2025-410,Monte Carlo,Clay,32,A,,18,yunchaokete-bu,8,,Yunchaokete Bu,R,0,CHN,0.0,albert-ramos-vinolas,,WC,Albert Ramos-Vinolas,R,0,ESP,0.0,6-4  6-4 .,3,Unknown,88,2,2,39,53,25,7,10,4,7,8,2,27,50,23,14,10,0,1,0,0,0,0
2025-375,Montpellier,Clay,32,A,,18,christopher-eubanks,,,Christopher Eubanks,R,0,USA,0.0,alibek-kachmazov,,Q,Alibek Kachmazov,R,0,RUS,0.0,7-5  6-4 .,3,R32,80,0,0,0,0,0,0,0,0,0,0,0,0,0,0,0,0,0,0,0,0,0,0
2025-308,Munich,Clay,32,A,,18,alexander-zverev,1,,Alexander Zverev,R,0,GER,0.0,alexandre-muller,,,Alexandre Muller,R,0,FRA,0.0,6-4  6-1 .,3,R32,80,4,2,20,42,15,13,8,0,1,1,1,52,72,28,6,9,6,11,0,0,0,0
2025-6932,Rio De Janeiro,Clay,32,A,,18,chun-hsin-tseng,,Q,Chun-Hsin Tseng,R,0,TPE,0.0,alejandro-tabilo,3,,Alejandro Tabilo,R,0,CHI,0.0,6-2  7-5 .,3,R32,96,6,2,39,64,29,13,10,7,9,0,4,37,72,22,13,10,8,13,0,0,0,0
2025-416,Rome,Clay,32,A,,18,vit-kopriva,7,,Vit Kopriva,R,0,CZE,0.0,dalibor-svrcina,,,Dalibor Svrcina,R,0,CZE,0.0,6-2  5-7  6-2 .,3,Unknown,151,0,4,59,94,36,13,14,3,9,3,5,57,85,28,10,14,4,13,0,0,0,0
2025-407,Rotterdam,Hard,32,A,,18,pedro-martinez,,,Pedro Martinez,R,0,ESP,0.0,roberto-bautista agut,,,Roberto Bautista Agut,R,0,ESP,0.0,6-3  6-2 .,3,R32,101,0,2,30,52,18,16,8,5,6,1,2,38,66,21,11,9,8,13,0,0,0,0
2025-440,S Hertogenbosch,Grass,32,A,,18,reilly-opelka,,LL,Reilly Opelka,R,0,USA,0.0,jesper-de jong,,WC,Jesper de Jong,R,0,NED,0.0,6-7(5) 7-6(5) 6-2 .,3,R32,163,19,3,63,107,48,28,16,9,10,5,6,71,120,52,25,16,6,9,0,0,0,0
2025-8996,Santiago,Clay,32,A,,18,damir-dzumhur,,,Damir Dzumhur,R,0,BIH,0.0,corentin-moutet,,,Corentin Moutet,R,0,FRA,0.0,6-2  3-6  6-2 .,3,R32,139,2,3,51,76,29,16,13,6,11,0,4,65,86,43,10,12,5,7,0,0,0,0
2025-321,Stuttgart,Clay,32,A,,18,corentin-moutet,,,Corentin Moutet,R,0,FRA,0.0,fabio-fognini,,WC,Fabio Fognini,R,0,ITA,0.0,6-4 6-7(3) 6-3 .,3,R32,131,1,6,48,87,36,22,15,1,4,4,3,51,101,43,25,16,3,4,0,0,0,0
2025-421,Toronto,Hard,32,A,,18,learner-tien,,,Learner Tien,R,0,USA,0.0,colton-smith,,Q,Colton Smith,R,0,USA,0.0,6-4  7-5 .,3,R128,91,7,2,42,69,29,11,11,4,7,2,6,31,68,25,22,11,4,5,0,0,0,0
2025-439,Umag,Clay,32,A,,18,titouan-droguet,,Q,Titouan Droguet,R,0,FRA,0.0,cristian-garin,,,Cristian Garin,R,0,CHI,0.0,6-3  6-3 .,3,R32,72,4,1,36,56,29,12,9,3,3,5,1,33,46,23,6,9,4,7,0,0,0,0
2025-418,Washington,Clay,32,A,,18,yibing-wu,,,Yibing Wu,R,0,CHN,0.0,corentin-moutet,1,,Corentin Moutet,R,0,FRA,0.0,4-6  6-4  6-4 .,3,Unknown,167,4,8,61,115,37,24,15,10,16,2,4,58,92,37,18,15,9,14,0,0,0,0
2025-422,Cincinnati,Hard,32,A,,18,luca-nardi,6,,Luca Nardi,R,0,ITA,0.0,aidan-mayo,,WC,Aidan Mayo,R,0,USA,0.0,6-3  6-2 .,3,Unknown,88,5,3,44,64,33,8,9,3,4,5,4,33,61,20,11,8,8,12,0,0,0,0
2025-9900,Perth Sydney,Hard,32,A,,18,flavio-cobolli,4,,Flavio Cobolli,R,0,ITA,0.0,dominic-stricker,16,,Dominic Stricker,R,0,SUI,0.0,6-3  7-6(2).,3,Unknown,89,5,3,54,36,75,71,10,100,5,6,0,73,45,73,41,11,0,0,0,0,0,0
2025-807,Acapulco,Hard,32,A,,17,tomas-machac,8,,Tomas Machac,R,0,CZE,0.0,jakub-mensik,,,Jakub Mensik,R,0,CZE,0.0,6-4  2-6  6-3 .,3,R32,134,12,9,42,89,29,18,14,6,11,2,4,49,82,34,15,13,3,7,0,0,0,0
2025-8998,Adelaide,Hard,32,A,,17,li-tu,,WC,Li Tu,R,0,AUS,0.0,james-duckworth,,Q,James Duckworth,R,0,AUS,0.0,6-1  7-5 .,3,R32,73,1,3,35,53,24,8,10,2,6,6,2,35,59,29,13,9,5,5,0,0,0,0
2025-301,Auckland,Hard,32,A,,17,jan-lennard-struff,,,Jan-Lennard Struff,R,0,GER,0.0,yunchaokete-bu,,,Yunchaokete Bu,R,0,CHN,0.0,6-3  6-4 .,3,R32,81,13,1,31,50,26,12,10,0,1,6,1,45,73,29,11,9,8,11,0,0,0,0
2025-425,Barcelona,Clay,32,A,,17,hamad-medjedovic,6,,Hamad Medjedovic,R,0,SRB,0.0,gabriel-diallo,11,,Gabriel Diallo,R,0,CAN,0.0,6-4  6-4 .,3,Unknown,82,5,2,43,66,33,12,10,3,3,7,0,42,53,31,7,10,1,3,0,0,0,0
2025-316,Bastad,Clay,32,A,,17,andrea-pellegrino,,Q,Andrea Pellegrino,R,0,ITA,0.0,jaime-faria,,,Jaime Faria,R,0,POR,0.0,2-6  6-3  6-3 .,3,R32,106,3,1,59,87,39,15,13,8,11,4,5,46,81,29,18,13,3,7,0,0,0,0
2025-339,Brisbane,Hard,32,A,,17,benjamin-bonzi,2,,Benjamin Bonzi,R,0,FRA,0.0,adrian-andreev,,,Adrian Andreev,R,0,BUL,0.0,3-1 RET.,3,Unknown,20,1,2,5,11,5,4,2,0,0,1,0,7,18,4,5,2,1,2,0,0,0,0
2025-4462,Bucharest,Clay,32,A,,17,christopher-o'connell,,,Christopher O'Connell,R,0,AUS,0.0,dusan-lajovic,,,Dusan Lajovic,R,0,SRB,0.0,6-4  6-3 .,3,R32,101,0,0,43,71,25,11,9,7,11,4,0,38,65,22,18,10,6,8,0,0,0,0
2025-506,Buenos Aires,Clay,32,A,,17,pedro-martinez,,,Pedro Martinez,R,0,ESP,0.0,damir-dzumhur,,,Damir Dzumhur,R,0,BIH,0.0,0-6  6-2  7-6(3).,3,R32,180,2,1,77,104,44,11,13,9,14,1,3,84,112,47,12,13,12,18,0,0,0,0
2025-424,Dallas,Hard,32,A,,17,frances-tiafoe,5,,Frances Tiafoe,R,0,USA,0.0,taro-daniel,,,Taro Daniel,R,0,JPN,0.0,6-1  3-6  6-4 .,3,R32,104,8,3,43,77,32,19,13,3,5,4,3,47,75,36,9,13,4,8,0,0,0,0
2025-499,Delray Beach,Clay,32,A,,17,brandon-nakashima,6,,Brandon Nakashima,R,0,USA,0.0,james-trotter,,Q,James Trotter,R,0,JPN,0.0,7-6(2) 6-1 .,3,R32,98,4,1,48,79,28,18,9,6,8,5,0,38,57,33,13,10,0,0,0,0,0,0
2025-451,Doha,Hard,32,A,,17,carlos-alcaraz,1,,Carlos Alcaraz,R,0,ESP,0.0,marin-cilic,PR,,Marin Cilic,R,0,CRO,0.0,6-4  6-4 .,3,R32,99,4,2,37,59,26,15,10,5,6,3,5,49,75,34,9,10,7,10,0,0,0,0
2025-495,Dubai,Hard,32,A,,17,roberto-bautista agut,,,Roberto Bautista Agut,R,0,ESP,0.0,fabian-marozsan,,,Fabian Marozsan,R,0,HUN,0.0,3-6  6-3  7-6(4).,3,R32,156,9,3,49,97,39,24,15,1,3,10,3,87,116,62,10,15,8,10,0,0,0,0
2025-741,Eastbourne,Hard,32,A,,17,alejandro-davidovich fokina,6,,Alejandro Davidovich Fokina,R,0,ESP,0.0,chun-hsin-tseng,,LL,Chun-Hsin Tseng,R,0,TPE,0.0,7-6(6) 6-2 .,3,R32,93,3,4,48,79,31,17,10,7,9,2,3,40,60,35,13,10,2,2,0,0,0,0
2025-322,Geneva,Hard,32,A,,17,kei-nishikori,,,Kei Nishikori,R,0,JPN,0.0,learner-tien,,,Learner Tien,R,0,USA,0.0,4-6  6-4  6-4 .,3,R32,126,3,3,59,98,44,20,15,11,13,6,3,61,96,38,19,15,6,9,0,0,0,0
2025-314,Gstaad,Clay,32,A,,17,ignacio-buse,,Q,Ignacio Buse,R,0,PER,0.0,laslo-djere,5,,Laslo Djere,R,0,SRB,0.0,7-6(4) 1-6  6-4 .,3,R32,142,5,1,55,94,41,20,15,3,6,9,2,55,83,42,15,14,1,2,0,0,0,0
2025-500,Halle,Grass,32,A,,17,daniil-medvedev,3,,Daniil Medvedev,R,0,RUS,0.0,daniel-altmaier,,WC,Daniel Altmaier,R,0,GER,0.0,6-3  6-3 .,3,R32,63,0,0,0,0,0,0,0,0,0,0,0,0,0,0,0,0,0,0,0,0,0,0
2025-414,Hamburg,Clay,32,A,,17,justin-engel,,WC,Justin Engel,R,0,GER,0.0,jan-lennard-struff,,WC,Jan-Lennard Struff,R,0,GER,0.0,7-6(4) 7-6(4).,3,R32,100,3,1,40,70,33,19,12,1,2,11,5,53,87,43,17,12,3,4,0,0,0,0
2025-336,Hong Kong,Hard,32,A,,17,juncheng-shang,,,Juncheng Shang,R,0,CHN,0.0,coleman-wong,,WC,Coleman Wong,R,0,HKG,0.0,7-6(3) 6-4 .,3,R32,89,4,1,33,59,29,20,11,0,0,17,1,52,76,41,9,11,6,7,0,0,0,0
2025-717,Houston,Clay,32,A,,17,alex-michelsen,5,,Alex Michelsen,R,0,USA,0.0,learner-tien,,,Learner Tien,R,0,USA,0.0,6-4  6-2 .,3,R32,70,7,3,30,45,26,8,9,0,1,1,2,37,57,25,6,9,4,8,0,0,0,0
2025-404,Indian Wells,Hard,32,A,,17,james-duckworth,8,,James Duckworth,R,0,AUS,0.0,terence-atmane,,,Terence Atmane,R,0,FRA,0.0,7-6(5) 7-6(4).,3,Unknown,105,4,1,38,81,29,27,12,6,8,7,7,42,76,34,16,12,2,4,0,0,0,0
2025-319,Kitzbuhel,Clay,32,A,,17,arthur-rinderknech,6,,Arthur Rinderknech,R,0,FRA,0.0,facundo-bagnis,,Q,Facundo Bagnis,R,0,ARG,0.0,7-6(4) 4-6  6-3 .,3,R32,166,12,5,64,115,47,26,16,4,8,2,1,66,110,43,24,15,14,18,0,0,0,0
2025-311,London,Grass,32,A,,17,daniel-evans,,WC,Daniel Evans,R,0,GBR,0.0,frances-tiafoe,7,,Frances Tiafoe,R,0,USA,0.0,7-5  6-2 .,3,R32,94,0,0,0,0,0,0,0,0,0,0,0,0,0,0,0,0,0,0,0,0,0,0
2025-7480,Los Cabos,Hard,32,A,,17,tristan-schoolkate,,,Tristan Schoolkate,R,0,AUS,0.0,yibing-wu,,Q,Yibing Wu,R,0,CHN,0.0,4-6  6-4  6-1 .,3,R32,121,4,2,49,85,29,23,13,3,6,9,4,47,81,39,20,14,5,6,0,0,0,0
2025-1536,Madrid,Clay,32,A,,17,kamil-majchrzak,8,,Kamil Majchrzak,R,0,POL,0.0,darwin-blanch,,WC,Darwin Blanch,R,0,USA,0.0,6-1  6-4 .,3,Unknown,70,1,0,33,54,24,12,9,3,4,2,3,35,58,21,9,8,6,10,0,0,0,0
2025-8994,Mallorca,Grass,32,A,,17,ethan-quinn,,Q,Ethan Quinn,R,0,USA,0.0,camilo-ugo carabelli,,,Camilo Ugo Carabelli,R,0,ARG,0.0,6-3  6-2 .,3,R32,66,3,5,27,51,14,15,8,3,6,3,2,33,54,24,15,9,3,3,0,0,0,0
2025-360,Marrakech,Clay,32,A,,17,pierre-hugues-herbert,,Q,Pierre-Hugues Herbert,R,0,FRA,0.0,federico-coria,,Q,Federico Coria,R,0,ARG,0.0,4-6  6-3  6-2 .,3,R32,129,1,7,57,84,36,7,13,4,10,7,12,51,87,39,13,14,4,8,0,0,0,0
2025-496,Marseille,Hard,32,A,,17,luca-van assche,,LL,Luca Van Assche,R,0,FRA,0.0,benjamin-bonzi,,,Benjamin Bonzi,R,0,FRA,0.0,3-6  6-3  7-6(7).,3,R32,131,10,6,65,100,51,14,15,5,8,9,4,53,86,43,14,15,3,6,0,0,0,0
2025-403,Miami,Hard,32,A,,17,adam-walton,8,,Adam Walton,R,0,AUS,0.0,mikhail-kukushkin,,,Mikhail Kukushkin,R,0,KAZ,0.0,6-1  6-4 .,3,Unknown,69,9,0,26,38,24,9,8,0,0,5,1,46,64,27,8,9,11,15,0,0,0,0
2025-410,Monte Carlo,Clay,32,A,,17,fabian-marozsan,,,Fabian Marozsan,R,0,HUN,0.0,mattia-bellucci,9,,Mattia Bellucci,R,0,ITA,0.0,6-1  6-2 .,3,Unknown,70,4,0,28,44,20,13,8,1,1,5,1,40,60,22,8,7,3,7,0,0,0,0
2025-375,Montpellier,Clay,32,A,,17,richard-gasquet,,,Richard Gasquet,R,0,FRA,0.0,adrian-mannarino,,,Adrian Mannarino,R,0,FRA,0.0,6-3  6-2 .,3,R32,75,1,2,36,56,22,9,8,3,6,4,3,28,48,26,11,9,0,0,0,0,0,0
2025-308,Munich,Clay,32,A,,17,ben-shelton,2,,Ben Shelton,R,0,USA,0.0,borna-gojo,,Q,Borna Gojo,R,0,CRO,0.0,4-6  7-6(6) 7-6(3).,3,R32,144,14,1,68,97,57,20,17,3,3,9,5,62,114,48,36,17,9,10,0,0,0,0
2025-6932,Rio De Janeiro,Clay,32,A,,17,nicolas-jarry,6,,Nicolas Jarry,R,0,CHI,0.0,juan manuel-cerundolo,,Q,Juan Manuel Cerundolo,R,0,ARG,0.0,4-6  6-3  6-4 .,3,R32,145,4,7,64,100,44,18,14,9,12,12,3,59,92,43,19,15,3,5,0,0,0,0
2025-416,Rome,Clay,32,A,,17,pablo-carreno busta,8,,Pablo Carreno Busta,R,0,ESP,0.0,thiago agustin-tirante,,,Thiago Agustin Tirante,R,0,ARG,0.0,7-6(5) 2-1 RET.,3,Unknown,96,1,1,29,52,19,14,7,2,3,3,3,44,75,27,14,8,2,4,0,0,0,0
2025-407,Rotterdam,Hard,32,A,,17,jakub-mensik,,,Jakub Mensik,R,0,CZE,0.0,alexander-bublik,,,Alexander Bublik,R,0,KAZ,0.0,6-4  6-4 .,3,R32,59,5,2,32,58,27,10,10,4,7,10,3,33,50,29,10,10,0,1,0,0,0,0
2025-440,S Hertogenbosch,Grass,32,A,,17,otto-virtanen,,WC,Otto Virtanen,R,0,FIN,0.0,tomas martin-etcheverry,,,Tomas Martin Etcheverry,R,0,ARG,0.0,7-6(6) 7-5 .,3,R32,143,7,3,45,77,35,14,12,1,4,4,2,75,103,44,13,12,14,18,0,0,0,0
2025-8996,Santiago,Clay,32,A,,17,thiago-monteiro,,,Thiago Monteiro,R,0,BRA,0.0,juan manuel-cerundolo,,Q,Juan Manuel Cerundolo,R,0,ARG,0.0,6-3  3-6  7-6(2).,3,R32,171,10,6,50,98,38,22,15,9,13,3,9,63,100,42,17,15,6,10,0,0,0,0
2025-321,Stuttgart,Clay,32,A,,17,learner-tien,,,Learner Tien,R,0,USA,0.0,yoshihito-nishioka,,,Yoshihito Nishioka,R,0,JPN,0.0,7-6(3) 7-6(3) 0-0 RET.,3,R32,105,9,7,48,80,41,12,12,1,2,2,3,47,77,37,17,12,1,2,0,0,0,0
2025-421,Toronto,Hard,32,A,,17,adam-walton,,,Adam Walton,R,0,AUS,0.0,benjamin-bonzi,,,Benjamin Bonzi,R,0,FRA,0.0,4-6  6-0  6-3 .,3,R128,117,14,4,48,94,34,28,13,9,10,4,5,45,81,34,11,12,4,8,0,0,0,0
2025-439,Umag,Clay,32,A,,17,carlos-taberner,,,Carlos Taberner,R,0,ESP,0.0,pierre-hugues-herbert,,,Pierre-Hugues Herbert,R,0,FRA,0.0,6-4  7-6(1).,3,R32,115,1,1,44,57,37,8,11,0,1,6,4,57,85,38,12,11,5,7,0,0,0,0
2025-418,Washington,Clay,32,A,,17,murphy-cassone,11,,Murphy Cassone,R,0,USA,0.0,rinky-hijikata,2,,Rinky Hijikata,R,0,AUS,0.0,7-6(4) 1-2 RET.,3,Unknown,59,4,5,33,58,25,12,8,3,4,7,1,26,39,19,8,7,0,1,0,0,0,0
2025-422,Cincinnati,Hard,32,A,,17,aleksandar-vukic,7,,Aleksandar Vukic,R,0,AUS,0.0,murphy-cassone,,WC,Murphy Cassone,R,0,USA,0.0,7-5 6-7(3) 7-6(4).,3,Unknown,161,15,4,65,115,54,29,18,6,7,9,4,75,120,55,28,18,2,4,0,0,0,0
2025-807,Acapulco,Hard,32,A,,16,daniel-altmaier,,WC,Daniel Altmaier,R,0,GER,0.0,miomir-kecmanovic,,,Miomir Kecmanovic,R,0,SRB,0.0,4-6  6-4  6-3 .,3,R32,131,15,1,60,90,40,14,15,3,7,4,0,48,79,34,12,14,2,7,0,0,0,0
2025-8998,Adelaide,Hard,32,A,,16,denis-shapovalov,,,Denis Shapovalov,R,0,CAN,0.0,zhizhen-zhang,9,,Zhizhen Zhang,R,0,CHN,0.0,6-3  6-4 .,3,R32,67,9,4,32,54,31,12,10,0,0,4,2,30,53,21,14,9,3,5,0,0,0,0
2025-301,Auckland,Hard,32,A,,16,nuno-borges,7,,Nuno Borges,R,0,POR,0.0,luciano-darderi,,,Luciano Darderi,R,0,ITA,0.0,5-7  6-3  7-5 .,3,R32,122,8,5,55,97,36,24,17,2,7,1,1,59,86,41,18,16,2,5,0,0,0,0
2025-425,Barcelona,Clay,32,A,,16,daniel elahi-galan,,,Daniel Elahi Galan,R,0,COL,0.0,jacob-fearnley,7,,Jacob Fearnley,R,0,GBR,0.0,7-5  6-4 .,3,Unknown,100,2,3,37,57,32,10,11,1,2,1,6,45,80,30,16,11,7,10,0,0,0,0
2025-316,Bastad,Clay,32,A,,16,botic-van de zandschulp,,,Botic van de Zandschulp,R,0,NED,0.0,mikael-ymer,,WC,Mikael Ymer,R,0,SWE,0.0,6-4  6-1 .,3,R32,77,2,1,29,49,17,6,9,5,10,0,3,29,45,23,9,8,1,2,0,0,0,0
2025-339,Brisbane,Hard,32,A,,16,federico agustin-gomez,11,,Federico Agustin Gomez,R,0,ARG,0.0,dusan-lajovic,3,,Dusan Lajovic,R,0,SRB,0.0,6-1  7-6(4).,3,Unknown,69,3,1,45,55,29,6,9,1,3,9,2,40,60,34,14,10,3,3,0,0,0,0
2025-4462,Bucharest,Clay,32,A,,16,stan-wawrinka,,WC,Stan Wawrinka,R,0,SUI,0.0,timofey-skatov,,Q,Timofey Skatov,R,0,KAZ,0.0,6-4 6-7(5) 7-6(1).,3,R32,198,7,1,83,130,56,21,17,11,15,1,4,80,120,51,20,17,11,16,0,0,0,0
2025-506,Buenos Aires,Clay,32,A,,16,laslo-djere,,Q,Laslo Djere,R,0,SRB,0.0,alexandre-muller,,,Alexandre Muller,R,0,FRA,0.0,6-3  6-3 .,3,R32,75,2,0,34,53,23,8,9,2,5,8,1,28,46,27,10,9,1,1,0,0,0,0
2025-424,Dallas,Hard,32,A,,16,matteo-arnaldi,8,,Matteo Arnaldi,R,0,ITA,0.0,christopher-eubanks,,Q,Christopher Eubanks,R,0,USA,0.0,6-3  6-4 .,3,R32,79,5,4,38,62,29,15,10,2,2,7,1,42,55,32,4,9,2,4,0,0,0,0
2025-499,Delray Beach,Clay,32,A,,16,miomir-kecmanovic,7,,Miomir Kecmanovic,R,0,SRB,0.0,borna-gojo,,,Borna Gojo,R,0,CRO,0.0,6-4  6-4 .,3,R32,70,3,0,37,51,32,5,10,0,1,11,2,39,58,27,9,10,2,5,0,0,0,0
2025-451,Doha,Hard,32,A,,16,jiri-lehecka,,,Jiri Lehecka,R,0,CZE,0.0,grigor-dimitrov,7,,Grigor Dimitrov,R,0,BUL,0.0,6-4  6-4 .,3,R32,75,8,0,40,54,35,6,10,2,2,11,1,30,55,23,12,10,1,3,0,0,0,0
2025-495,Dubai,Hard,32,A,,16,zizou-bergs,,,Zizou Bergs,R,0,BEL,0.0,aziz-dougaz,,WC,Aziz Dougaz,R,0,TUN,0.0,6-3  6-3 .,3,R32,74,3,1,28,46,18,5,9,1,5,1,0,27,50,20,16,9,0,1,0,0,0,0
2025-741,Eastbourne,Hard,32,A,,16,mattia-bellucci,,Q,Mattia Bellucci,R,0,ITA,0.0,quentin-halys,,,Quentin Halys,R,0,FRA,0.0,6-4  6-2 .,3,R32,68,1,2,28,49,23,16,9,1,1,5,3,30,49,22,7,9,1,4,0,0,0,0
2025-322,Geneva,Hard,32,A,,16,cameron-norrie,,Q,Cameron Norrie,R,0,GBR,0.0,dominic-stricker,,WC,Dominic Stricker,R,0,SUI,0.0,7-6(2) 6-3 .,3,R32,95,1,2,43,72,22,19,10,6,9,8,1,40,72,27,11,11,1,6,0,0,0,0
2025-314,Gstaad,Clay,32,A,,16,roman andres-burruchaga,,,Roman Andres Burruchaga,R,0,ARG,0.0,dalibor-svrcina,,,Dalibor Svrcina,R,0,CZE,0.0,6-3  6-1 .,3,R32,63,0,0,38,46,28,5,8,3,4,0,2,28,45,14,7,8,0,5,0,0,0,0
2025-500,Halle,Grass,32,A,,16,alexander-bublik,,,Alexander Bublik,R,0,KAZ,0.0,alexandre-muller,,,Alexandre Muller,R,0,FRA,0.0,6-4  6-4 .,3,R32,60,0,0,0,0,0,0,0,0,0,0,0,0,0,0,0,0,0,0,0,0,0,0
2025-414,Hamburg,Clay,32,A,,16,jiri-lehecka,,,Jiri Lehecka,R,0,CZE,0.0,borna-gojo,,Q,Borna Gojo,R,0,CRO,0.0,6-4  3-6  6-2 .,3,R32,115,5,1,57,88,39,12,14,3,7,4,1,50,74,36,15,13,3,5,0,0,0,0
2025-336,Hong Kong,Hard,32,A,,16,lorenzo-sonego,,,Lorenzo Sonego,R,0,ITA,0.0,brandon-nakashima,6,,Brandon Nakashima,R,0,USA,0.0,7-6(4) 6-3 .,3,R32,90,5,1,38,61,34,17,11,0,0,6,0,39,56,33,10,10,1,2,0,0,0,0
2025-717,Houston,Clay,32,A,,16,aleksandar-kovacevic,,,Aleksandar Kovacevic,R,0,USA,0.0,tomas martin-etcheverry,7,,Tomas Martin Etcheverry,R,0,ARG,0.0,6-3  6-4 .,3,R32,98,3,4,31,65,26,20,10,4,4,7,0,28,52,24,11,9,5,7,0,0,0,0
2025-404,Indian Wells,Hard,32,A,,16,adam-walton,9,,Adam Walton,R,0,AUS,0.0,constant-lestienne,,,Constant Lestienne,R,0,FRA,0.0,7-5  6-4 .,3,Unknown,106,6,6,50,76,33,13,11,7,10,2,2,37,70,24,14,11,5,10,0,0,0,0
2025-319,Kitzbuhel,Clay,32,A,,16,francisco-comesana,7,,Francisco Comesana,R,0,ARG,0.0,tristan-boyer,,,Tristan Boyer,R,0,USA,0.0,6-3  7-6(1).,3,R32,98,4,1,45,67,36,12,11,1,2,2,3,35,61,26,12,10,1,3,0,0,0,0
2025-311,London,Grass,32,A,,16,jakub-mensik,8,,Jakub Mensik,R,0,CZE,0.0,cameron-norrie,,WC,Cameron Norrie,R,0,GBR,0.0,7-6(6) 1-6  6-1 .,3,R32,120,0,0,0,0,0,0,0,0,0,0,0,0,0,0,0,0,0,0,0,0,0,0
2025-7480,Los Cabos,Hard,32,A,,16,aleksandar-kovacevic,7,,Aleksandar Kovacevic,R,0,USA,0.0,hady-habib,,,Hady Habib,R,0,LBN,0.0,6-1  3-6  6-3 .,3,R32,108,5,6,40,81,30,17,12,8,12,10,3,39,71,31,20,13,3,5,0,0,0,0
2025-1536,Madrid,Clay,32,A,,16,thiago-monteiro,9,,Thiago Monteiro,R,0,BRA,0.0,mitchell-krueger,,,Mitchell Krueger,R,0,USA,0.0,7-5  6-3 .,3,Unknown,92,8,2,26,52,23,17,10,2,3,2,2,48,72,29,12,11,2,6,0,0,0,0
2025-8994,Mallorca,Grass,32,A,,16,arthur-rinderknech,,,Arthur Rinderknech,R,0,FRA,0.0,damir-dzumhur,,,Damir Dzumhur,R,0,BIH,0.0,6-4  4-6  7-5 .,3,R32,151,8,6,55,100,39,27,16,5,8,9,9,49,94,41,23,16,4,6,0,0,0,0
2025-360,Marrakech,Clay,32,A,,16,otto-virtanen,,,Otto Virtanen,R,0,FIN,0.0,daniel-altmaier,,,Daniel Altmaier,R,0,GER,0.0,6-2  4-6  7-6(3).,3,R32,149,4,5,67,112,45,22,15,8,11,5,6,56,94,40,23,15,1,3,0,0,0,0
2025-496,Marseille,Hard,32,A,,16,zhizhen-zhang,,,Zhizhen Zhang,R,0,CHN,0.0,quentin-halys,,,Quentin Halys,R,0,FRA,0.0,6-3 6-7(2) 7-6(3).,3,R32,139,10,4,66,102,51,25,16,2,2,22,7,58,110,50,24,17,2,4,0,0,0,0
2025-403,Miami,Hard,32,A,,16,james-duckworth,9,,James Duckworth,R,0,AUS,0.0,federico agustin-gomez,,,Federico Agustin Gomez,R,0,ARG,0.0,7-5  7-5 .,3,Unknown,107,0,3,37,72,29,19,12,5,7,8,4,47,85,28,19,12,7,11,0,0,0,0
2025-410,Monte Carlo,Clay,32,A,,16,daniel-altmaier,,,Daniel Altmaier,R,0,GER,0.0,pierre-hugues-herbert,,WC,Pierre-Hugues Herbert,R,0,FRA,0.0,7-6(3) 6-3 .,3,Unknown,107,3,2,38,71,29,23,11,5,6,3,9,47,75,35,11,10,4,6,0,0,0,0
2025-375,Montpellier,Clay,32,A,,16,constant-lestienne,,Q,Constant Lestienne,R,0,FRA,0.0,borna-coric,,,Borna Coric,R,0,CRO,0.0,6-3  7-5 .,3,R32,98,7,0,41,61,29,8,10,2,5,2,2,42,62,33,10,11,1,2,0,0,0,0
2025-308,Munich,Clay,32,A,,16,daniel-altmaier,,WC,Daniel Altmaier,R,0,GER,0.0,chun-hsin-tseng,,Q,Chun-Hsin Tseng,R,0,TPE,0.0,7-6(5) 7-6(5).,3,R32,135,1,1,49,78,33,15,12,0,3,8,0,50,89,42,14,12,8,11,0,0,0,0
2025-6932,Rio De Janeiro,Clay,32,A,,16,francisco-comesana,,,Francisco Comesana,R,0,ARG,0.0,gustavo-heide,,WC,Gustavo Heide,R,0,BRA,0.0,7-6(2) 6-7(7) 6-3 .,3,R32,201,10,12,78,139,57,29,16,16,18,16,4,66,106,57,21,17,6,7,0,0,0,0
2025-416,Rome,Clay,32,A,,16,chun-hsin-tseng,9,,Chun-Hsin Tseng,R,0,TPE,0.0,gabriele-piraino,,WC,Gabriele Piraino,R,0,ITA,0.0,6-2  6-4 .,3,Unknown,85,3,0,26,56,18,18,9,3,4,1,0,36,57,20,9,9,3,7,0,0,0,0
2025-407,Rotterdam,Hard,32,A,,16,daniil-medvedev,2,,Daniil Medvedev,R,0,RUS,0.0,stan-wawrinka,,WC,Stan Wawrinka,R,0,SUI,0.0,6-7(8) 6-4  6-1 .,3,R32,147,4,4,55,106,39,17,15,5,11,7,6,57,88,42,15,14,5,7,0,0,0,0
2025-440,S Hertogenbosch,Grass,32,A,,16,jordan-thompson,6,,Jordan Thompson,R,0,AUS,0.0,aleksandar-kovacevic,,,Aleksandar Kovacevic,R,0,USA,0.0,6-4  6-4 .,3,R32,80,7,0,24,46,22,18,10,0,0,6,0,37,63,27,14,10,6,8,0,0,0,0
2025-8996,Santiago,Clay,32,A,,16,laslo-djere,,,Laslo Djere,R,0,SRB,0.0,ignacio-buse,,WC,Ignacio Buse,R,0,PER,0.0,6-3  6-4 .,3,R32,114,1,4,49,87,30,16,10,8,12,5,3,42,66,31,11,9,2,3,0,0,0,0
2025-321,Stuttgart,Clay,32,A,,16,brandon-nakashima,6,,Brandon Nakashima,R,0,USA,0.0,jacob-fearnley,,,Jacob Fearnley,R,0,GBR,0.0,4-6  7-6(4) 6-1 .,3,R32,113,9,6,49,86,36,17,15,4,8,12,1,65,85,50,8,14,1,3,0,0,0,0
2025-421,Toronto,Hard,32,A,,16,adrian-mannarino,1,,Adrian Mannarino,R,0,FRA,0.0,juan carlos-aguilar,28/WC,,Juan Carlos Aguilar,R,0,CAN,0.0,6-3  6-1 .,3,Unknown,85,4,2,22,46,18,13,8,1,2,0,5,46,67,22,8,8,6,11,0,0,0,0
2025-439,Umag,Clay,32,A,,16,chun-hsin-tseng,,,Chun-Hsin Tseng,R,0,TPE,0.0,giulio-zeppieri,,Q,Giulio Zeppieri,R,0,ITA,0.0,7-5  6-4 .,3,R32,99,3,2,40,69,27,19,11,6,8,2,5,44,69,28,10,11,4,8,0,0,0,0
2025-418,Washington,Clay,32,A,,16,colton-smith,4,,Colton Smith,R,0,USA,0.0,tyler-zink,,,Tyler Zink,R,0,USA,0.0,4-6  6-4  6-3 .,3,Unknown,143,7,4,55,100,33,28,14,11,14,7,4,53,92,35,18,15,2,7,0,0,0,0
2025-422,Cincinnati,Hard,32,A,,16,alexander-shevchenko,8,,Alexander Shevchenko,R,0,KAZ,0.0,tyler-zink,,WC,Tyler Zink,R,0,USA,0.0,7-6(2) 6-7(8) 6-3 .,3,Unknown,155,15,9,60,114,47,30,16,6,7,8,4,63,111,45,25,17,2,5,0,0,0,0
2025-807,Acapulco,Hard,32,A,,15,marcos-giron,,,Marcos Giron,R,0,USA,0.0,adam-walton,,Q,Adam Walton,R,0,AUS,0.0,7-6(4) 6-2 .,3,R32,94,12,1,37,55,30,12,10,1,2,3,0,51,69,31,8,10,4,7,0,0,0,0
2025-8998,Adelaide,Hard,32,A,,15,alejandro-davidovich fokina,,,Alejandro Davidovich Fokina,R,0,ESP,0.0,roberto-bautista agut,,,Roberto Bautista Agut,R,0,ESP,0.0,7-5  6-2 .,3,R32,103,1,5,44,70,28,11,10,5,9,5,3,44,74,32,15,10,1,2,0,0,0,0
2025-301,Auckland,Hard,32,A,,15,alex-michelsen,8,,Alex Michelsen,R,0,USA,0.0,sumit-nagal,,Q,Sumit Nagal,R,0,IND,0.0,6-7(8) 6-4  6-2 .,3,R32,160,6,2,73,104,53,13,15,7,10,0,3,78,111,48,11,15,7,13,0,0,0,0
2025-425,Barcelona,Clay,32,A,,15,jesper-de jong,,,Jesper de Jong,R,0,NED,0.0,arthur-rinderknech,8,,Arthur Rinderknech,R,0,FRA,0.0,6-3  7-5 .,3,Unknown,91,7,2,37,65,29,19,11,1,1,1,0,48,62,30,8,10,3,5,0,0,0,0
2025-316,Bastad,Clay,32,A,,15,elias-ymer,,WC,Elias Ymer,R,0,SWE,0.0,tristan-boyer,,,Tristan Boyer,R,0,USA,0.0,6-3  3-6  6-2 .,3,R32,134,2,1,51,72,39,11,13,5,7,3,0,48,77,28,17,13,2,6,0,0,0,0
2025-339,Brisbane,Hard,32,A,,15,yannick-hanfmann,5,,Yannick Hanfmann,R,0,GER,0.0,richard-gasquet,9,,Richard Gasquet,R,0,FRA,0.0,7-6(4) 6-3 .,3,Unknown,97,6,0,53,72,41,8,11,4,5,7,2,45,72,31,12,10,5,7,0,0,0,0
2025-4462,Bucharest,Clay,32,A,,15,mariano-navone,7,,Mariano Navone,R,0,ARG,0.0,laslo-djere,,,Laslo Djere,R,0,SRB,0.0,6-1  4-6  6-2 .,3,R32,118,0,3,47,78,30,14,12,2,6,1,1,55,72,40,11,13,0,1,0,0,0,0
2025-506,Buenos Aires,Clay,32,A,,15,dusan-lajovic,,,Dusan Lajovic,R,0,SRB,0.0,roberto-carballes baena,,,Roberto Carballes Baena,R,0,ESP,0.0,7-6(8) 7-5 .,3,R32,141,6,2,48,86,29,15,12,4,9,7,1,44,81,30,19,12,1,5,0,0,0,0
2025-424,Dallas,Hard,32,A,,15,alejandro-davidovich fokina,,,Alejandro Davidovich Fokina,R,0,ESP,0.0,brandon-holt,,Q,Brandon Holt,R,0,USA,0.0,6-1  7-5 .,3,R32,81,6,0,43,61,32,12,10,3,3,4,1,40,58,25,7,9,3,6,0,0,0,0
2025-499,Delray Beach,Clay,32,A,,15,michael-mmoh,,Q,Michael Mmoh,R,0,USA,0.0,alexander-shevchenko,,,Alexander Shevchenko,R,0,KAZ,0.0,7-5  7-6(5).,3,R32,119,3,3,42,79,33,13,12,3,7,5,1,55,80,37,13,12,6,9,0,0,0,0
2025-451,Doha,Hard,32,A,,15,jack-draper,8,,Jack Draper,R,0,GBR,0.0,alexei-popyrin,,,Alexei Popyrin,R,0,AUS,0.0,6-2  7-6(4).,3,R32,84,4,1,41,60,27,13,10,2,4,8,0,45,63,34,12,10,1,1,0,0,0,0
2025-495,Dubai,Hard,32,A,,15,karen-khachanov,,,Karen Khachanov,R,0,RUS,0.0,daniel-evans,,WC,Daniel Evans,R,0,GBR,0.0,6-1  6-3 .,3,R32,80,0,4,28,50,19,4,8,5,10,0,1,27,49,20,15,8,3,4,0,0,0,0
2025-741,Eastbourne,Hard,32,A,,15,daniel-evans,,WC,Daniel Evans,R,0,GBR,0.0,miomir-kecmanovic,,,Miomir Kecmanovic,R,0,SRB,0.0,3-6  6-4  6-4 .,3,R32,129,6,3,63,95,46,13,15,4,8,5,3,55,78,37,11,14,4,8,0,0,0,0
2025-322,Geneva,Hard,32,A,,15,sebastian-ofner,,Q,Sebastian Ofner,R,0,AUT,0.0,ivan-gakhov,,Q,Ivan Gakhov,R,0,RUS,0.0,6-1  6-2 .,3,R32,53,6,0,17,39,15,15,7,2,2,3,2,32,51,18,7,8,2,7,0,0,0,0
2025-314,Gstaad,Clay,32,A,,15,arthur-cazaux,,,Arthur Cazaux,R,0,FRA,0.0,nikoloz-basilashvili,,,Nikoloz Basilashvili,R,0,GEO,0.0,4-6  7-5  7-6(5).,3,R32,169,16,2,72,115,52,27,17,4,5,12,9,64,123,46,35,17,7,8,0,0,0,0
2025-500,Halle,Grass,32,A,,15,quentin-halys,,,Quentin Halys,R,0,FRA,0.0,benjamin-bonzi,,Q,Benjamin Bonzi,R,0,FRA,0.0,6-4  6-4 .,3,R32,78,0,0,0,0,0,0,0,0,0,0,0,0,0,0,0,0,0,0,0,0,0,0
2025-414,Hamburg,Clay,32,A,,15,alexandre-muller,,,Alexandre Muller,R,0,FRA,0.0,elias-ymer,,Q,Elias Ymer,R,0,SWE,0.0,6-3  7-5 .,3,R32,114,3,3,42,67,26,8,10,5,10,2,1,61,86,34,15,11,12,15,0,0,0,0
2025-336,Hong Kong,Hard,32,A,,15,miomir-kecmanovic,,,Miomir Kecmanovic,R,0,SRB,0.0,luciano-darderi,8,,Luciano Darderi,R,0,ITA,0.0,6-3  6-3 .,3,R32,67,9,1,35,53,22,10,9,6,9,9,1,39,57,32,8,9,2,2,0,0,0,0
2025-717,Houston,Clay,32,A,,15,jenson-brooksby,,Q,Jenson Brooksby,R,0,USA,0.0,taro-daniel,,,Taro Daniel,R,0,JPN,0.0,6-4  6-4 .,3,R32,88,1,1,36,66,24,16,10,3,5,4,1,30,53,23,18,10,0,0,0,0,0,0
2025-404,Indian Wells,Hard,32,A,,15,giulio-zeppieri,PR,,Giulio Zeppieri,R,0,ITA,0.0,chun-hsin-tseng,10,,Chun-Hsin Tseng,R,0,TPE,0.0,6-2  6-1 .,3,Unknown,62,1,2,21,40,11,8,7,2,6,6,3,34,54,28,8,8,1,1,0,0,0,0
2025-319,Kitzbuhel,Clay,32,A,,15,marton-fucsovics,8,,Marton Fucsovics,R,0,HUN,0.0,joel-schwaerzler,,WC,Joel Schwaerzler,R,0,AUT,0.0,6-2  2-6  6-3 .,3,R32,107,6,3,55,81,39,9,13,7,11,5,2,41,70,32,16,12,5,7,0,0,0,0
2025-311,London,Grass,32,A,,15,roberto-bautista agut,,,Roberto Bautista Agut,R,0,ESP,0.0,nuno-borges,,,Nuno Borges,R,0,POR,0.0,6-7(6) 7-5  6-4 .,3,R32,151,0,0,0,0,0,0,0,0,0,0,0,0,0,0,0,0,0,0,0,0,0,0
2025-7480,Los Cabos,Hard,32,A,,15,juan pablo-ficovich,,,Juan Pablo Ficovich,R,0,ARG,0.0,alibek-kachmazov,,,Alibek Kachmazov,R,0,RUS,0.0,6-3  6-2 .,3,R32,72,2,8,16,42,10,15,8,1,4,2,2,31,49,26,12,9,1,1,0,0,0,0
2025-1536,Madrid,Clay,32,A,,15,tristan-boyer,,,Tristan Boyer,R,0,USA,0.0,jesper-de jong,10,,Jesper de Jong,R,0,NED,0.0,3-6  7-6(4) 6-4 .,3,Unknown,139,6,3,62,92,47,19,16,2,4,7,5,60,94,49,17,15,7,9,0,0,0,0
2025-8994,Mallorca,Grass,32,A,,15,learner-tien,,,Learner Tien,R,0,USA,0.0,justin-engel,,WC,Justin Engel,R,0,GER,0.0,6-4  6-4 .,3,R32,74,8,2,41,58,32,11,10,5,5,6,2,28,52,25,11,10,1,3,0,0,0,0
2025-360,Marrakech,Clay,32,A,,15,roberto-carballes baena,5,,Roberto Carballes Baena,R,0,ESP,0.0,taha-baadi,,WC,Taha Baadi,R,0,MAR,0.0,7-6(3) 6-3 .,3,R32,121,1,7,48,79,35,14,11,3,5,1,0,54,82,33,14,10,9,12,0,0,0,0
2025-496,Marseille,Hard,32,A,,15,otto-virtanen,,,Otto Virtanen,R,0,FIN,0.0,sebastian-korda,5,,Sebastian Korda,R,0,USA,0.0,6-7(3) 7-6(4) 6-4 .,3,R32,152,19,4,72,120,55,23,17,6,8,11,4,69,105,50,20,17,2,5,0,0,0,0
2025-403,Miami,Hard,32,A,,15,alexander-shevchenko,10,,Alexander Shevchenko,R,0,KAZ,0.0,lukas-klein,,,Lukas Klein,R,0,SVK,0.0,6-3  7-6(5).,3,Unknown,91,4,0,56,74,38,8,10,3,5,3,5,47,75,33,10,11,10,14,0,0,0,0
2025-410,Monte Carlo,Clay,32,A,,15,dusan-lajovic,,WC,Dusan Lajovic,R,0,SRB,0.0,laslo-djere,,,Laslo Djere,R,0,SRB,0.0,6-4  6-2 .,3,Unknown,92,4,6,49,78,30,10,9,7,11,0,1,40,60,30,11,9,5,6,0,0,0,0
2025-375,Montpellier,Clay,32,A,,15,yunchaokete-bu,8,,Yunchaokete Bu,R,0,CHN,0.0,daniel-altmaier,,,Daniel Altmaier,R,0,GER,0.0,7-6(1) 6-3 .,3,R32,103,4,0,38,61,31,16,10,2,2,6,1,56,79,35,12,11,2,4,0,0,0,0
2025-308,Munich,Clay,32,A,,15,david-goffin,,,David Goffin,R,0,BEL,0.0,billy-harris,,LL,Billy Harris,R,0,GBR,0.0,6-2 6-7(2) 6-4 .,3,R32,149,1,3,56,102,38,21,15,10,15,6,3,49,99,39,26,15,6,8,0,0,0,0
2025-6932,Rio De Janeiro,Clay,32,A,,15,thiago-monteiro,,WC,Thiago Monteiro,R,0,BRA,0.0,facundo-diaz acosta,,,Facundo Diaz Acosta,R,0,ARG,0.0,3-6  6-3  7-6(3).,3,R32,159,8,3,58,89,46,17,15,4,5,6,3,57,93,44,20,15,1,2,0,0,0,0
2025-416,Rome,Clay,32,A,,15,hugo-dellien,10,,Hugo Dellien,R,0,BOL,0.0,marc-andrea-huesler,,,Marc-Andrea Huesler,R,0,SUI,0.0,6-3 6-7(1) 6-3 .,3,Unknown,136,5,1,65,89,49,13,16,4,6,6,3,63,104,44,17,14,10,14,0,0,0,0
2025-407,Rotterdam,Hard,32,A,,15,stefanos-tsitsipas,6/WC,,Stefanos Tsitsipas,R,0,GRE,0.0,harold-mayot,,Q,Harold Mayot,R,0,FRA,0.0,6-1  7-5 .,3,R32,83,4,2,31,55,27,16,10,0,0,1,1,39,65,22,15,9,10,13,0,0,0,0
2025-440,S Hertogenbosch,Grass,32,A,,15,nuno-borges,7,,Nuno Borges,R,0,POR,0.0,nishesh-basavareddy,NG,,Nishesh Basavareddy,R,0,USA,0.0,7-6(2) 6-2 .,3,R32,73,12,1,42,53,36,6,10,2,3,2,7,37,69,24,15,10,4,7,0,0,0,0
2025-8996,Santiago,Clay,32,A,,15,cristian-garin,,WC,Cristian Garin,R,0,CHI,0.0,juan pablo-ficovich,,Q,Juan Pablo Ficovich,R,0,ARG,0.0,2-6  6-4  6-4 .,3,R32,150,9,2,58,87,39,17,14,4,7,3,1,66,110,43,24,14,13,16,0,0,0,0
2025-321,Stuttgart,Clay,32,A,,15,jiri-lehecka,8,,Jiri Lehecka,R,0,CZE,0.0,benjamin-bonzi,,,Benjamin Bonzi,R,0,FRA,0.0,6-4  6-4 .,3,R32,75,4,0,49,69,33,9,10,4,6,13,2,37,56,33,10,10,2,2,0,0,0,0
2025-421,Toronto,Hard,32,A,,15,ugo-blanchet,24,,Ugo Blanchet,R,0,FRA,0.0,chun-hsin-tseng,2,,Chun-Hsin Tseng,R,0,TPE,0.0,6-4  7-5 .,3,Unknown,107,5,6,37,84,24,24,11,7,10,6,6,35,72,28,21,11,5,6,0,0,0,0
2025-439,Umag,Clay,32,A,,15,stan-wawrinka,,,Stan Wawrinka,R,0,SUI,0.0,alvaro-guillen meza,,Q,Alvaro Guillen Meza,R,0,ECU,0.0,6-4  6-1 .,3,R32,73,0,4,33,43,19,1,8,1,6,0,0,29,50,20,12,9,4,6,0,0,0,0
2025-418,Washington,Clay,32,A,,15,billy-harris,5,,Billy Harris,R,0,GBR,0.0,moerani-bouzige,,,Moerani Bouzige,R,0,AUS,0.0,6-4  7-6(6).,3,Unknown,120,7,3,40,75,29,17,11,3,6,5,5,47,77,33,10,11,5,9,0,0,0,0
2025-422,Cincinnati,Hard,32,A,,15,colton-smith,,,Colton Smith,R,0,USA,0.0,tristan-schoolkate,9,,Tristan Schoolkate,R,0,AUS,0.0,6-4  6-4 .,3,Unknown,97,7,1,28,61,20,15,10,1,4,8,3,48,70,37,9,10,3,4,0,0,0,0
2025-9900,Perth Sydney,Hard,32,A,,15,casper-ruud,15,,Casper Ruud,R,0,NOR,0.0,tomas-machac,8,,Tomas Machac,R,0,CZE,0.0,7-6(6) 5-7  6-4 .,3,Unknown,174,7,13,63,70,71,41,17,40,2,12,6,65,75,75,46,17,67,6,0,0,0,0
2025-807,Acapulco,Hard,32,A,,14,david-goffin,,,David Goffin,R,0,BEL,0.0,rinky-hijikata,,,Rinky Hijikata,R,0,AUS,0.0,6-2  6-3 .,3,R32,84,3,0,23,35,19,10,8,0,1,0,5,45,79,24,14,9,10,15,0,0,0,0
2025-8998,Adelaide,Hard,32,A,,14,thanasi-kokkinakis,,WC,Thanasi Kokkinakis,R,0,AUS,0.0,yoshihito-nishioka,,,Yoshihito Nishioka,R,0,JPN,0.0,6-3  3-6  6-3 .,3,R32,130,4,2,54,89,36,18,13,9,12,15,3,60,88,44,14,14,3,5,0,0,0,0
2025-301,Auckland,Hard,32,A,,14,zizou-bergs,,Q,Zizou Bergs,R,0,BEL,0.0,isaac-becroft,,WC,Isaac Becroft,R,0,NZL,0.0,6-3  7-5 .,3,R32,88,9,2,38,70,32,16,11,3,4,1,2,35,53,22,10,10,1,4,0,0,0,0
2025-425,Barcelona,Clay,32,A,,14,laslo-djere,10,,Laslo Djere,R,0,SRB,0.0,daniel-rincon,,WC,Daniel Rincon,R,0,ESP,0.0,6-3  7-5 .,3,Unknown,97,3,1,32,67,23,15,11,4,8,3,2,36,55,27,9,10,0,1,0,0,0,0
2025-316,Bastad,Clay,32,A,,14,luciano-darderi,6,,Luciano Darderi,R,0,ITA,0.0,raphael-collignon,,,Raphael Collignon,R,0,BEL,0.0,6-2  2-6  6-2 .,3,R32,129,5,4,53,81,35,12,12,6,10,5,2,55,91,37,20,12,6,8,0,0,0,0
2025-339,Brisbane,Hard,32,A,,14,nishesh-basavareddy,12,,Nishesh Basavareddy,R,0,USA,0.0,lucas-pouille,6,,Lucas Pouille,R,0,FRA,0.0,6-4  6-4 .,3,Unknown,76,10,6,37,63,28,9,10,4,7,7,2,36,50,28,10,10,1,2,0,0,0,0
2025-4462,Bucharest,Clay,32,A,,14,richard-gasquet,,WC,Richard Gasquet,R,0,FRA,0.0,botic-van de zandschulp,,,Botic van de Zandschulp,R,0,NED,0.0,4-6  7-5  6-1 .,3,R32,139,5,5,55,93,36,15,14,9,15,2,2,63,98,41,18,15,6,10,0,0,0,0
2025-506,Buenos Aires,Clay,32,A,,14,mariano-navone,,,Mariano Navone,R,0,ARG,0.0,francisco-comesana,,WC,Francisco Comesana,R,0,ARG,0.0,6-4  6-4 .,3,R32,99,2,3,38,61,27,13,10,1,2,1,4,33,57,22,10,10,2,5,0,0,0,0
2025-424,Dallas,Hard,32,A,,14,rinky-hijikata,,,Rinky Hijikata,R,0,AUS,0.0,adrian-mannarino,,,Adrian Mannarino,R,0,FRA,0.0,7-5  6-3 .,3,R32,86,5,0,42,61,33,12,11,0,0,8,1,40,61,29,10,10,1,3,0,0,0,0
2025-499,Delray Beach,Clay,32,A,,14,cameron-norrie,,,Cameron Norrie,R,0,GBR,0.0,zachary-svajda,,Q,Zachary Svajda,R,0,USA,0.0,7-5  6-4 .,3,R32,88,3,0,46,65,29,8,11,7,12,5,0,38,59,27,11,11,3,6,0,0,0,0
2025-451,Doha,Hard,32,A,,14,fabian-marozsan,,,Fabian Marozsan,R,0,HUN,0.0,aziz-dougaz,,WC,Aziz Dougaz,R,0,TUN,0.0,7-5  6-3 .,3,R32,88,7,0,38,63,29,18,11,1,1,6,2,54,73,37,8,10,11,13,0,0,0,0
2025-495,Dubai,Hard,32,A,,14,giovanni-mpetshi perricard,,,Giovanni Mpetshi Perricard,R,0,FRA,0.0,zhizhen-zhang,,,Zhizhen Zhang,R,0,CHN,0.0,6-3  7-6(3).,3,R32,87,13,2,49,71,42,12,11,2,2,7,1,48,70,37,11,10,6,7,0,0,0,0
2025-741,Eastbourne,Hard,32,A,,14,joao-fonseca,,,Joao Fonseca,R,0,BRA,0.0,zizou-bergs,,,Zizou Bergs,R,0,BEL,0.0,6-7(8) 6-0  6-3 .,3,R32,128,14,8,67,102,42,15,13,7,12,3,2,71,90,50,14,14,2,3,0,0,0,0
2025-322,Geneva,Hard,32,A,,14,alexei-popyrin,5,,Alexei Popyrin,R,0,AUS,0.0,nicolas-jarry,,,Nicolas Jarry,R,0,CHI,0.0,6-4  3-6  7-5 .,3,R32,147,5,4,59,94,43,16,15,6,9,13,3,62,100,44,18,16,6,10,0,0,0,0
2025-314,Gstaad,Clay,32,A,,14,kamil-majchrzak,,,Kamil Majchrzak,R,0,POL,0.0,terence-atmane,,,Terence Atmane,R,0,FRA,0.0,6-4  3-6  6-2 .,3,R32,109,10,3,42,73,33,18,13,2,4,13,7,59,94,39,17,14,4,8,0,0,0,0
2025-500,Halle,Grass,32,A,,14,fabian-marozsan,,,Fabian Marozsan,R,0,HUN,0.0,miomir-kecmanovic,,,Miomir Kecmanovic,R,0,SRB,0.0,6-7(3) 6-4  6-4 .,3,R32,131,0,0,0,0,0,0,0,0,0,0,0,0,0,0,0,0,0,0,0,0,0,0
2025-414,Hamburg,Clay,32,A,,14,francisco-cerundolo,4,,Francisco Cerundolo,R,0,ARG,0.0,pedro-martinez,,,Pedro Martinez,R,0,ESP,0.0,6-2  6-3 .,3,R32,88,0,1,44,57,17,3,8,3,10,6,6,23,53,13,14,9,1,5,0,0,0,0
2025-336,Hong Kong,Hard,32,A,,14,fabian-marozsan,,,Fabian Marozsan,R,0,HUN,0.0,roman-safiullin,,,Roman Safiullin,R,0,RUS,0.0,6-1  7-6(9).,3,R32,93,4,3,47,72,29,8,9,10,16,6,3,41,70,30,14,10,1,5,0,0,0,0
2025-717,Houston,Clay,32,A,,14,corentin-denolly,,Q,Corentin Denolly,R,0,FRA,0.0,brandon-holt,,,Brandon Holt,R,0,USA,0.0,7-6(7) 7-6(8).,3,R32,139,5,0,61,89,43,17,12,2,4,1,6,74,109,56,13,12,5,7,0,0,0,0
2025-404,Indian Wells,Hard,32,A,,14,alexis-galarneau,,,Alexis Galarneau,R,0,CAN,0.0,arthur-cazaux,11,,Arthur Cazaux,R,0,FRA,0.0,6-4  4-6  6-4 .,3,Unknown,156,7,4,53,97,38,20,15,6,10,2,2,61,97,40,19,15,4,7,0,0,0,0
2025-319,Kitzbuhel,Clay,32,A,,14,norbert-gombos,,Q,Norbert Gombos,R,0,SVK,0.0,hugo-gaston,,,Hugo Gaston,R,0,FRA,0.0,6-3  6-4 .,3,R32,86,0,4,30,59,19,15,9,5,8,4,0,41,64,28,16,10,4,5,0,0,0,0
2025-311,London,Grass,32,A,,14,jacob-fearnley,,,Jacob Fearnley,R,0,GBR,0.0,alex-bolt,,Q,Alex Bolt,R,0,AUS,0.0,6-2  6-4 .,3,R32,67,0,0,0,0,0,0,0,0,0,0,0,0,0,0,0,0,0,0,0,0,0,0
2025-7480,Los Cabos,Hard,32,A,,14,alex-hernandez,,WC,Alex Hernandez,R,0,MEX,0.0,taro-daniel,,,Taro Daniel,R,0,JPN,0.0,3-6  7-5  6-4 .,3,R32,147,11,3,52,90,41,16,15,3,6,3,1,57,82,42,15,16,1,4,0,0,0,0
2025-1536,Madrid,Clay,32,A,,14,vit-kopriva,11,,Vit Kopriva,R,0,CZE,0.0,roman andres-burruchaga,,,Roman Andres Burruchaga,R,0,ARG,0.0,7-5  5-7  6-4 .,3,Unknown,172,3,6,71,111,46,17,17,9,14,1,9,62,111,40,23,17,8,14,0,0,0,0
2025-8994,Mallorca,Grass,32,A,,14,daniel-altmaier,8,,Daniel Altmaier,R,0,GER,0.0,fabio-fognini,,WC,Fabio Fognini,R,0,ITA,0.0,6-3  3-6  6-3 .,3,R32,107,1,5,39,76,29,21,13,3,6,10,7,59,91,40,17,14,6,8,0,0,0,0
2025-360,Marrakech,Clay,32,A,,14,raphael-collignon,,,Raphael Collignon,R,0,BEL,0.0,fabio-fognini,,,Fabio Fognini,R,0,ITA,0.0,6-3  6-3 .,3,R32,82,1,4,24,55,14,16,9,4,8,2,4,40,55,30,7,9,3,4,0,0,0,0
2025-496,Marseille,Hard,32,A,,14,lorenzo-sonego,7,,Lorenzo Sonego,R,0,ITA,0.0,botic-van de zandschulp,,,Botic van de Zandschulp,R,0,NED,0.0,6-1  3-6  6-3 .,3,R32,119,7,0,55,79,40,13,13,0,1,6,3,45,72,33,13,12,4,7,0,0,0,0
2025-403,Miami,Hard,32,A,,14,chun-hsin-tseng,11,,Chun-Hsin Tseng,R,0,TPE,0.0,alejandro-moro canas,,,Alejandro Moro Canas,R,0,ESP,0.0,7-6(6) 6-2 .,3,Unknown,95,5,4,37,63,33,13,10,1,2,2,0,41,62,25,11,10,1,4,0,0,0,0
2025-410,Monte Carlo,Clay,32,A,,14,fabian-marozsan,,,Fabian Marozsan,R,0,HUN,0.0,zizou-bergs,1,,Zizou Bergs,R,0,BEL,0.0,6-2  7-6(5).,3,Unknown,84,1,4,37,61,23,11,10,4,8,1,0,44,59,33,8,10,1,3,0,0,0,0
2025-375,Montpellier,Clay,32,A,,14,arthur-cazaux,,,Arthur Cazaux,R,0,FRA,0.0,stan-wawrinka,,WC,Stan Wawrinka,R,0,SUI,0.0,6-4  6-3 .,3,R32,88,8,1,33,64,24,14,10,5,8,0,0,34,56,29,11,9,2,2,0,0,0,0
2025-308,Munich,Clay,32,A,,14,tallon-griekspoor,,,Tallon Griekspoor,R,0,NED,0.0,learner-tien,,Q,Learner Tien,R,0,USA,0.0,6-4  6-2 .,3,R32,71,7,1,37,52,29,9,9,4,4,0,3,39,63,24,13,9,4,7,0,0,0,0
2025-6932,Rio De Janeiro,Clay,32,A,,14,jaume-munar,,,Jaume Munar,R,0,ESP,0.0,thiago-seyboth wild,,,Thiago Seyboth Wild,R,0,BRA,0.0,6-4  3-6  6-0 .,3,R32,115,3,3,47,71,34,11,12,5,7,1,2,44,70,28,13,13,2,7,0,0,0,0
2025-416,Rome,Clay,32,A,,14,tomas-barrios vera,,,Tomas Barrios Vera,R,0,CHI,0.0,billy-harris,11,,Billy Harris,R,0,GBR,0.0,6-2  6-4 .,3,Unknown,81,3,2,29,58,19,13,9,2,5,2,2,36,52,31,6,9,2,2,0,0,0,0
2025-407,Rotterdam,Hard,32,A,,14,hubert-hurkacz,8,,Hubert Hurkacz,R,0,POL,0.0,flavio-cobolli,,,Flavio Cobolli,R,0,ITA,0.0,6-3  6-2 .,3,R32,77,4,3,33,55,21,10,8,3,6,7,1,27,48,23,14,9,1,1,0,0,0,0
2025-440,S Hertogenbosch,Grass,32,A,,14,nicolas-jarry,,,Nicolas Jarry,R,0,CHI,0.0,luciano-darderi,8,,Luciano Darderi,R,0,ITA,0.0,5-7  6-4  7-6(3).,3,R32,150,15,4,77,111,57,20,17,10,12,7,3,75,113,53,23,17,7,9,0,0,0,0
2025-8996,Santiago,Clay,32,A,,14,yannick-hanfmann,,,Yannick Hanfmann,R,0,GER,0.0,facundo-diaz acosta,,,Facundo Diaz Acosta,R,0,ARG,0.0,7-5  6-3 .,3,R32,92,3,1,33,51,27,10,10,1,3,4,6,40,72,25,12,11,5,10,0,0,0,0
2025-321,Stuttgart,Clay,32,A,,14,giovanni-mpetshi perricard,,,Giovanni Mpetshi Perricard,R,0,FRA,0.0,roman-safiullin,,,Roman Safiullin,R,0,RUS,0.0,7-6(10) 3-6  7-5 .,3,R32,135,13,3,57,97,48,27,17,1,3,26,5,84,119,67,15,16,15,17,0,0,0,0
2025-421,Toronto,Hard,32,A,,14,tristan-schoolkate,3,,Tristan Schoolkate,R,0,AUS,0.0,govind-nanda,27,,Govind Nanda,R,0,USA,0.0,6-3  6-0 .,3,Unknown,60,8,4,24,44,23,12,8,2,2,1,2,29,45,18,3,7,1,5,0,0,0,0
2025-439,Umag,Clay,32,A,,14,vit-kopriva,8,,Vit Kopriva,R,0,CZE,0.0,raphael-collignon,,,Raphael Collignon,R,0,BEL,0.0,3-6  6-4  6-3 .,3,R32,154,6,7,47,82,31,14,14,6,12,7,3,67,104,43,16,14,11,16,0,0,0,0
2025-418,Washington,Clay,32,A,,14,zachary-svajda,6,,Zachary Svajda,R,0,USA,0.0,yosuke-watanuki,9,,Yosuke Watanuki,R,0,JPN,0.0,6-3  1-6  7-6(2).,3,Unknown,114,14,6,43,95,32,31,14,2,4,9,2,38,78,27,28,14,1,2,0,0,0,0
2025-422,Cincinnati,Hard,32,A,,14,li-tu,,,Li Tu,R,0,AUS,0.0,james-duckworth,10,,James Duckworth,R,0,AUS,0.0,7-6(4) 6-4 .,3,Unknown,94,8,3,36,70,28,21,11,2,3,13,5,37,67,33,18,11,1,1,0,0,0,0
2025-807,Acapulco,Hard,32,A,,13,learner-tien,,Q,Learner Tien,R,0,USA,0.0,cameron-norrie,,,Cameron Norrie,R,0,GBR,0.0,7-6(5) 6-3 .,3,R32,111,2,1,43,61,29,8,10,2,5,6,1,54,77,30,8,11,2,7,0,0,0,0
2025-8998,Adelaide,Hard,32,A,,13,christopher-o'connell,,,Christopher O'Connell,R,0,AUS,0.0,arthur-rinderknech,,,Arthur Rinderknech,R,0,FRA,0.0,7-5  7-6(5).,3,R32,99,7,1,48,71,37,16,12,5,6,9,1,40,66,35,18,12,1,1,0,0,0,0
2025-301,Auckland,Hard,32,A,,13,roberto-carballes baena,,,Roberto Carballes Baena,R,0,ESP,0.0,daniel-altmaier,,LL,Daniel Altmaier,R,0,GER,0.0,6-3  3-6  7-5 .,3,R32,158,4,2,55,86,39,19,15,4,7,7,2,70,111,49,13,15,13,17,0,0,0,0
2025-425,Barcelona,Clay,32,A,,13,ethan-quinn,Alt,,Ethan Quinn,R,0,USA,0.0,borna-coric,,,Borna Coric,R,0,CRO,0.0,2-6  6-4  6-3 .,3,Unknown,144,2,1,53,87,33,17,13,5,9,6,5,51,90,36,16,14,2,6,0,0,0,0
2025-316,Bastad,Clay,32,A,,13,jesper-de jong,,,Jesper de Jong,R,0,NED,0.0,william-rejchtman vinciguerra,,WC,William Rejchtman Vinciguerra,R,0,SWE,0.0,6-3  6-2 .,3,R32,82,1,4,37,66,19,16,8,3,6,8,1,28,49,23,15,9,0,0,0,0,0,0
2025-339,Brisbane,Hard,32,A,,13,mikhail-kukushkin,7,,Mikhail Kukushkin,R,0,KAZ,0.0,tristan-schoolkate,,,Tristan Schoolkate,R,0,AUS,0.0,6-4  6-4 .,3,Unknown,96,5,2,30,57,19,13,10,1,5,6,0,34,55,27,10,10,0,2,0,0,0,0
2025-4462,Bucharest,Clay,32,A,,13,filip cristian-jianu,,WC,Filip Cristian Jianu,R,0,ROU,0.0,nishesh-basavareddy,,,Nishesh Basavareddy,R,0,USA,0.0,6-3  6-4 .,3,R32,92,1,2,28,58,19,10,10,1,6,0,0,42,52,28,6,9,3,5,0,0,0,0
2025-506,Buenos Aires,Clay,32,A,,13,thiago-seyboth wild,,,Thiago Seyboth Wild,R,0,BRA,0.0,facundo-diaz acosta,,,Facundo Diaz Acosta,R,0,ARG,0.0,3-6  6-2  6-3 .,3,R32,128,10,5,51,80,33,15,13,7,11,4,2,49,77,35,16,13,2,4,0,0,0,0
2025-424,Dallas,Hard,32,A,,13,ethan-quinn,,Q,Ethan Quinn,R,0,USA,0.0,trevor-svajda,,WC,Trevor Svajda,R,0,USA,0.0,6-4  6-2 .,3,R32,85,9,1,43,55,33,7,9,2,2,0,1,52,74,30,10,9,6,9,0,0,0,0
2025-499,Delray Beach,Clay,32,A,,13,ethan-quinn,,LL,Ethan Quinn,R,0,USA,0.0,tristan-boyer,,Q,Tristan Boyer,R,0,USA,0.0,6-2 6-7(5) 7-6(2).,3,R32,192,6,3,81,128,63,21,16,12,14,4,3,81,120,51,22,16,4,8,0,0,0,0
2025-451,Doha,Hard,32,A,,13,christopher-o'connell,,Q,Christopher O'Connell,R,0,AUS,0.0,hady-habib,,WC,Hady Habib,R,0,LBN,0.0,7-6(7) 7-6(3).,3,R32,116,12,2,53,86,41,20,12,1,2,6,1,65,90,44,16,12,4,5,0,0,0,0
2025-495,Dubai,Hard,32,A,,13,alexei-popyrin,,,Alexei Popyrin,R,0,AUS,0.0,hady-habib,,WC,Hady Habib,R,0,LBN,0.0,6-2  6-4 .,3,R32,65,8,1,30,45,28,9,9,0,0,9,1,27,52,20,12,9,3,6,0,0,0,0
2025-741,Eastbourne,Hard,32,A,,13,lorenzo-sonego,,,Lorenzo Sonego,R,0,ITA,0.0,fabian-marozsan,,,Fabian Marozsan,R,0,HUN,0.0,6-2  6-4 .,3,R32,78,2,2,39,52,24,5,9,0,3,1,3,32,54,27,12,9,2,2,0,0,0,0
2025-322,Geneva,Hard,32,A,,13,nuno-borges,,,Nuno Borges,R,0,POR,0.0,alex-michelsen,7,,Alex Michelsen,R,0,USA,0.0,4-6  6-3  6-3 .,3,R32,101,4,1,57,86,41,19,14,4,5,6,1,48,74,35,13,14,1,4,0,0,0,0
2025-314,Gstaad,Clay,32,A,,13,dominic-stricker,,WC,Dominic Stricker,R,0,SUI,0.0,pierre-hugues-herbert,,,Pierre-Hugues Herbert,R,0,FRA,0.0,4-6  6-4  6-2 .,3,R32,106,9,0,43,77,33,24,14,1,2,7,10,40,78,32,20,14,3,6,0,0,0,0
2025-500,Halle,Grass,32,A,,13,stefanos-tsitsipas,,,Stefanos Tsitsipas,R,0,GRE,0.0,luciano-darderi,,,Luciano Darderi,R,0,ITA,0.0,6-4  3-6  7-6(5).,3,R32,120,0,0,0,0,0,0,0,0,0,0,0,0,0,0,0,0,0,0,0,0,0,0
2025-414,Hamburg,Clay,32,A,,13,luciano-darderi,,,Luciano Darderi,R,0,ITA,0.0,diego-dedura,,WC,Diego Dedura,R,0,GER,0.0,6-1  6-4 .,3,R32,69,0,0,0,0,0,0,0,0,0,0,0,0,0,0,0,0,0,0,0,0,0,0
2025-336,Hong Kong,Hard,32,A,,13,cameron-norrie,,,Cameron Norrie,R,0,GBR,0.0,learner-tien,,,Learner Tien,R,0,USA,0.0,6-3  7-5 .,3,R32,98,11,1,60,78,38,8,11,5,7,6,5,42,69,27,11,10,5,9,0,0,0,0
2025-717,Houston,Clay,32,A,,13,cristian-garin,,WC,Cristian Garin,R,0,CHI,0.0,alexander-ritschard,,,Alexander Ritschard,R,0,SUI,0.0,6-3  6-4 .,3,R32,100,5,1,30,51,26,14,10,0,0,1,4,41,75,24,21,9,5,7,0,0,0,0
2025-404,Indian Wells,Hard,32,A,,13,nikoloz-basilashvili,,,Nikoloz Basilashvili,R,0,GEO,0.0,christopher-eubanks,12,,Christopher Eubanks,R,0,USA,0.0,6-2  6-4 .,3,Unknown,70,5,1,32,54,20,10,9,5,9,0,1,24,49,18,18,9,1,2,0,0,0,0
2025-319,Kitzbuhel,Clay,32,A,,13,alexander-shevchenko,,,Alexander Shevchenko,R,0,KAZ,0.0,daniel elahi-galan,,,Daniel Elahi Galan,R,0,COL,0.0,2-6  6-3  6-4 .,3,R32,135,8,7,60,106,42,19,14,3,7,4,6,46,93,39,15,13,5,9,0,0,0,0
2025-311,London,Grass,32,A,,13,mackenzie-mcdonald,,Q,Mackenzie McDonald,R,0,USA,0.0,gael-monfils,,,Gael Monfils,R,0,FRA,0.0,6-4  6-4 .,3,R32,84,0,0,0,0,0,0,0,0,0,0,0,0,0,0,0,0,0,0,0,0,0,0
2025-7480,Los Cabos,Hard,32,A,,13,emilio-nava,,,Emilio Nava,R,0,USA,0.0,aleksandar-vukic,,,Aleksandar Vukic,R,0,AUS,0.0,7-6(4) 6-3 .,3,R32,101,4,0,34,60,24,11,10,2,5,11,6,36,79,30,19,11,4,6,0,0,0,0
2025-1536,Madrid,Clay,32,A,,13,dusan-lajovic,12,,Dusan Lajovic,R,0,SRB,0.0,thiago agustin-tirante,,,Thiago Agustin Tirante,R,0,ARG,0.0,6-3  7-6(6).,3,Unknown,91,2,1,46,73,28,18,11,3,5,3,1,41,58,27,10,10,1,4,0,0,0,0
2025-8994,Mallorca,Grass,32,A,,13,laslo-djere,,,Laslo Djere,R,0,SRB,0.0,yunchaokete-bu,,,Yunchaokete Bu,R,0,CHN,0.0,6-4  6-4 .,3,R32,96,4,4,42,65,27,10,10,8,12,9,1,37,62,27,14,10,5,7,0,0,0,0
2025-360,Marrakech,Clay,32,A,,13,hugo-dellien,,,Hugo Dellien,R,0,BOL,0.0,aleksandar-vukic,,,Aleksandar Vukic,R,0,AUS,0.0,7-5  4-6  7-5 .,3,R32,152,11,0,72,116,53,19,17,11,14,5,0,85,110,57,17,17,3,5,0,0,0,0
2025-496,Marseille,Hard,32,A,,13,hamad-medjedovic,,,Hamad Medjedovic,R,0,SRB,0.0,raphael-collignon,Alt,,Raphael Collignon,R,0,BEL,0.0,6-3  6-4 .,3,R32,87,6,6,54,76,36,8,9,8,10,5,1,42,59,34,11,10,5,5,0,0,0,0
2025-403,Miami,Hard,32,A,,13,pavel-kotov,12,,Pavel Kotov,R,0,RUS,0.0,alexis-galarneau,,,Alexis Galarneau,R,0,CAN,0.0,4-6  6-2  6-1 .,3,Unknown,111,11,2,44,71,33,19,13,0,1,1,2,48,74,29,15,12,5,9,0,0,0,0
2025-410,Monte Carlo,Clay,32,A,,13,david-goffin,2,,David Goffin,R,0,BEL,0.0,yannick-hanfmann,,,Yannick Hanfmann,R,0,GER,0.0,7-5  4-6  6-4 .,3,Unknown,155,6,7,50,94,33,19,16,8,15,2,2,74,113,38,19,16,11,19,0,0,0,0
2025-375,Montpellier,Clay,32,A,,13,dominik-koepfer,,,Dominik Koepfer,R,0,GER,0.0,gregoire-barrere,,WC,Gregoire Barrere,R,0,FRA,0.0,6-4  7-6(5).,3,R32,95,2,4,37,64,25,15,11,0,3,6,2,52,81,42,10,11,7,9,0,0,0,0
2025-308,Munich,Clay,32,A,,13,miomir-kecmanovic,,,Miomir Kecmanovic,R,0,SRB,0.0,marcos-giron,,,Marcos Giron,R,0,USA,0.0,6-2 6-7(2) 7-6(9).,3,R32,174,4,2,78,121,55,26,16,4,5,8,3,75,126,54,26,16,10,13,0,0,0,0
2025-6932,Rio De Janeiro,Clay,32,A,,13,alexander-shevchenko,,,Alexander Shevchenko,R,0,KAZ,0.0,felipe-meligeni alves,,WC,Felipe Meligeni Alves,R,0,BRA,0.0,6-4  6-2 .,3,R32,85,10,1,38,60,22,13,9,4,7,3,2,35,58,19,6,9,9,15,0,0,0,0
2025-416,Rome,Clay,32,A,,13,jaime-faria,12,,Jaime Faria,R,0,POR,0.0,jerome-kym,,,Jerome Kym,R,0,SUI,0.0,4-6  7-6(5) 6-4 .,3,Unknown,153,7,3,61,107,40,26,16,2,6,8,2,66,114,46,23,16,11,15,0,0,0,0
2025-407,Rotterdam,Hard,32,A,,13,mattia-bellucci,,Q,Mattia Bellucci,R,0,ITA,0.0,mees-rottgering,,WC,Mees Rottgering,R,0,NED,0.0,6-3  6-2 .,3,R32,102,10,4,39,59,31,9,9,5,6,0,2,40,70,23,13,8,5,9,0,0,0,0
2025-440,S Hertogenbosch,Grass,32,A,,13,gabriel-diallo,,,Gabriel Diallo,R,0,CAN,0.0,aleksandar-vukic,,,Aleksandar Vukic,R,0,AUS,0.0,7-5  7-6(2).,3,R32,92,13,0,54,77,41,15,12,4,4,8,3,36,64,30,15,12,0,1,0,0,0,0
2025-8996,Santiago,Clay,32,A,,13,gustavo-heide,,Q,Gustavo Heide,R,0,BRA,0.0,thiago-seyboth wild,,,Thiago Seyboth Wild,R,0,BRA,0.0,7-5  6-2 .,3,R32,104,7,4,39,62,29,17,10,3,3,5,6,45,77,31,14,10,4,7,0,0,0,0
2025-321,Stuttgart,Clay,32,A,,13,jan-lennard-struff,,WC,Jan-Lennard Struff,R,0,GER,0.0,matteo-arnaldi,,,Matteo Arnaldi,R,0,ITA,0.0,6-4  6-4 .,3,R32,73,3,3,38,65,26,14,10,2,4,10,3,31,54,28,13,10,1,1,0,0,0,0
2025-421,Toronto,Hard,32,A,,13,james-duckworth,4,,James Duckworth,R,0,AUS,0.0,justin-boulais,31/WC,,Justin Boulais,R,0,CAN,0.0,6-3  6-1 .,3,Unknown,70,9,2,24,37,21,7,8,0,1,3,5,39,65,20,10,8,5,10,0,0,0,0
2025-439,Umag,Clay,32,A,,13,francesco-passaro,,,Francesco Passaro,R,0,ITA,0.0,matej-dodig,,WC,Matej Dodig,R,0,CRO,0.0,4-6  6-1  6-2 .,3,R32,117,2,3,40,63,28,10,12,3,7,2,1,54,81,37,19,13,2,3,0,0,0,0
2025-418,Washington,Clay,32,A,,13,beibit-zhukayev,,,Beibit Zhukayev,R,0,KAZ,0.0,andrea-vavassori,Alt,,Andrea Vavassori,R,0,ITA,0.0,7-5 6-7(9) 6-4 .,3,Unknown,188,0,0,0,0,0,0,0,0,0,0,0,0,0,0,0,0,0,0,0,0,0,0
2025-422,Cincinnati,Hard,32,A,,13,valentin-royer,12,,Valentin Royer,R,0,FRA,0.0,juan pablo-ficovich,,,Juan Pablo Ficovich,R,0,ARG,0.0,6-1  6-2 .,3,Unknown,68,6,4,27,52,22,14,8,2,2,0,0,31,43,15,6,7,3,7,0,0,0,0
2025-9900,Perth Sydney,Hard,32,A,,13,alexander-zverev,11,,Alexander Zverev,R,0,GER,0.0,thiago-monteiro,13,,Thiago Monteiro,R,0,BRA,0.0,6-4  6-4 .,3,Unknown,77,11,3,63,32,91,58,10,0,0,5,1,60,32,75,52,10,50,2,0,0,0,0
2025-807,Acapulco,Hard,32,A,,12,gabriel-diallo,6,,Gabriel Diallo,R,0,CAN,0.0,mattia-bellucci,1,,Mattia Bellucci,R,0,ITA,0.0,6-1  6-0 .,3,Unknown,70,1,3,32,60,19,7,6,6,11,4,0,22,35,20,9,7,0,0,0,0,0,0
2025-8998,Adelaide,Hard,32,A,,12,adam-walton,,,Adam Walton,R,0,AUS,0.0,rinky-hijikata,3,,Rinky Hijikata,R,0,AUS,0.0,1-6  7-6(4) 6-4 .,3,Unknown,141,9,6,57,92,44,17,15,5,7,4,3,56,96,44,15,14,6,9,0,0,0,0
2025-301,Auckland,Hard,32,A,,12,sumit-nagal,8,,Sumit Nagal,R,0,IND,0.0,adrian-mannarino,1,,Adrian Mannarino,R,0,FRA,0.0,7-6(5) 6-3 .,3,Unknown,107,5,2,37,66,22,15,10,5,9,2,0,47,74,33,12,11,7,10,0,0,0,0
2025-425,Barcelona,Clay,32,A,,12,daniel-rincon,,WC,Daniel Rincon,R,0,ESP,0.0,benjamin-bonzi,1,,Benjamin Bonzi,R,0,FRA,0.0,6-2  6-4 .,3,Unknown,82,2,4,34,59,16,14,9,3,8,5,2,28,56,23,13,9,0,2,0,0,0,0
2025-316,Bastad,Clay,32,A,,12,filip-misolic,1,,Filip Misolic,R,0,AUT,0.0,olle-wallin,,WC,Olle Wallin,R,0,SWE,0.0,7-6(2) 6-2 .,3,Unknown,74,8,0,38,54,30,9,10,2,4,5,0,33,59,19,14,10,3,7,0,0,0,0
2025-339,Brisbane,Hard,32,A,,12,yoshihito-nishioka,1,,Yoshihito Nishioka,R,0,JPN,0.0,alex-bolt,,,Alex Bolt,R,0,AUS,0.0,6-2  7-6(4).,3,Unknown,99,6,0,36,59,29,16,10,2,2,9,3,51,89,33,19,10,10,12,0,0,0,0
2025-4462,Bucharest,Clay,32,A,,12,filip-misolic,7/Alt,,Filip Misolic,R,0,AUT,0.0,ugo-blanchet,3,,Ugo Blanchet,R,0,FRA,0.0,6-2  6-2 .,3,Unknown,66,1,2,32,50,18,6,8,2,6,3,1,17,37,15,18,8,1,1,0,0,0,0
2025-506,Buenos Aires,Clay,32,A,,12,francesco-passaro,1,,Francesco Passaro,R,0,ITA,0.0,juan bautista-torres,,WC,Juan Bautista Torres,R,0,ARG,0.0,2-6  7-6(6) 6-1 .,3,Unknown,142,0,2,70,97,42,14,13,4,8,1,1,72,91,52,4,14,6,11,0,0,0,0
2025-424,Dallas,Hard,32,A,,12,ethan-quinn,7,,Ethan Quinn,R,0,USA,0.0,james-duckworth,1,,James Duckworth,R,0,AUS,0.0,7-6(4) 7-5 .,3,Unknown,106,7,1,50,77,37,15,12,5,6,5,2,41,68,35,20,12,3,3,0,0,0,0
2025-499,Delray Beach,Clay,32,A,,12,tristan-boyer,1,,Tristan Boyer,R,0,USA,0.0,murphy-cassone,Alt,,Murphy Cassone,R,0,USA,0.0,6-4  6-2 .,3,Unknown,111,4,4,61,99,40,19,9,8,8,4,2,40,60,26,9,9,3,6,0,0,0,0
2025-451,Doha,Hard,32,A,,12,quentin-halys,1,,Quentin Halys,R,0,FRA,0.0,stan-wawrinka,,,Stan Wawrinka,R,0,SUI,0.0,7-6(6) 1-6  6-3 .,3,Unknown,123,15,3,59,96,47,14,14,4,6,4,2,44,86,36,23,14,1,2,0,0,0,0
2025-495,Dubai,Hard,32,A,,12,roman-safiullin,1,,Roman Safiullin,R,0,RUS,0.0,otto-virtanen,7,,Otto Virtanen,R,0,FIN,0.0,6-3  7-6(5).,3,Unknown,90,10,4,37,64,33,14,11,1,2,11,2,46,70,32,12,10,1,3,0,0,0,0
2025-741,Eastbourne,Hard,32,A,,12,mattia-bellucci,1,,Mattia Bellucci,R,0,ITA,0.0,chun-hsin-tseng,5,,Chun-Hsin Tseng,R,0,TPE,0.0,6-2  6-1 .,3,Unknown,60,6,1,31,46,25,10,8,1,1,1,1,27,40,15,4,7,0,4,0,0,0,0
2025-322,Geneva,Hard,32,A,,12,cameron-norrie,2,,Cameron Norrie,R,0,GBR,0.0,jenson-brooksby,8,,Jenson Brooksby,R,0,USA,0.0,6-4  6-1 .,3,Unknown,75,3,3,35,52,27,8,9,2,3,0,3,36,53,21,5,8,8,12,0,0,0,0
2025-314,Gstaad,Clay,32,A,,12,francesco-passaro,1,,Francesco Passaro,R,0,ITA,0.0,gonzalo-bueno,Alt,,Gonzalo Bueno,R,0,PER,0.0,6-3  6-4 .,3,Unknown,83,6,6,45,72,34,16,10,1,1,0,1,36,51,24,9,9,3,5,0,0,0,0
2025-500,Halle,Grass,32,A,,12,benjamin-bonzi,1,,Benjamin Bonzi,R,0,FRA,0.0,li-tu,Alt,,Li Tu,R,0,AUS,0.0,6-4  7-6(7).,3,Unknown,95,6,1,48,68,40,9,11,3,4,7,4,36,67,25,20,11,0,2,0,0,0,0
2025-414,Hamburg,Clay,32,A,,12,aleksandar-kovacevic,2,,Aleksandar Kovacevic,R,0,USA,0.0,vitaliy-sachko,8,,Vitaliy Sachko,R,0,UKR,0.0,6-1  6-3 .,3,Unknown,66,0,0,0,0,0,0,0,0,0,0,0,0,0,0,0,0,0,0,0,0,0,0
2025-336,Hong Kong,Hard,32,A,,12,marc-andrea-huesler,,,Marc-Andrea Huesler,R,0,SUI,0.0,pavel-kotov,1,,Pavel Kotov,R,0,RUS,0.0,7-6(7) 6-4 .,3,Unknown,104,4,2,51,80,33,17,11,6,8,9,2,49,67,39,9,11,0,1,0,0,0,0
2025-717,Houston,Clay,32,A,,12,mitchell-krueger,2,,Mitchell Krueger,R,0,USA,0.0,patrick-zahraj,8/Alt,,Patrick Zahraj,R,0,GER,0.0,7-6(5) 5-3 RET.,3,Unknown,113,5,4,52,78,31,12,10,9,13,4,4,32,62,20,13,10,3,8,0,0,0,0
2025-404,Indian Wells,Hard,32,A,,12,pavel-kotov,13,,Pavel Kotov,R,0,RUS,0.0,coleman-wong,,,Coleman Wong,R,0,HKG,0.0,7-6(5) 5-7  6-1 .,3,Unknown,142,2,4,58,96,36,23,15,1,5,1,2,67,100,48,17,16,3,6,0,0,0,0
2025-319,Kitzbuhel,Clay,32,A,,12,jan-lennard-struff,1,,Jan-Lennard Struff,R,0,GER,0.0,jurij-rodionov,7,,Jurij Rodionov,R,0,AUT,0.0,6-3  7-6(4).,3,Unknown,82,13,6,49,86,36,22,11,8,8,6,1,38,58,29,11,10,2,3,0,0,0,0
2025-311,London,Grass,32,A,,12,aleksandar-vukic,6,,Aleksandar Vukic,R,0,AUS,0.0,adam-walton,,,Adam Walton,R,0,AUS,0.0,6-4  6-4 .,3,Unknown,84,3,4,43,71,31,12,10,9,11,9,3,45,68,36,10,10,6,6,0,0,0,0
2025-7480,Los Cabos,Hard,32,A,,12,alan-magadan,Alt,,Alan Magadan,R,0,MEX,0.0,mark-lajal,1,,Mark Lajal,R,0,EST,0.0,6-3  6-2 .,3,Unknown,86,4,8,35,66,21,10,8,9,14,4,3,24,47,18,14,9,2,4,0,0,0,0
2025-1536,Madrid,Clay,32,A,,12,jerome-kym,,,Jerome Kym,R,0,SUI,0.0,mackenzie-mcdonald,13,,Mackenzie McDonald,R,0,USA,0.0,6-4 0-2 RET.,3,Unknown,61,4,4,26,43,19,5,6,4,6,5,1,36,46,25,6,6,1,1,0,0,0,0
2025-8994,Mallorca,Grass,32,A,,12,bernard-tomic,,,Bernard Tomic,R,0,AUS,0.0,aleksandar-kovacevic,1,,Aleksandar Kovacevic,R,0,USA,0.0,7-6(2) 6-3 .,3,Unknown,90,10,4,46,69,33,10,10,4,6,15,1,60,83,43,11,11,9,10,0,0,0,0
2025-360,Marrakech,Clay,32,A,,12,kamil-majchrzak,1,,Kamil Majchrzak,R,0,POL,0.0,sumit-nagal,5,,Sumit Nagal,R,0,IND,0.0,7-5  6-1 .,3,Unknown,96,5,1,36,57,28,12,10,2,3,1,2,47,71,30,7,9,14,18,0,0,0,0
2025-496,Marseille,Hard,32,A,,12,hugo-grenier,,,Hugo Grenier,R,0,FRA,0.0,lukas-klein,5,,Lukas Klein,R,0,SVK,0.0,2-6  7-6(8) 7-5 .,3,Unknown,139,13,8,70,114,51,17,16,5,9,8,2,57,86,43,18,16,2,5,0,0,0,0
2025-403,Miami,Hard,32,A,,12,billy-harris,13,,Billy Harris,R,0,GBR,0.0,mikael-ymer,,WC,Mikael Ymer,R,0,SWE,0.0,6-7(6) 7-6(5) 6-3 .,3,Unknown,199,0,0,0,0,0,0,0,0,0,0,0,0,0,0,0,0,0,0,0,0,0,0
2025-410,Monte Carlo,Clay,32,A,,12,daniel-altmaier,,,Daniel Altmaier,R,0,GER,0.0,jaume-munar,3,,Jaume Munar,R,0,ESP,0.0,7-5  3-6  7-5 .,3,Unknown,166,0,2,72,101,43,16,17,3,9,7,6,52,98,37,19,16,4,9,0,0,0,0
2025-375,Montpellier,Clay,32,A,,12,aleksandar-kovacevic,1,,Aleksandar Kovacevic,R,0,USA,0.0,pablo-carreno busta,7,,Pablo Carreno Busta,R,0,ESP,0.0,6-3  7-6(4).,3,Unknown,100,10,1,45,64,40,10,11,2,2,4,0,46,77,35,14,10,6,7,0,0,0,0
2025-308,Munich,Clay,32,A,,12,learner-tien,2,,Learner Tien,R,0,USA,0.0,botic-van de zandschulp,7,,Botic van de Zandschulp,R,0,NED,0.0,6-2  6-2 .,3,Unknown,76,1,1,29,50,22,10,8,3,4,0,4,26,54,16,8,8,3,8,0,0,0,0
2025-6932,Rio De Janeiro,Clay,32,A,,12,tomas-barrios vera,,,Tomas Barrios Vera,R,0,CHI,0.0,camilo-ugo carabelli,1,,Camilo Ugo Carabelli,R,0,ARG,0.0,5-7  6-2  7-6(12).,3,Unknown,191,2,2,89,114,56,13,16,8,13,5,0,61,102,46,22,16,3,7,0,0,0,0
2025-416,Rome,Clay,32,A,,12,nishesh-basavareddy,13,,Nishesh Basavareddy,R,0,USA,0.0,mitchell-krueger,,,Mitchell Krueger,R,0,USA,0.0,7-5  6-1 .,3,Unknown,125,4,0,40,59,26,9,9,3,6,6,5,70,102,47,14,10,16,16,0,0,0,0
2025-407,Rotterdam,Hard,32,A,,12,constant-lestienne,7,,Constant Lestienne,R,0,FRA,0.0,daniel-altmaier,2,,Daniel Altmaier,R,0,GER,0.0,7-6(3) 6-4 .,3,Unknown,128,7,5,53,97,34,22,11,7,9,1,0,48,76,37,14,11,7,8,0,0,0,0
2025-440,S Hertogenbosch,Grass,32,A,,12,mark-lajal,8,,Mark Lajal,R,0,EST,0.0,reilly-opelka,2,,Reilly Opelka,R,0,USA,0.0,7-6(3) 6-3 .,3,Unknown,75,8,2,36,57,28,14,10,0,1,6,0,43,59,37,12,11,0,0,0,0,0,0
2025-8996,Santiago,Clay,32,A,,12,juan manuel-cerundolo,1,,Juan Manuel Cerundolo,R,0,ARG,0.0,orlando-luz,Alt,,Orlando Luz,R,0,BRA,0.0,6-3  6-2 .,3,Unknown,78,0,0,0,0,0,0,0,0,0,0,0,0,0,0,0,0,0,0,0,0,0,0
2025-321,Stuttgart,Clay,32,A,,12,james-duckworth,1,,James Duckworth,R,0,AUS,0.0,nikoloz-basilashvili,5,,Nikoloz Basilashvili,R,0,GEO,0.0,6-7(4) 7-6(5) 6-3 .,3,Unknown,129,18,3,64,91,58,17,17,2,3,10,3,51,101,40,32,16,0,2,0,0,0,0
2025-421,Toronto,Hard,32,A,,12,valentin-royer,5,,Valentin Royer,R,0,FRA,0.0,alvin nicholas-tudorica,29/WC,,Alvin Nicholas Tudorica,R,0,CAN,0.0,6-2  6-3 .,3,Unknown,63,8,3,28,50,25,13,9,1,1,3,4,26,47,16,11,8,5,8,0,0,0,0
2025-439,Umag,Clay,32,A,,12,pablo-llamas ruiz,PR,,Pablo Llamas Ruiz,R,0,ESP,0.0,andrea-pellegrino,1,,Andrea Pellegrino,R,0,ITA,0.0,6-3  6-4 .,3,Unknown,73,1,1,40,50,22,4,9,2,6,2,1,37,48,30,4,10,1,3,0,0,0,0
2025-418,Washington,Clay,32,A,,12,zachary-svajda,6,,Zachary Svajda,R,0,USA,0.0,bernard-tomic,,WC,Bernard Tomic,R,0,AUS,0.0,7-5  6-1 .,3,Unknown,65,14,3,32,55,28,11,10,1,2,8,0,29,57,16,14,9,3,7,0,0,0,0
2025-422,Cincinnati,Hard,32,A,,12,nikoloz-basilashvili,13,,Nikoloz Basilashvili,R,0,GEO,0.0,christopher-eubanks,,,Christopher Eubanks,R,0,USA,0.0,6-4  4-6  7-6(2).,3,Unknown,120,18,5,57,89,44,20,16,2,3,19,9,54,101,44,28,16,3,4,0,0,0,0
2025-807,Acapulco,Hard,32,A,,11,adam-walton,7,,Adam Walton,R,0,AUS,0.0,aleksandar-kovacevic,2,,Aleksandar Kovacevic,R,0,USA,0.0,3-6  6-2  6-3 .,3,Unknown,122,9,7,54,89,39,17,13,6,9,10,0,59,76,44,10,13,1,2,0,0,0,0
2025-8998,Adelaide,Hard,32,A,,11,benjamin-bonzi,4,,Benjamin Bonzi,R,0,FRA,0.0,james-mccabe,,WC,James McCabe,R,0,AUS,0.0,6-3  4-6  6-3 .,3,Unknown,135,2,4,51,87,39,15,14,6,9,8,4,54,85,34,16,14,3,8,0,0,0,0
2025-301,Auckland,Hard,32,A,,11,zizou-bergs,2,,Zizou Bergs,R,0,BEL,0.0,francisco-comesana,5,,Francisco Comesana,R,0,ARG,0.0,3-6  6-4  6-3 .,3,Unknown,138,5,3,52,81,36,15,14,3,6,5,6,60,96,38,17,14,6,10,0,0,0,0
2025-425,Barcelona,Clay,32,A,,11,damir-dzumhur,3,,Damir Dzumhur,R,0,BIH,0.0,max-alcala gurri,,WC,Max Alcala Gurri,R,0,ESP,0.0,7-6(4) 6-0 .,3,Unknown,94,1,2,34,51,24,10,9,3,5,0,5,44,66,19,11,9,3,8,0,0,0,0
2025-316,Bastad,Clay,32,A,,11,andrea-pellegrino,3,,Andrea Pellegrino,R,0,ITA,0.0,timofey-skatov,7,,Timofey Skatov,R,0,KAZ,0.0,6-3  6-2 .,3,Unknown,80,3,0,25,43,19,10,8,1,3,3,1,31,49,14,7,9,2,8,0,0,0,0
2025-339,Brisbane,Hard,32,A,,11,benjamin-bonzi,2,,Benjamin Bonzi,R,0,FRA,0.0,james-mccabe,,WC,James McCabe,R,0,AUS,0.0,6-3  6-2 .,3,Unknown,70,2,1,28,50,23,14,9,0,0,2,0,30,48,20,6,8,4,7,0,0,0,0
2025-4462,Bucharest,Clay,32,A,,11,timofey-skatov,4,,Timofey Skatov,R,0,KAZ,0.0,radu-albot,5,,Radu Albot,R,0,MDA,0.0,6-1  7-6(3).,3,Unknown,101,4,1,48,69,30,14,10,6,8,1,4,41,63,24,7,9,5,9,0,0,0,0
2025-506,Buenos Aires,Clay,32,A,,11,laslo-djere,6,,Laslo Djere,R,0,SRB,0.0,federico-coria,3,,Federico Coria,R,0,ARG,0.0,6-2  6-4 .,3,Unknown,87,1,4,42,65,27,9,9,4,7,4,2,32,50,27,12,9,3,3,0,0,0,0
2025-424,Dallas,Hard,32,A,,11,christopher-eubanks,2,,Christopher Eubanks,R,0,USA,0.0,jack-pinnington jones,Alt,,Jack Pinnington Jones,R,0,GBR,0.0,6-3  6-1 .,3,Unknown,56,5,0,37,45,27,6,8,1,1,4,3,25,40,15,6,8,2,6,0,0,0,0
2025-499,Delray Beach,Clay,32,A,,11,james-trotter,8,,James Trotter,R,0,JPN,0.0,taro-daniel,2,,Taro Daniel,R,0,JPN,0.0,6-7(4) 7-5  6-3 .,3,Unknown,166,2,0,89,128,54,22,17,7,12,10,3,53,87,41,23,16,4,6,0,0,0,0
2025-451,Doha,Hard,32,A,,11,christopher-o'connell,2,,Christopher O'Connell,R,0,AUS,0.0,pavel-kotov,7,,Pavel Kotov,R,0,RUS,0.0,6-4  6-2 .,3,Unknown,81,6,1,30,52,23,15,9,3,4,0,0,38,56,20,8,9,3,7,0,0,0,0
2025-495,Dubai,Hard,32,A,,11,quentin-halys,2,,Quentin Halys,R,0,FRA,0.0,pavel-kotov,8,,Pavel Kotov,R,0,RUS,0.0,7-6(3) 7-5 .,3,Unknown,119,11,3,53,92,40,20,12,3,3,12,5,52,82,43,9,12,4,5,0,0,0,0
2025-741,Eastbourne,Hard,32,A,,11,aleksandar-vukic,3,,Aleksandar Vukic,R,0,AUS,0.0,jenson-brooksby,,,Jenson Brooksby,R,0,USA,0.0,7-5  6-3 .,3,Unknown,83,5,1,39,59,31,10,11,1,3,3,3,46,65,25,9,10,6,10,0,0,0,0
2025-322,Geneva,Hard,32,A,,11,sebastian-ofner,6,,Sebastian Ofner,R,0,AUT,0.0,reilly-opelka,3,,Reilly Opelka,R,0,USA,0.0,7-5  7-6(2).,3,Unknown,96,12,4,51,84,38,13,12,8,11,5,4,38,73,33,19,12,1,3,0,0,0,0
2025-314,Gstaad,Clay,32,A,,11,marco-trungelliti,3,,Marco Trungelliti,R,0,ARG,0.0,henry-bernet,,WC,Henry Bernet,R,0,SUI,0.0,7-5 6-7(2) 6-4 .,3,Unknown,164,4,6,81,120,60,17,17,14,16,6,3,72,106,50,18,17,3,7,0,0,0,0
2025-500,Halle,Grass,32,A,,11,laslo-djere,2,,Laslo Djere,R,0,SRB,0.0,jesper-de jong,6,,Jesper de Jong,R,0,NED,0.0,6-4  6-0 .,3,Unknown,67,7,1,35,52,26,10,8,2,3,3,5,30,58,20,7,8,6,11,0,0,0,0
2025-414,Hamburg,Clay,32,A,,11,raphael-collignon,4,,Raphael Collignon,R,0,BEL,0.0,daniel-dutra da silva,,,Daniel Dutra da Silva,R,0,BRA,0.0,6-2  6-3 .,3,Unknown,66,4,6,24,42,18,10,8,1,3,1,2,31,52,14,8,9,1,7,0,0,0,0
2025-336,Hong Kong,Hard,32,A,,11,gabriel-diallo,2,,Gabriel Diallo,R,0,CAN,0.0,hugo-grenier,8,,Hugo Grenier,R,0,FRA,0.0,4-6  6-1  7-5 .,3,Unknown,112,11,0,62,79,47,12,15,0,1,7,3,55,75,37,12,14,4,7,0,0,0,0
2025-717,Houston,Clay,32,A,,11,corentin-denolly,,,Corentin Denolly,R,0,FRA,0.0,adrian-mannarino,3/Alt,,Adrian Mannarino,R,0,FRA,0.0,6-4  5-7  7-6(5).,3,Unknown,175,11,7,61,113,48,25,17,1,4,3,3,89,129,61,18,17,16,19,0,0,0,0
2025-404,Indian Wells,Hard,32,A,,11,michael-mmoh,PR,,Michael Mmoh,R,0,USA,0.0,billy-harris,14,,Billy Harris,R,0,GBR,0.0,6-3  6-2 .,3,Unknown,86,4,3,27,46,20,10,9,0,2,0,0,53,70,26,6,8,9,14,0,0,0,0
2025-319,Kitzbuhel,Clay,32,A,,11,yannick-hanfmann,2,,Yannick Hanfmann,R,0,GER,0.0,andrej-martin,Alt,,Andrej Martin,R,0,SVK,0.0,6-1  6-3 .,3,Unknown,67,4,0,29,41,24,8,8,0,0,0,5,36,66,19,15,8,5,9,0,0,0,0
2025-311,London,Grass,32,A,,11,alex-bolt,Alt,,Alex Bolt,R,0,AUS,0.0,christopher-o'connell,7,,Christopher O'Connell,R,0,AUS,0.0,3-6  7-6(4) 6-3 .,3,Unknown,133,12,2,65,105,48,25,16,5,7,18,1,63,98,46,23,14,5,6,0,0,0,0
2025-7480,Los Cabos,Hard,32,A,,11,nicolas-mejia,5,,Nicolas Mejia,R,0,COL,0.0,murphy-cassone,2,,Murphy Cassone,R,0,USA,0.0,6-3  7-5 .,3,Unknown,102,3,5,38,64,28,10,10,3,6,3,1,42,64,35,10,11,2,3,0,0,0,0
2025-1536,Madrid,Clay,32,A,,11,hugo-dellien,14,,Hugo Dellien,R,0,BOL,0.0,adrian-mannarino,,,Adrian Mannarino,R,0,FRA,0.0,6-3  7-6(8).,3,Unknown,101,1,0,40,63,24,13,10,2,5,2,0,48,69,28,16,11,2,4,0,0,0,0
2025-8994,Mallorca,Grass,32,A,,11,ethan-quinn,7,,Ethan Quinn,R,0,USA,0.0,vit-kopriva,2,,Vit Kopriva,R,0,CZE,0.0,5-7  7-5  7-6(5).,3,Unknown,179,6,4,72,121,45,29,18,9,13,11,12,67,118,56,20,18,7,11,0,0,0,0
2025-360,Marrakech,Clay,32,A,,11,federico-coria,2,,Federico Coria,R,0,ARG,0.0,calvin-hemery,,,Calvin Hemery,R,0,FRA,0.0,6-4  6-2 .,3,Unknown,87,2,1,39,50,30,7,9,0,0,0,5,23,54,16,15,9,4,7,0,0,0,0
2025-496,Marseille,Hard,32,A,,11,clement-chidekh,,,Clement Chidekh,R,0,FRA,0.0,luca-van assche,6,,Luca Van Assche,R,0,FRA,0.0,6-4  4-6  7-5 .,3,Unknown,169,6,7,57,112,39,27,16,8,12,13,2,82,116,50,16,16,8,13,0,0,0,0
2025-403,Miami,Hard,32,A,,11,thiago agustin-tirante,,,Thiago Agustin Tirante,R,0,ARG,0.0,dusan-lajovic,14,,Dusan Lajovic,R,0,SRB,0.0,6-4  6-3 .,3,Unknown,86,7,0,36,60,27,15,9,4,4,2,2,45,62,32,4,10,3,6,0,0,0,0
2025-410,Monte Carlo,Clay,32,A,,11,mariano-navone,4,,Mariano Navone,R,0,ARG,0.0,chun-hsin-tseng,Alt,,Chun-Hsin Tseng,R,0,TPE,0.0,6-3  6-1 .,3,Unknown,76,2,2,26,46,16,15,8,4,5,0,2,31,54,15,10,8,0,5,0,0,0,0
2025-375,Montpellier,Clay,32,A,,11,alibek-kachmazov,,,Alibek Kachmazov,R,0,RUS,0.0,hugo-grenier,3,,Hugo Grenier,R,0,FRA,0.0,6-7(4) 6-2  6-1 .,3,Unknown,159,10,9,63,102,42,14,14,5,11,10,2,73,124,48,28,13,14,15,0,0,0,0
2025-308,Munich,Clay,32,A,,11,alexander-bublik,3,,Alexander Bublik,R,0,KAZ,0.0,diego-dedura,,WC,Diego Dedura,R,0,GER,0.0,6-3  6-3 .,3,Unknown,65,2,0,37,54,26,9,9,0,2,0,0,34,52,18,7,9,5,10,0,0,0,0
2025-6932,Rio De Janeiro,Clay,32,A,,11,juan manuel-cerundolo,,,Juan Manuel Cerundolo,R,0,ARG,0.0,jaime-faria,3,,Jaime Faria,R,0,POR,0.0,5-7  6-4  6-4 .,3,Unknown,161,4,3,58,100,41,21,16,3,7,6,2,59,92,42,18,16,3,6,0,0,0,0
2025-416,Rome,Clay,32,A,,11,thiago-seyboth wild,14,,Thiago Seyboth Wild,R,0,BRA,0.0,pierluigi-basile,,WC,Pierluigi Basile,R,0,ITA,0.0,6-2  6-3 .,3,Unknown,68,2,4,35,55,19,9,9,6,10,0,1,23,40,21,11,8,0,0,0,0,0,0
2025-407,Rotterdam,Hard,32,A,,11,mattia-bellucci,3,,Mattia Bellucci,R,0,ITA,0.0,gijs-brouwer,8/WC,,Gijs Brouwer,R,0,NED,0.0,6-1  6-1 .,3,Unknown,49,6,0,21,36,19,10,7,0,0,0,2,29,43,11,7,7,3,8,0,0,0,0
2025-440,S Hertogenbosch,Grass,32,A,,11,mackenzie-mcdonald,3,,Mackenzie McDonald,R,0,USA,0.0,thijs-boogaard,,WC,Thijs Boogaard,R,0,NED,0.0,7-6(4) 6-1 .,3,Unknown,82,7,1,50,67,41,9,10,1,1,1,4,39,67,26,14,9,5,7,0,0,0,0
2025-8996,Santiago,Clay,32,A,,11,gustavo-heide,5,,Gustavo Heide,R,0,BRA,0.0,thiago agustin-tirante,2,,Thiago Agustin Tirante,R,0,ARG,0.0,6-7(4) 6-2  7-5 .,3,Unknown,154,7,4,61,101,42,24,16,3,6,11,3,49,85,45,22,16,3,3,0,0,0,0
2025-321,Stuttgart,Clay,32,A,,11,yannick-hanfmann,6,,Yannick Hanfmann,R,0,GER,0.0,tristan-boyer,3,,Tristan Boyer,R,0,USA,0.0,7-6(12) 6-4 .,3,Unknown,132,2,2,46,81,32,18,11,0,3,4,4,57,84,38,17,11,4,6,0,0,0,0
2025-421,Toronto,Hard,32,A,,11,emilio-nava,6,,Emilio Nava,R,0,USA,0.0,mitchell-krueger,19,,Mitchell Krueger,R,0,USA,0.0,6-4  7-6(5).,3,Unknown,119,15,3,51,90,38,22,11,7,8,4,1,52,81,35,15,11,2,4,0,0,0,0
2025-439,Umag,Clay,32,A,,11,titouan-droguet,7,,Titouan Droguet,R,0,FRA,0.0,vilius-gaubas,2,,Vilius Gaubas,R,0,LTU,0.0,4-6  6-3  6-3 .,3,Unknown,131,0,1,81,94,47,8,14,7,11,3,2,49,82,32,24,14,6,8,0,0,0,0
2025-418,Washington,Clay,32,A,,11,corentin-moutet,1,,Corentin Moutet,R,0,FRA,0.0,karue-sell,,,Karue Sell,R,0,BRA,0.0,6-4  6-2 .,3,Unknown,85,4,0,32,51,25,11,9,2,3,3,4,33,58,22,10,9,2,6,0,0,0,0
2025-422,Cincinnati,Hard,32,A,,11,liam-draxl,14,,Liam Draxl,R,0,CAN,0.0,andres-martin,,WC,Andres Martin,R,0,USA,0.0,6-3  7-6(3).,3,Unknown,107,5,2,45,72,32,9,11,7,10,5,1,48,63,36,8,10,2,3,0,0,0,0
2025-9900,Perth Sydney,Hard,32,A,,11,stefanos-tsitsipas,3,,Stefanos Tsitsipas,R,0,GRE,0.0,pablo-carreno busta,14,,Pablo Carreno Busta,R,0,ESP,0.0,6-4  4-6  6-3 .,3,Unknown,128,13,6,58,49,82,54,15,33,1,2,3,76,70,69,41,14,67,6,0,0,0,0
2025-807,Acapulco,Hard,32,A,,10,learner-tien,4,,Learner Tien,R,0,USA,0.0,dusan-lajovic,5,,Dusan Lajovic,R,0,SRB,0.0,7-5  7-6(7).,3,Unknown,118,1,2,46,76,30,14,12,1,5,5,1,71,93,41,9,12,6,11,0,0,0,0
2025-8998,Adelaide,Hard,32,A,,10,james-duckworth,7,,James Duckworth,R,0,AUS,0.0,jacob-bradshaw,,WC,Jacob Bradshaw,R,0,AUS,0.0,6-2  6-2 .,3,Unknown,64,3,2,41,59,22,9,8,2,6,0,1,30,39,25,7,8,0,0,0,0,0,0
2025-301,Auckland,Hard,32,A,,10,luca-nardi,7,,Luca Nardi,R,0,ITA,0.0,facundo-diaz acosta,3,,Facundo Diaz Acosta,R,0,ARG,0.0,7-5 6-7(2) 6-2 .,3,Unknown,154,2,2,71,105,49,19,16,3,7,5,6,56,92,50,17,16,1,2,0,0,0,0
2025-425,Barcelona,Clay,32,A,,10,borna-coric,,,Borna Coric,R,0,CRO,0.0,mattia-bellucci,4,,Mattia Bellucci,R,0,ITA,0.0,6-2  6-4 .,3,Unknown,95,2,3,27,52,16,13,9,3,6,3,1,36,61,30,12,9,1,1,0,0,0,0
2025-316,Bastad,Clay,32,A,,10,thiago-monteiro,5,,Thiago Monteiro,R,0,BRA,0.0,vilius-gaubas,4,,Vilius Gaubas,R,0,LTU,0.0,1-6  6-2  6-3 .,3,Unknown,117,0,4,51,73,35,9,12,7,10,3,1,37,65,30,14,12,2,4,0,0,0,0
2025-339,Brisbane,Hard,32,A,,10,dusan-lajovic,3,,Dusan Lajovic,R,0,SRB,0.0,casey-hoole,,WC,Casey Hoole,R,0,AUS,0.0,7-5 7-6(3) 0-0 RET.,3,Unknown,119,5,3,49,67,37,10,12,3,5,7,4,61,85,43,11,12,6,7,0,0,0,0
2025-4462,Bucharest,Clay,32,A,,10,martin-klizan,,,Martin Klizan,R,0,SVK,0.0,sascha-gueymard wayenburg,8,,Sascha Gueymard Wayenburg,R,0,FRA,0.0,6-7(5) 6-4  6-3 .,3,Unknown,160,2,2,59,112,43,31,16,9,11,5,2,68,101,45,15,15,6,10,0,0,0,0
2025-506,Buenos Aires,Clay,32,A,,10,juan manuel-cerundolo,,,Juan Manuel Cerundolo,R,0,ARG,0.0,sumit-nagal,4,,Sumit Nagal,R,0,IND,0.0,6-3 7-6(5) 1-0 RET.,3,Unknown,142,1,3,56,87,39,18,12,6,8,2,3,54,74,36,10,10,3,5,0,0,0,0
2025-424,Dallas,Hard,32,A,,10,brandon-holt,,,Brandon Holt,R,0,USA,0.0,ryan-seggerman,,WC,Ryan Seggerman,R,0,USA,0.0,6-2  6-3 .,3,Unknown,65,3,1,32,52,18,8,8,5,9,0,1,48,57,35,3,9,5,6,0,0,0,0
2025-499,Delray Beach,Clay,32,A,,10,zachary-svajda,7,,Zachary Svajda,R,0,USA,0.0,ethan-quinn,,,Ethan Quinn,R,0,USA,0.0,7-6(1) 6-3 .,3,Unknown,88,5,3,39,63,27,11,11,1,4,7,1,32,64,24,20,10,3,4,0,0,0,0
2025-451,Doha,Hard,32,A,,10,luca-nardi,3,,Luca Nardi,R,0,ITA,0.0,mikhail-kukushkin,8,,Mikhail Kukushkin,R,0,KAZ,0.0,6-4  6-4 .,3,Unknown,119,4,2,44,69,26,13,10,5,8,2,1,44,71,24,13,10,6,11,0,0,0,0
2025-495,Dubai,Hard,32,A,,10,christopher-o'connell,3,,Christopher O'Connell,R,0,AUS,0.0,botic-van de zandschulp,6,,Botic van de Zandschulp,R,0,NED,0.0,7-6(5) 6-4 .,3,Unknown,121,2,1,53,87,33,17,11,4,8,5,3,35,68,24,11,11,3,8,0,0,0,0
2025-741,Eastbourne,Hard,32,A,,10,james-duckworth,7,,James Duckworth,R,0,AUS,0.0,johannus-monday,,,Johannus Monday,R,0,GBR,0.0,6-4  6-2 .,3,Unknown,68,0,2,30,49,16,9,9,3,7,4,1,36,49,27,7,9,0,1,0,0,0,0
2025-322,Geneva,Hard,32,A,,10,ivan-gakhov,,,Ivan Gakhov,R,0,RUS,0.0,kilian-feldbausch,,WC,Kilian Feldbausch,R,0,SUI,0.0,6-3  4-6  7-5 .,3,Unknown,140,3,2,68,106,44,15,16,5,10,0,5,56,80,34,13,15,5,11,0,0,0,0
2025-314,Gstaad,Clay,32,A,,10,ignacio-buse,4,,Ignacio Buse,R,0,PER,0.0,patrick-zahraj,,,Patrick Zahraj,R,0,GER,0.0,7-6(4) 6-3 .,3,Unknown,117,7,1,41,70,32,18,11,5,6,6,6,51,88,37,14,10,13,15,0,0,0,0
2025-500,Halle,Grass,32,A,,10,yannick-hanfmann,,,Yannick Hanfmann,R,0,GER,0.0,nicolas-jarry,,,Nicolas Jarry,R,0,CHI,0.0,6-3  6-3 .,3,Unknown,72,10,3,30,52,20,8,9,4,8,6,1,37,51,26,10,9,0,1,0,0,0,0
2025-414,Hamburg,Clay,32,A,,10,borna-gojo,7/Alt,,Borna Gojo,R,0,CRO,0.0,dimitar-kuzmanov,,,Dimitar Kuzmanov,R,0,BUL,0.0,7-5  6-4 .,3,Unknown,101,1,2,40,65,27,11,11,1,4,6,1,47,66,36,11,11,6,7,0,0,0,0
2025-336,Hong Kong,Hard,32,A,,10,francesco-passaro,4,,Francesco Passaro,R,0,ITA,0.0,denis-yevseyev,,,Denis Yevseyev,R,0,KAZ,0.0,4-6  6-2  6-4 .,3,Unknown,117,4,2,46,80,33,19,14,2,5,4,1,64,99,43,10,14,7,12,0,0,0,0
2025-717,Houston,Clay,32,A,,10,colton-smith,6/WC,,Colton Smith,R,0,USA,0.0,liam-draxl,4,,Liam Draxl,R,0,CAN,0.0,6-4  6-4 .,3,Unknown,90,2,3,53,67,33,7,10,5,7,8,2,40,62,32,12,10,2,2,0,0,0,0
2025-404,Indian Wells,Hard,32,A,,10,pablo-carreno busta,15,,Pablo Carreno Busta,R,0,ESP,0.0,zachary-svajda,,,Zachary Svajda,R,0,USA,0.0,1-6  6-3  7-6(7).,3,Unknown,135,6,0,44,89,33,23,14,2,5,4,2,57,99,39,20,14,4,8,0,0,0,0
2025-319,Kitzbuhel,Clay,32,A,,10,facundo-bagnis,PR,,Facundo Bagnis,R,0,ARG,0.0,thiago-monteiro,4,,Thiago Monteiro,R,0,BRA,0.0,6-1  6-4 .,3,Unknown,86,1,2,22,45,13,9,8,3,7,5,4,34,64,28,13,9,11,12,0,0,0,0
2025-311,London,Grass,32,A,,10,corentin-moutet,,,Corentin Moutet,R,0,FRA,0.0,arthur-rinderknech,8,,Arthur Rinderknech,R,0,FRA,0.0,6-3  3-6  7-5 .,3,Unknown,151,8,2,56,86,41,20,15,3,4,8,7,74,109,55,14,15,8,10,0,0,0,0
2025-7480,Los Cabos,Hard,32,A,,10,yibing-wu,6,,Yibing Wu,R,0,CHN,0.0,bernard-tomic,4,,Bernard Tomic,R,0,AUS,0.0,7-6(3) 3-1 RET.,3,Unknown,76,2,1,41,67,23,16,8,6,7,3,1,26,48,21,16,8,0,0,0,0,0,0
2025-1536,Madrid,Clay,32,A,,10,luca-nardi,15,,Luca Nardi,R,0,ITA,0.0,manas-dhamne,,WC,Manas Dhamne,R,0,IND,0.0,6-4  6-4 .,3,Unknown,75,0,2,34,56,25,11,10,2,5,3,2,34,54,27,12,10,1,2,0,0,0,0
2025-8994,Mallorca,Grass,32,A,,10,nishesh-basavareddy,,,Nishesh Basavareddy,R,0,USA,0.0,mariano-navone,4,,Mariano Navone,R,0,ARG,0.0,6-1  6-4 .,3,Unknown,76,1,4,23,42,11,6,8,2,7,4,2,23,52,20,14,9,1,3,0,0,0,0
2025-360,Marrakech,Clay,32,A,,10,juan manuel-cerundolo,3,,Juan Manuel Cerundolo,R,0,ARG,0.0,titouan-droguet,,,Titouan Droguet,R,0,FRA,0.0,6-2  3-6  6-1 .,3,Unknown,113,0,3,36,65,23,19,12,1,4,1,0,51,79,29,12,12,5,11,0,0,0,0
2025-496,Marseille,Hard,32,A,,10,pierre-hugues-herbert,8,,Pierre-Hugues Herbert,R,0,FRA,0.0,manuel-guinard,,WC,Manuel Guinard,R,0,FRA,0.0,3-6  6-4  6-3 .,3,Unknown,120,5,4,50,85,37,18,14,1,4,12,1,59,85,42,15,14,8,10,0,0,0,0
2025-403,Miami,Hard,32,A,,10,mackenzie-mcdonald,15,,Mackenzie McDonald,R,0,USA,0.0,nikoloz-basilashvili,,,Nikoloz Basilashvili,R,0,GEO,0.0,6-1 7-6(4) 3-2 RET.,3,Unknown,101,2,4,50,77,35,9,11,3,7,9,2,59,77,45,9,13,2,4,0,0,0,0
2025-410,Monte Carlo,Clay,32,A,,10,albert-ramos-vinolas,,WC,Albert Ramos-Vinolas,R,0,ESP,0.0,benjamin-bonzi,5,,Benjamin Bonzi,R,0,FRA,0.0,6-4  0-6  6-3 .,3,Unknown,116,2,4,60,95,38,14,13,5,10,0,0,48,69,30,8,12,5,10,0,0,0,0
2025-375,Montpellier,Clay,32,A,,10,constant-lestienne,6,,Constant Lestienne,R,0,FRA,0.0,terence-atmane,4,,Terence Atmane,R,0,FRA,0.0,6-4  6-0 .,3,Unknown,62,2,5,27,45,15,5,8,1,6,4,1,35,48,26,6,8,3,4,0,0,0,0
2025-308,Munich,Clay,32,A,,10,borna-gojo,PR,,Borna Gojo,R,0,CRO,0.0,alexander-shevchenko,,,Alexander Shevchenko,R,0,KAZ,0.0,6-4  6-4 .,3,Unknown,86,7,2,40,60,29,9,10,0,2,5,0,42,69,21,16,10,5,9,0,0,0,0
2025-6932,Rio De Janeiro,Clay,32,A,,10,hugo-dellien,4,,Hugo Dellien,R,0,BOL,0.0,roman andres-burruchaga,,,Roman Andres Burruchaga,R,0,ARG,0.0,6-3  1-6  6-1 .,3,Unknown,125,1,0,48,70,32,12,12,0,2,4,1,53,83,33,16,11,9,12,0,0,0,0
2025-416,Rome,Clay,32,A,,10,roman andres-burruchaga,,,Roman Andres Burruchaga,R,0,ARG,0.0,daniel elahi-galan,15,,Daniel Elahi Galan,R,0,COL,0.0,6-4  2-6  6-3 .,3,Unknown,142,0,3,55,90,28,23,13,5,9,3,3,61,90,38,12,14,4,9,0,0,0,0
2025-407,Rotterdam,Hard,32,A,,10,harold-mayot,5,,Harold Mayot,R,0,FRA,0.0,mikhail-kukushkin,4,,Mikhail Kukushkin,R,0,KAZ,0.0,6-1  7-6(4).,3,Unknown,93,0,0,0,0,0,0,0,0,0,0,0,0,0,0,0,0,0,0,0,0,0,0
2025-440,S Hertogenbosch,Grass,32,A,,10,alexander-blockx,5,,Alexander Blockx,R,0,BEL,0.0,adrian-mannarino,4,,Adrian Mannarino,R,0,FRA,0.0,6-3  3-6  7-6(6).,3,Unknown,141,7,2,67,103,48,17,15,4,6,8,2,64,105,47,21,15,7,9,0,0,0,0
2025-8996,Santiago,Clay,32,A,,10,juan pablo-ficovich,6,,Juan Pablo Ficovich,R,0,ARG,0.0,roman andres-burruchaga,3,,Roman Andres Burruchaga,R,0,ARG,0.0,6-4 6-7(3) 6-2 .,3,Unknown,159,2,8,52,93,32,19,15,4,11,5,0,52,94,29,25,15,2,6,0,0,0,0
2025-321,Stuttgart,Clay,32,A,,10,marton-fucsovics,4,,Marton Fucsovics,R,0,HUN,0.0,beibit-zhukayev,,,Beibit Zhukayev,R,0,KAZ,0.0,6-7(5) 6-3  6-2 .,3,Unknown,101,5,3,49,77,44,21,15,1,1,12,4,54,79,44,10,14,4,7,0,0,0,0
2025-421,Toronto,Hard,32,A,,10,yosuke-watanuki,17,,Yosuke Watanuki,R,0,JPN,0.0,dalibor-svrcina,7,,Dalibor Svrcina,R,0,CZE,0.0,7-6(2) 1-6  6-4 .,3,Unknown,150,3,17,55,116,38,27,15,8,13,7,11,39,81,26,20,14,1,7,0,0,0,0
2025-439,Umag,Clay,32,A,,10,giulio-zeppieri,PR,,Giulio Zeppieri,R,0,ITA,0.0,luca-van assche,8,,Luca Van Assche,R,0,FRA,0.0,6-3  6-4 .,3,Unknown,84,4,4,42,60,32,8,10,2,3,3,2,26,49,18,13,9,1,4,0,0,0,0
2025-418,Washington,Clay,32,A,,10,rinky-hijikata,2,,Rinky Hijikata,R,0,AUS,0.0,adhithya-ganesan,,WC,Adhithya Ganesan,R,0,USA,0.0,6-3  7-5 .,3,Unknown,74,1,1,35,61,20,16,11,2,6,7,8,38,59,19,8,10,3,9,0,0,0,0
2025-422,Cincinnati,Hard,32,A,,10,martin-landaluce,,,Martin Landaluce,R,0,ESP,0.0,cristian-garin,16,,Cristian Garin,R,0,CHI,0.0,6-4  3-6  7-6(5).,3,Unknown,169,8,8,58,96,41,21,15,10,13,4,6,63,105,44,24,16,4,7,0,0,0,0
2025-9900,Perth Sydney,Hard,32,A,,10,borna-coric,18,,Borna Coric,R,0,CRO,0.0,felix-auger-aliassime,7,,Felix Auger-Aliassime,R,0,CAN,0.0,0-6  6-4  6-4 .,3,Unknown,139,13,3,74,67,64,48,13,67,8,1,6,49,40,65,41,13,50,5,0,0,0,0
2025-807,Acapulco,Hard,32,A,,9,nishesh-basavareddy,,,Nishesh Basavareddy,R,0,USA,0.0,stefan-kozlov,,WC,Stefan Kozlov,R,0,USA,0.0,6-2  6-4 .,3,Unknown,97,0,2,36,56,19,10,9,7,11,1,3,36,55,26,10,9,1,2,0,0,0,0
2025-8998,Adelaide,Hard,32,A,,9,yannick-hanfmann,,,Yannick Hanfmann,R,0,GER,0.0,manuel-guinard,Alt,,Manuel Guinard,R,0,FRA,0.0,7-6(1) 6-3 .,3,Unknown,91,3,6,27,54,21,11,10,1,4,9,2,63,82,46,7,11,9,11,0,0,0,0
2025-301,Auckland,Hard,32,A,,9,nishesh-basavareddy,,,Nishesh Basavareddy,R,0,USA,0.0,daniel-altmaier,6,,Daniel Altmaier,R,0,GER,0.0,6-2  6-1 .,3,Unknown,62,1,0,20,39,19,13,8,0,0,6,0,32,48,19,5,7,2,6,0,0,0,0
2025-425,Barcelona,Clay,32,A,,9,hamad-medjedovic,6,,Hamad Medjedovic,R,0,SRB,0.0,hugo-dellien,,,Hugo Dellien,R,0,BOL,0.0,7-6(1) 4-6  6-3 .,3,Unknown,146,10,4,73,105,58,16,16,5,6,3,2,81,103,60,8,15,8,9,0,0,0,0
2025-316,Bastad,Clay,32,A,,9,nicolai-budkov kjaer,Alt,,Nicolai Budkov Kjaer,R,0,NOR,0.0,pablo-llamas ruiz,PR,,Pablo Llamas Ruiz,R,0,ESP,0.0,3-6  7-6(4) 6-3 .,3,Unknown,154,2,2,86,120,60,16,16,8,11,1,2,56,81,42,14,14,2,4,0,0,0,0
2025-339,Brisbane,Hard,32,A,,9,tristan-schoolkate,,,Tristan Schoolkate,R,0,AUS,0.0,james-duckworth,4,,James Duckworth,R,0,AUS,0.0,6-4  6-4 .,3,Unknown,81,5,3,35,56,25,12,10,2,4,14,1,42,58,33,9,10,0,0,0,0,0,0
2025-4462,Bucharest,Clay,32,A,,9,valentin-vacherot,,,Valentin Vacherot,R,0,MON,0.0,luca-preda,,WC,Luca Preda,R,0,ROU,0.0,6-2  6-3 .,3,Unknown,83,4,1,43,67,28,15,9,12,13,1,0,34,47,18,5,8,4,8,0,0,0,0
2025-506,Buenos Aires,Clay,32,A,,9,roman andres-burruchaga,Alt,,Roman Andres Burruchaga,R,0,ARG,0.0,felipe-meligeni alves,Alt,,Felipe Meligeni Alves,R,0,BRA,0.0,2-6  6-2  7-6(3).,3,Unknown,163,1,2,68,99,45,13,14,8,11,9,4,68,105,51,12,14,6,9,0,0,0,0
2025-424,Dallas,Hard,32,A,,9,michael-mmoh,PR,,Michael Mmoh,R,0,USA,0.0,georgi-georgiev,,WC,Georgi Georgiev,R,0,BUL,0.0,7-6(3) 6-3 .,3,Unknown,100,8,2,40,64,30,15,11,3,5,4,0,40,56,26,9,10,0,3,0,0,0,0
2025-499,Delray Beach,Clay,32,A,,9,michael-mmoh,,WC,Michael Mmoh,R,0,USA,0.0,dmitry-popko,,,Dmitry Popko,R,0,KAZ,0.0,7-6(5) 6-0 .,3,Unknown,99,4,3,33,66,21,15,9,6,9,4,2,29,49,27,13,9,0,0,0,0,0,0
2025-451,Doha,Hard,32,A,,9,botic-van de zandschulp,4,,Botic van de Zandschulp,R,0,NED,0.0,otto-virtanen,5,,Otto Virtanen,R,0,FIN,0.0,6-1  6-4 .,3,Unknown,53,6,1,30,40,28,8,9,0,0,4,1,27,41,19,5,8,0,3,0,0,0,0
2025-495,Dubai,Hard,32,A,,9,marton-fucsovics,4,,Marton Fucsovics,R,0,HUN,0.0,luca-nardi,5,,Luca Nardi,R,0,ITA,0.0,7-6(5) 6-4 .,3,Unknown,102,10,3,46,69,36,12,11,3,5,6,5,43,75,26,17,11,1,4,0,0,0,0
2025-741,Eastbourne,Hard,32,A,,9,george-loffhagen,,WC,George Loffhagen,R,0,GBR,0.0,billy-harris,,,Billy Harris,R,0,GBR,0.0,7-6(2) 6-2 .,3,Unknown,98,3,2,52,70,32,11,10,5,7,6,4,36,61,31,16,10,0,0,0,0,0,0
2025-322,Geneva,Hard,32,A,,9,karue-sell,,,Karue Sell,R,0,BRA,0.0,remy-bertola,,,Remy Bertola,R,0,SUI,0.0,3-6  6-4  6-4 .,3,Unknown,113,6,4,54,82,41,13,14,3,6,3,3,55,92,38,20,15,3,6,0,0,0,0
2025-314,Gstaad,Clay,32,A,,9,calvin-hemery,,,Calvin Hemery,R,0,FRA,0.0,facundo-bagnis,PR,,Facundo Bagnis,R,0,ARG,0.0,6-4  1-6  6-1 .,3,Unknown,105,5,4,43,68,33,12,12,2,4,7,3,50,70,36,9,12,4,7,0,0,0,0
2025-500,Halle,Grass,32,A,,9,sebastian-ofner,,,Sebastian Ofner,R,0,AUT,0.0,justin-engel,,WC,Justin Engel,R,0,GER,0.0,6-4  6-4 .,3,Unknown,74,6,5,34,56,29,11,10,4,6,13,1,29,49,27,13,10,0,0,0,0,0,0
2025-414,Hamburg,Clay,32,A,,9,elias-ymer,,,Elias Ymer,R,0,SWE,0.0,marko-topo,,WC,Marko Topo,R,0,GER,0.0,6-7(5) 6-4  6-4 .,3,Unknown,176,5,4,80,116,54,19,16,6,7,3,1,59,112,43,24,16,8,11,0,0,0,0
2025-336,Hong Kong,Hard,32,A,,9,alejandro-moro canas,,,Alejandro Moro Canas,R,0,ESP,0.0,jie-cui,,WC,Jie Cui,R,0,CHN,0.0,6-2  6-3 .,3,Unknown,85,8,2,36,57,29,12,9,5,5,2,0,43,54,28,4,8,2,5,0,0,0,0
2025-717,Houston,Clay,32,A,,9,jenson-brooksby,,WC,Jenson Brooksby,R,0,USA,0.0,patrick-maloney,,,Patrick Maloney,R,0,USA,0.0,6-4  6-2 .,3,Unknown,80,2,3,31,53,27,12,9,3,3,1,2,31,51,21,9,9,0,3,0,0,0,0
2025-404,Indian Wells,Hard,32,A,,9,kamil-majchrzak,16,,Kamil Majchrzak,R,0,POL,0.0,trevor-svajda,,WC,Trevor Svajda,R,0,USA,0.0,6-3  6-1 .,3,Unknown,67,0,2,29,52,14,7,8,5,11,4,0,33,52,25,7,8,7,9,0,0,0,0
2025-319,Kitzbuhel,Clay,32,A,,9,norbert-gombos,Alt,,Norbert Gombos,R,0,SVK,0.0,radu-albot,,,Radu Albot,R,0,MDA,0.0,6-3  6-4 .,3,Unknown,84,3,2,31,61,25,16,9,5,6,1,6,35,59,21,11,10,2,6,0,0,0,0
2025-311,London,Grass,32,A,,9,mackenzie-mcdonald,,,Mackenzie McDonald,R,0,USA,0.0,henry-searle,,WC,Henry Searle,R,0,GBR,0.0,6-4  6-2 .,3,Unknown,64,0,0,0,0,0,0,0,0,0,0,0,0,0,0,0,0,0,0,0,0,0,0
2025-7480,Los Cabos,Hard,32,A,,9,govind-nanda,8,,Govind Nanda,R,0,USA,0.0,taha-baadi,Alt,,Taha Baadi,R,0,MAR,0.0,6-4  6-2 .,3,Unknown,80,0,5,27,51,13,11,9,0,5,2,1,35,53,25,10,9,1,3,0,0,0,0
2025-1536,Madrid,Clay,32,A,,9,cristian-garin,,,Cristian Garin,R,0,CHI,0.0,chun-hsin-tseng,16,,Chun-Hsin Tseng,R,0,TPE,0.0,2-6  6-3  7-5 .,3,Unknown,162,6,3,62,111,46,19,15,8,12,5,0,46,89,34,20,14,4,8,0,0,0,0
2025-8994,Mallorca,Grass,32,A,,9,brandon-holt,,,Brandon Holt,R,0,USA,0.0,elias-ymer,,,Elias Ymer,R,0,SWE,0.0,7-6(4) 6-3 .,3,Unknown,96,7,0,38,67,33,18,11,5,6,2,0,47,66,34,11,10,1,3,0,0,0,0
2025-360,Marrakech,Clay,32,A,,9,pierre-hugues-herbert,7,,Pierre-Hugues Herbert,R,0,FRA,0.0,harold-mayot,4,,Harold Mayot,R,0,FRA,0.0,6-1  6-4 .,3,Unknown,86,3,2,35,65,21,12,8,4,8,8,6,30,53,23,12,9,3,4,0,0,0,0
2025-496,Marseille,Hard,32,A,,9,arthur-gea,,WC,Arthur Gea,R,0,FRA,0.0,yosuke-watanuki,PR,,Yosuke Watanuki,R,0,JPN,0.0,7-6(2) 6-4 .,3,Unknown,109,10,6,42,84,32,15,11,4,7,5,0,49,73,35,15,11,2,4,0,0,0,0
2025-403,Miami,Hard,32,A,,9,shintaro-mochizuki,,,Shintaro Mochizuki,R,0,JPN,0.0,yannick-hanfmann,16,,Yannick Hanfmann,R,0,GER,0.0,7-6(5) 6-4 .,3,Unknown,100,4,2,47,73,34,16,11,3,5,4,0,63,77,39,7,11,2,5,0,0,0,0
2025-410,Monte Carlo,Clay,32,A,,9,camilo-ugo carabelli,6,,Camilo Ugo Carabelli,R,0,ARG,0.0,hugo-gaston,,,Hugo Gaston,R,0,FRA,0.0,6-4  6-0 .,3,Unknown,65,0,0,34,47,20,9,8,1,3,3,3,25,48,13,7,8,7,13,0,0,0,0
2025-375,Montpellier,Clay,32,A,,9,nikoloz-basilashvili,,,Nikoloz Basilashvili,R,0,GEO,0.0,titouan-droguet,8,,Titouan Droguet,R,0,FRA,0.0,6-3 6-3 5-4 RET.,3,Unknown,122,9,2,35,73,29,24,13,0,1,14,3,52,94,42,19,14,3,5,0,0,0,0
2025-308,Munich,Clay,32,A,,9,chun-hsin-tseng,,,Chun-Hsin Tseng,R,0,TPE,0.0,billy-harris,,,Billy Harris,R,0,GBR,0.0,4-6  7-6(5) 6-2 .,3,Unknown,151,1,2,47,91,32,32,15,2,4,2,2,61,92,44,17,15,5,8,0,0,0,0
2025-6932,Rio De Janeiro,Clay,32,A,,9,chun-hsin-tseng,6,,Chun-Hsin Tseng,R,0,TPE,0.0,marco-trungelliti,,,Marco Trungelliti,R,0,ARG,0.0,6-7(5) 6-0  6-4 .,3,Unknown,171,1,8,43,87,28,13,14,5,13,5,5,69,112,44,21,14,9,13,0,0,0,0
2025-416,Rome,Clay,32,A,,9,valentin-royer,17,,Valentin Royer,R,0,FRA,0.0,federico agustin-gomez,,,Federico Agustin Gomez,R,0,ARG,0.0,6-4  4-6  7-5 .,3,Unknown,155,5,7,61,108,36,20,16,6,13,1,1,53,101,37,20,16,3,9,0,0,0,0
2025-407,Rotterdam,Hard,32,A,,9,andrea-vavassori,,,Andrea Vavassori,R,0,ITA,0.0,geoffrey-blancaneaux,,,Geoffrey Blancaneaux,R,0,FRA,0.0,6-3  6-4 .,3,Unknown,83,3,3,35,53,28,12,10,0,0,1,5,37,60,25,11,9,3,5,0,0,0,0
2025-440,S Hertogenbosch,Grass,32,A,,9,daniel-evans,,,Daniel Evans,R,0,GBR,0.0,mees-rottgering,,WC,Mees Rottgering,R,0,NED,0.0,6-3 6-7(5) 6-2 .,3,Unknown,160,1,5,69,105,50,17,14,6,7,7,3,78,110,50,15,15,4,9,0,0,0,0
2025-8996,Santiago,Clay,32,A,,9,felipe-meligeni alves,4,,Felipe Meligeni Alves,R,0,BRA,0.0,juan pablo-varillas,8,,Juan Pablo Varillas,R,0,PER,0.0,6-4  6-2 .,3,Unknown,80,6,1,33,49,27,10,9,0,0,3,0,43,59,28,7,9,6,9,0,0,0,0
2025-321,Stuttgart,Clay,32,A,,9,pierre-hugues-herbert,7,,Pierre-Hugues Herbert,R,0,FRA,0.0,li-tu,,,Li Tu,R,0,AUS,0.0,6-3 6-7(2) 6-1 .,3,Unknown,120,7,4,55,89,37,15,13,3,8,12,12,47,86,40,18,15,2,4,0,0,0,0
2025-421,Toronto,Hard,32,A,,9,alexander-blockx,8,,Alexander Blockx,R,0,BEL,0.0,duje-ajdukovic,26,,Duje Ajdukovic,R,0,CRO,0.0,6-4  6-4 .,3,Unknown,87,0,1,39,57,25,10,10,2,4,4,5,45,74,27,13,10,4,8,0,0,0,0
2025-439,Umag,Clay,32,A,,9,alvaro-guillen meza,,,Alvaro Guillen Meza,R,0,ECU,0.0,luka-mikrut,,WC,Luka Mikrut,R,0,CRO,0.0,6-3  6-1 .,3,Unknown,85,2,0,43,66,24,10,8,6,10,1,0,35,48,26,10,8,4,4,0,0,0,0
2025-418,Washington,Clay,32,A,,9,colton-smith,4,,Colton Smith,R,0,USA,0.0,andrew-fenty,,WC,Andrew Fenty,R,0,USA,0.0,6-3  3-6  6-4 .,3,Unknown,131,7,4,50,90,34,22,14,4,7,5,5,58,83,36,13,14,0,4,0,0,0,0
2025-422,Cincinnati,Hard,32,A,,9,dalibor-svrcina,17,,Dalibor Svrcina,R,0,CZE,0.0,yosuke-watanuki,,,Yosuke Watanuki,R,0,JPN,0.0,6-2  6-0 .,3,Unknown,78,0,0,0,0,0,0,0,0,0,0,0,0,0,0,0,0,0,0,0,0,0,0
2025-807,Acapulco,Hard,32,A,,8,mattia-bellucci,1,,Mattia Bellucci,R,0,ITA,0.0,christopher-eubanks,,,Christopher Eubanks,R,0,USA,0.0,6-2  6-4 .,3,Unknown,70,5,0,30,42,27,9,9,0,0,4,3,40,54,23,6,9,4,7,0,0,0,0
2025-8998,Adelaide,Hard,32,A,,8,jacob-bradshaw,,WC,Jacob Bradshaw,R,0,AUS,0.0,quentin-halys,2,,Quentin Halys,R,0,FRA,0.0,2-2 RET.,3,Unknown,19,1,3,13,23,10,3,2,2,2,3,0,6,8,6,2,2,0,0,0,0,0,0
2025-301,Auckland,Hard,32,A,,8,adrian-mannarino,1,,Adrian Mannarino,R,0,FRA,0.0,dominic-stricker,PR,,Dominic Stricker,R,0,SUI,0.0,6-4  6-4 .,3,Unknown,81,4,3,31,59,22,18,10,3,4,2,5,38,61,27,9,10,3,6,0,0,0,0
2025-425,Barcelona,Clay,32,A,,8,jacob-fearnley,7,,Jacob Fearnley,R,0,GBR,0.0,leo-borg,,WC,Leo Borg,R,0,SWE,0.0,7-5  7-6(1).,3,Unknown,112,2,0,60,97,36,19,12,11,14,5,2,40,72,30,19,12,1,3,0,0,0,0
2025-316,Bastad,Clay,32,A,,8,filip-misolic,1,,Filip Misolic,R,0,AUT,0.0,radu-albot,,,Radu Albot,R,0,MDA,0.0,6-4  6-3 .,3,Unknown,93,1,2,60,85,42,11,10,8,9,0,1,41,60,26,8,9,2,5,0,0,0,0
2025-339,Brisbane,Hard,32,A,,8,yannick-hanfmann,5,,Yannick Hanfmann,R,0,GER,0.0,jacob-bradshaw,,WC,Jacob Bradshaw,R,0,AUS,0.0,6-4  6-2 .,3,Unknown,79,0,0,0,0,0,0,0,0,0,0,0,0,0,0,0,0,0,0,0,0,0,0
2025-4462,Bucharest,Clay,32,A,,8,valentin-vacherot,,,Valentin Vacherot,R,0,MON,0.0,nikoloz-basilashvili,1,,Nikoloz Basilashvili,R,0,GEO,0.0,6-2 6-7(8) 6-4 .,3,Unknown,131,3,10,57,111,42,28,15,4,7,11,2,63,96,52,18,15,2,2,0,0,0,0
2025-506,Buenos Aires,Clay,32,A,,8,francesco-passaro,1,,Francesco Passaro,R,0,ITA,0.0,daniel elahi-galan,,,Daniel Elahi Galan,R,0,COL,0.0,6-1  6-4 .,3,Unknown,85,4,1,39,54,30,9,9,2,2,5,4,35,61,23,10,8,6,9,0,0,0,0
2025-424,Dallas,Hard,32,A,,8,james-duckworth,1,,James Duckworth,R,0,AUS,0.0,eric-hadigian,,WC,Eric Hadigian,R,0,USA,0.0,6-1  6-1 .,3,Unknown,54,3,0,23,32,21,7,7,0,0,6,3,27,43,15,4,7,3,8,0,0,0,0
2025-499,Delray Beach,Clay,32,A,,8,tristan-boyer,1,,Tristan Boyer,R,0,USA,0.0,j.j.-wolf,,WC,J.J. Wolf,R,0,USA,0.0,2-1 RET.,3,Unknown,17,1,0,6,10,6,2,2,0,0,1,0,4,5,4,0,1,0,0,0,0,0,0
2025-451,Doha,Hard,32,A,,8,quentin-halys,1,,Quentin Halys,R,0,FRA,0.0,mubarak shannan-zayid,,WC,Mubarak Shannan Zayid,R,0,QAT,0.0,6-4  6-2 .,3,Unknown,66,6,0,26,41,23,11,9,2,3,0,6,33,56,23,6,9,4,8,0,0,0,0
2025-495,Dubai,Hard,32,A,,8,roman-safiullin,1,,Roman Safiullin,R,0,RUS,0.0,nikoloz-basilashvili,,WC,Nikoloz Basilashvili,R,0,GEO,0.0,7-6(1) 3-6  6-3 .,3,Unknown,139,10,7,58,101,44,24,15,11,13,11,9,59,102,45,20,15,5,7,0,0,0,0
2025-741,Eastbourne,Hard,32,A,,8,mattia-bellucci,1,,Mattia Bellucci,R,0,ITA,0.0,marek-gengel,,,Marek Gengel,R,0,CZE,0.0,7-5  6-1 .,3,Unknown,82,3,2,24,44,20,11,9,0,2,6,7,48,88,28,14,10,12,18,0,0,0,0
2025-322,Geneva,Hard,32,A,,8,remy-bertola,,,Remy Bertola,R,0,SUI,0.0,james-duckworth,1,,James Duckworth,R,0,AUS,0.0,7-6(3) 6-4 .,3,Unknown,93,3,2,32,66,22,21,11,0,2,2,5,41,69,31,16,11,3,4,0,0,0,0
2025-314,Gstaad,Clay,32,A,,8,francesco-passaro,1,,Francesco Passaro,R,0,ITA,0.0,mika-brunold,,WC,Mika Brunold,R,0,SUI,0.0,6-3  6-2 .,3,Unknown,80,4,1,31,57,20,18,9,0,1,2,3,33,56,19,9,8,7,11,0,0,0,0
2025-500,Halle,Grass,32,A,,8,benjamin-bonzi,1,,Benjamin Bonzi,R,0,FRA,0.0,patrick-zahraj,,WC,Patrick Zahraj,R,0,GER,0.0,6-3  6-4 .,3,Unknown,79,7,1,39,63,31,15,10,3,3,5,2,27,51,20,12,9,2,4,0,0,0,0
2025-414,Hamburg,Clay,32,A,,8,dimitar-kuzmanov,,,Dimitar Kuzmanov,R,0,BUL,0.0,aleksandar-vukic,1,,Aleksandar Vukic,R,0,AUS,0.0,6-4  6-2 .,3,Unknown,93,3,0,33,60,24,9,9,3,7,2,2,41,60,28,11,9,2,3,0,0,0,0
2025-336,Hong Kong,Hard,32,A,,8,pavel-kotov,1,,Pavel Kotov,R,0,RUS,0.0,valentin-royer,,,Valentin Royer,R,0,FRA,0.0,3-6  7-5  7-6(5).,3,Unknown,156,10,5,58,92,43,19,16,1,4,10,1,68,112,49,24,17,7,10,0,0,0,0
2025-717,Houston,Clay,32,A,,8,jenson-brooksby,,WC,Jenson Brooksby,R,0,USA,0.0,federico agustin-gomez,1,,Federico Agustin Gomez,R,0,ARG,0.0,3-6  7-6(5) 6-4 .,3,Unknown,158,5,10,72,120,47,22,16,7,11,5,6,61,96,39,18,15,4,8,0,0,0,0
2025-404,Indian Wells,Hard,32,A,,8,radu-albot,,,Radu Albot,R,0,MDA,0.0,taro-daniel,17,,Taro Daniel,R,0,JPN,0.0,3-6  6-2  6-4 .,3,Unknown,130,9,2,54,77,40,12,14,4,7,3,4,56,104,38,19,13,7,11,0,0,0,0
2025-319,Kitzbuhel,Clay,32,A,,8,jan-lennard-struff,1,,Jan-Lennard Struff,R,0,GER,0.0,nico-hipfl,,WC,Nico Hipfl,R,0,AUT,0.0,6-3  6-2 .,3,Unknown,52,7,0,25,44,23,14,9,2,2,5,3,29,52,21,8,8,2,5,0,0,0,0
2025-311,London,Grass,32,A,,8,henry-searle,,WC,Henry Searle,R,0,GBR,0.0,yunchaokete-bu,1,,Yunchaokete Bu,R,0,CHN,0.0,7-6(0) 7-6(6).,3,Unknown,113,7,2,50,80,37,16,12,3,4,13,1,52,83,41,17,12,3,4,0,0,0,0
2025-7480,Los Cabos,Hard,32,A,,8,mark-lajal,1,,Mark Lajal,R,0,EST,0.0,luca-lemaitre,,WC,Luca Lemaitre,R,0,MEX,0.0,6-2  6-3 .,3,Unknown,82,2,1,26,53,19,18,9,2,3,0,4,35,56,20,7,8,3,7,0,0,0,0
2025-1536,Madrid,Clay,32,A,,8,harold-mayot,,,Harold Mayot,R,0,FRA,0.0,alexander-shevchenko,17,,Alexander Shevchenko,R,0,KAZ,0.0,6-2  7-5 .,3,Unknown,73,3,1,32,52,25,13,10,0,1,4,2,50,65,30,6,10,3,7,0,0,0,0
2025-8994,Mallorca,Grass,32,A,,8,aleksandar-kovacevic,1,,Aleksandar Kovacevic,R,0,USA,0.0,sascha-gueymard wayenburg,,,Sascha Gueymard Wayenburg,R,0,FRA,0.0,6-4  6-2 .,3,Unknown,79,5,5,43,69,34,8,9,8,9,4,7,31,53,21,8,9,4,8,0,0,0,0
2025-360,Marrakech,Clay,32,A,,8,kamil-majchrzak,1,,Kamil Majchrzak,R,0,POL,0.0,marco-trungelliti,,,Marco Trungelliti,R,0,ARG,0.0,6-4  6-3 .,3,Unknown,90,5,2,35,66,26,16,10,4,6,2,4,24,53,15,13,9,1,5,0,0,0,0
2025-496,Marseille,Hard,32,A,,8,manuel-guinard,,WC,Manuel Guinard,R,0,FRA,0.0,kamil-majchrzak,1,,Kamil Majchrzak,R,0,POL,0.0,7-5  7-6(7).,3,Unknown,101,7,0,57,79,36,14,12,5,8,12,2,47,80,33,19,12,2,4,0,0,0,0
2025-403,Miami,Hard,32,A,,8,brandon-holt,17,,Brandon Holt,R,0,USA,0.0,martin-damm,,WC,Martin Damm,R,0,USA,0.0,4-6  6-2  6-2 .,3,Unknown,104,4,6,49,82,37,10,13,4,9,4,2,54,74,40,12,13,1,3,0,0,0,0
2025-410,Monte Carlo,Clay,32,A,,8,laslo-djere,,,Laslo Djere,R,0,SRB,0.0,francisco-comesana,7,,Francisco Comesana,R,0,ARG,0.0,6-4  6-4 .,3,Unknown,95,2,6,35,65,27,13,10,5,7,2,2,41,66,30,15,10,3,3,0,0,0,0
2025-375,Montpellier,Clay,32,A,,8,aleksandar-kovacevic,1,,Aleksandar Kovacevic,R,0,USA,0.0,robin-bertrand,Alt,,Robin Bertrand,R,0,FRA,0.0,7-6(4) 6-4 .,3,Unknown,116,10,0,38,69,31,17,11,7,9,5,6,41,87,25,26,11,5,8,0,0,0,0
2025-308,Munich,Clay,32,A,,8,learner-tien,2,,Learner Tien,R,0,USA,0.0,henri-squire,,WC,Henri Squire,R,0,GER,0.0,7-5  2-6  6-0 .,3,Unknown,102,3,4,40,74,30,17,13,3,7,3,7,50,76,35,7,13,2,8,0,0,0,0
2025-6932,Rio De Janeiro,Clay,32,A,,8,camilo-ugo carabelli,1,,Camilo Ugo Carabelli,R,0,ARG,0.0,karue-sell,,WC,Karue Sell,R,0,BRA,0.0,6-4  4-6  6-4 .,3,Unknown,146,0,2,65,81,48,9,15,1,3,6,5,58,98,40,20,15,3,6,0,0,0,0
2025-416,Rome,Clay,32,A,,8,dusan-lajovic,,,Dusan Lajovic,R,0,SRB,0.0,ethan-quinn,18,,Ethan Quinn,R,0,USA,0.0,7-5 6-7(5) 6-3 .,3,Unknown,147,4,2,59,91,47,22,17,0,1,2,2,65,105,44,23,16,3,6,0,0,0,0
2025-407,Rotterdam,Hard,32,A,,8,daniel-altmaier,2,,Daniel Altmaier,R,0,GER,0.0,carlos-sanchez jover,Alt,,Carlos Sanchez Jover,R,0,ESP,0.0,6-3  6-2 .,3,Unknown,72,3,2,31,57,26,15,9,2,2,2,4,37,55,25,5,8,4,7,0,0,0,0
2025-440,S Hertogenbosch,Grass,32,A,,8,reilly-opelka,2,,Reilly Opelka,R,0,USA,0.0,denis-yevseyev,,,Denis Yevseyev,R,0,KAZ,0.0,6-1  7-6(6).,3,Unknown,87,0,0,0,0,0,0,0,0,0,0,0,0,0,0,0,0,0,0,0,0,0,0
2025-8996,Santiago,Clay,32,A,,8,juan manuel-cerundolo,1,,Juan Manuel Cerundolo,R,0,ARG,0.0,matias-soto,,,Matias Soto,R,0,CHI,0.0,6-3  6-2 .,3,Unknown,80,9,5,27,50,23,10,9,0,2,1,1,29,55,15,12,8,3,8,0,0,0,0
2025-321,Stuttgart,Clay,32,A,,8,beibit-zhukayev,,,Beibit Zhukayev,R,0,KAZ,0.0,marc-andrea-huesler,8,,Marc-Andrea Huesler,R,0,SUI,0.0,6-3  5-7  6-4 .,3,Unknown,100,13,3,54,80,45,18,16,1,2,16,0,50,76,39,17,15,2,4,0,0,0,0
2025-421,Toronto,Hard,32,A,,8,shintaro-mochizuki,9,,Shintaro Mochizuki,R,0,JPN,0.0,yasutaka-uchiyama,25,,Yasutaka Uchiyama,R,0,JPN,0.0,6-4  6-3 .,3,Unknown,87,2,6,41,69,26,14,10,6,9,6,3,26,55,14,14,9,5,10,0,0,0,0
2025-439,Umag,Clay,32,A,,8,andrea-pellegrino,1,,Andrea Pellegrino,R,0,ITA,0.0,vitaliy-sachko,,,Vitaliy Sachko,R,0,UKR,0.0,6-2  2-6  7-6(1).,3,Unknown,136,6,3,68,102,46,14,14,8,12,3,0,54,77,37,11,14,3,7,0,0,0,0
2025-418,Washington,Clay,32,A,,8,billy-harris,5,,Billy Harris,R,0,GBR,0.0,marek-gengel,,,Marek Gengel,R,0,CZE,0.0,6-1  7-5 .,3,Unknown,82,7,2,41,67,29,13,10,3,5,3,3,26,47,14,9,9,1,6,0,0,0,0
2025-422,Cincinnati,Hard,32,A,,8,alexander-blockx,18,,Alexander Blockx,R,0,BEL,0.0,alibek-kachmazov,,,Alibek Kachmazov,R,0,RUS,0.0,4-2 RET.,3,Unknown,30,0,0,0,0,0,0,0,0,0,0,0,0,0,0,0,0,0,0,0,0,0,0
2025-807,Acapulco,Hard,32,A,,7,aleksandar-kovacevic,2,,Aleksandar Kovacevic,R,0,USA,0.0,alan-magadan,,WC,Alan Magadan,R,0,MEX,0.0,6-2  3-6  6-3 .,3,Unknown,109,6,2,52,75,36,11,13,2,6,1,2,44,75,26,15,13,1,7,0,0,0,0
2025-8998,Adelaide,Hard,32,A,,7,rinky-hijikata,3,,Rinky Hijikata,R,0,AUS,0.0,omar-jasika,Alt,,Omar Jasika,R,0,AUS,0.0,6-0 2-1 RET.,3,Unknown,35,2,1,13,19,11,5,4,0,0,0,2,10,24,4,3,5,0,4,0,0,0,0
2025-301,Auckland,Hard,32,A,,7,zizou-bergs,2,,Zizou Bergs,R,0,BEL,0.0,pablo-carreno busta,,,Pablo Carreno Busta,R,0,ESP,0.0,2-6  7-6(6) 6-4 .,3,Unknown,155,11,1,71,107,49,17,15,11,15,1,2,72,102,49,14,15,6,9,0,0,0,0
2025-425,Barcelona,Clay,32,A,,7,arthur-rinderknech,8,,Arthur Rinderknech,R,0,FRA,0.0,jozef-kovalik,,,Jozef Kovalik,R,0,SVK,0.0,7-6(2) 2-6  6-3 .,3,Unknown,151,2,2,58,101,35,27,14,7,9,13,2,63,103,47,18,15,9,12,0,0,0,0
2025-316,Bastad,Clay,32,A,,7,nicolai-budkov kjaer,Alt,,Nicolai Budkov Kjaer,R,0,NOR,0.0,thiago-seyboth wild,2,,Thiago Seyboth Wild,R,0,BRA,0.0,6-3  6-4 .,3,Unknown,91,8,3,44,65,26,11,9,5,8,4,1,41,57,28,10,10,2,3,0,0,0,0
2025-339,Brisbane,Hard,32,A,,7,lucas-pouille,6,,Lucas Pouille,R,0,FRA,0.0,jason-kubler,PR,,Jason Kubler,R,0,AUS,0.0,4-6  6-3  7-6(6).,3,Unknown,149,16,3,54,100,40,28,16,1,2,14,3,64,103,50,20,15,2,3,0,0,0,0
2025-4462,Bucharest,Clay,32,A,,7,martin-klizan,,,Martin Klizan,R,0,SVK,0.0,martin-landaluce,2,,Martin Landaluce,R,0,ESP,0.0,6-2  3-6  6-4 .,3,Unknown,132,2,6,48,85,29,19,14,2,7,5,2,44,68,34,10,13,1,4,0,0,0,0
2025-506,Buenos Aires,Clay,32,A,,7,felipe-meligeni alves,Alt,,Felipe Meligeni Alves,R,0,BRA,0.0,thiago-monteiro,2,,Thiago Monteiro,R,0,BRA,0.0,5-7  6-3  7-6(8).,3,Unknown,169,18,4,65,100,49,15,16,2,5,12,2,78,108,56,15,17,3,6,0,0,0,0
2025-424,Dallas,Hard,32,A,,7,christopher-eubanks,2,,Christopher Eubanks,R,0,USA,0.0,aidan-mayo,Alt,,Aidan Mayo,R,0,USA,0.0,6-3  7-5 .,3,Unknown,79,5,1,51,65,36,9,11,2,3,4,3,31,53,21,12,10,4,7,0,0,0,0
2025-499,Delray Beach,Clay,32,A,,7,taro-daniel,2,,Taro Daniel,R,0,JPN,0.0,liam-draxl,Alt,,Liam Draxl,R,0,CAN,0.0,7-6(6) 4-0 RET.,3,Unknown,83,4,4,32,53,23,12,8,2,4,3,6,24,52,15,12,8,2,6,0,0,0,0
2025-451,Doha,Hard,32,A,,7,christopher-o'connell,2,,Christopher O'Connell,R,0,AUS,0.0,yosuke-watanuki,PR,,Yosuke Watanuki,R,0,JPN,0.0,6-7(3) 7-6(4) 6-3 .,3,Unknown,190,13,3,80,129,62,29,17,6,6,6,2,61,98,48,24,16,3,4,0,0,0,0
2025-495,Dubai,Hard,32,A,,7,quentin-halys,2,,Quentin Halys,R,0,FRA,0.0,yasutaka-uchiyama,,,Yasutaka Uchiyama,R,0,JPN,0.0,6-3  7-6(4).,3,Unknown,93,7,4,37,66,32,17,11,2,3,9,1,36,71,25,18,10,4,6,0,0,0,0
2025-741,Eastbourne,Hard,32,A,,7,johannus-monday,,,Johannus Monday,R,0,GBR,0.0,christopher-o'connell,2,,Christopher O'Connell,R,0,AUS,0.0,6-3  2-6  6-4 .,3,Unknown,112,11,2,42,70,37,12,13,3,5,11,4,51,86,37,19,14,5,7,0,0,0,0
2025-322,Geneva,Hard,32,A,,7,cameron-norrie,2,,Cameron Norrie,R,0,GBR,0.0,ergi-kirkin,,,Ergi Kirkin,R,0,TUR,0.0,6-1  6-3 .,3,Unknown,78,4,0,24,41,22,10,8,0,0,1,3,37,66,24,10,8,11,15,0,0,0,0
2025-314,Gstaad,Clay,32,A,,7,calvin-hemery,,,Calvin Hemery,R,0,FRA,0.0,yannick-hanfmann,2,,Yannick Hanfmann,R,0,GER,0.0,7-5  7-6(7).,3,Unknown,115,4,3,53,78,36,13,12,2,5,8,3,51,79,40,15,12,2,4,0,0,0,0
2025-500,Halle,Grass,32,A,,7,laslo-djere,2,,Laslo Djere,R,0,SRB,0.0,nikoloz-basilashvili,,,Nikoloz Basilashvili,R,0,GEO,0.0,7-5  6-3 .,3,Unknown,73,15,1,45,66,35,11,11,4,5,3,1,34,55,23,11,10,1,4,0,0,0,0
2025-414,Hamburg,Clay,32,A,,7,aleksandar-kovacevic,2,,Aleksandar Kovacevic,R,0,USA,0.0,max-wiskandt,,WC,Max Wiskandt,R,0,GER,0.0,7-6(4) 6-4 .,3,Unknown,98,7,3,40,61,32,11,11,1,3,3,4,51,72,28,12,11,2,5,0,0,0,0
2025-336,Hong Kong,Hard,32,A,,7,gabriel-diallo,2,,Gabriel Diallo,R,0,CAN,0.0,ki lung-ng,,WC,Ki Lung Ng,R,0,HKG,0.0,7-6(2) 6-2 .,3,Unknown,111,5,3,43,59,35,9,10,0,0,0,6,56,86,31,16,10,5,7,0,0,0,0
2025-717,Houston,Clay,32,A,,7,mitchell-krueger,2,,Mitchell Krueger,R,0,USA,0.0,toby-kodat,,,Toby Kodat,R,0,USA,0.0,7-5 3-1 RET.,3,Unknown,88,3,1,25,48,20,11,8,2,3,4,3,37,62,26,12,8,2,3,0,0,0,0
2025-404,Indian Wells,Hard,32,A,,7,yasutaka-uchiyama,,,Yasutaka Uchiyama,R,0,JPN,0.0,jozef-kovalik,18,,Jozef Kovalik,R,0,SVK,0.0,6-4  6-4 .,3,Unknown,83,8,3,38,58,30,12,10,1,1,1,1,41,56,29,7,10,1,3,0,0,0,0
2025-319,Kitzbuhel,Clay,32,A,,7,yannick-hanfmann,2,,Yannick Hanfmann,R,0,GER,0.0,albert-ramos-vinolas,,,Albert Ramos-Vinolas,R,0,ESP,0.0,6-1  7-6(7).,3,Unknown,111,9,3,38,61,34,13,9,1,1,2,1,55,83,30,17,10,9,12,0,0,0,0
2025-311,London,Grass,32,A,,7,adam-walton,,,Adam Walton,R,0,AUS,0.0,hamad-medjedovic,2,,Hamad Medjedovic,R,0,SRB,0.0,7-6(5) 6-2 .,3,Unknown,83,6,4,37,63,25,11,10,1,5,5,2,40,64,31,10,10,1,3,0,0,0,0
2025-7480,Los Cabos,Hard,32,A,,7,murphy-cassone,2,,Murphy Cassone,R,0,USA,0.0,evan-zhu,Alt,,Evan Zhu,R,0,USA,0.0,6-1  2-6  6-4 .,3,Unknown,109,2,9,46,79,32,15,13,8,12,2,6,43,87,27,17,12,9,14,0,0,0,0
2025-1536,Madrid,Clay,32,A,,7,ethan-quinn,,,Ethan Quinn,R,0,USA,0.0,billy-harris,18,,Billy Harris,R,0,GBR,0.0,6-3  6-4 .,3,Unknown,81,7,4,38,65,33,13,10,3,3,2,2,40,59,30,7,9,2,4,0,0,0,0
2025-8994,Mallorca,Grass,32,A,,7,vit-kopriva,2,,Vit Kopriva,R,0,CZE,0.0,petros-tsitsipas,,WC,Petros Tsitsipas,R,0,GRE,0.0,6-3  7-5 .,3,Unknown,100,1,5,31,63,23,14,10,6,9,9,8,43,79,26,11,11,9,15,0,0,0,0
2025-360,Marrakech,Clay,32,A,,7,federico-coria,2,,Federico Coria,R,0,ARG,0.0,giulio-zeppieri,PR,,Giulio Zeppieri,R,0,ITA,0.0,6-3 2-0 RET.,3,Unknown,65,2,4,23,39,15,9,5,5,6,1,0,20,41,9,8,6,4,8,0,0,0,0
2025-496,Marseille,Hard,32,A,,7,yosuke-watanuki,PR,,Yosuke Watanuki,R,0,JPN,0.0,jozef-kovalik,2,,Jozef Kovalik,R,0,SVK,0.0,7-5  6-2 .,3,Unknown,82,2,7,28,63,19,14,10,5,10,6,2,30,56,24,15,10,4,6,0,0,0,0
2025-403,Miami,Hard,32,A,,7,alexander-blockx,,,Alexander Blockx,R,0,BEL,0.0,otto-virtanen,18,,Otto Virtanen,R,0,FIN,0.0,3-6  6-4  6-3 .,3,Unknown,103,5,4,54,79,40,13,14,1,3,1,4,51,83,38,16,14,5,8,0,0,0,0
2025-410,Monte Carlo,Clay,32,A,,7,yunchaokete-bu,8,,Yunchaokete Bu,R,0,CHN,0.0,nicolai-budkov kjaer,,WC,Nicolai Budkov Kjaer,R,0,NOR,0.0,6-3  6-1 .,3,Unknown,86,1,3,29,55,15,12,8,3,7,5,0,21,45,18,15,8,1,1,0,0,0,0
2025-375,Montpellier,Clay,32,A,,7,nikoloz-basilashvili,,,Nikoloz Basilashvili,R,0,GEO,0.0,matteo-gigante,2,,Matteo Gigante,R,0,ITA,0.0,6-3  7-5 .,3,Unknown,95,9,5,47,80,30,15,10,6,9,4,0,35,69,25,21,11,2,3,0,0,0,0
2025-308,Munich,Clay,32,A,,7,alexander-bublik,3,,Alexander Bublik,R,0,KAZ,0.0,alexander-ritschard,,,Alexander Ritschard,R,0,SUI,0.0,6-2  6-3 .,3,Unknown,69,5,3,33,54,26,13,9,2,2,2,3,31,55,21,10,8,5,8,0,0,0,0
2025-6932,Rio De Janeiro,Clay,32,A,,7,marco-trungelliti,,,Marco Trungelliti,R,0,ARG,0.0,yannick-hanfmann,2,,Yannick Hanfmann,R,0,GER,0.0,6-4  6-3 .,3,Unknown,81,1,1,37,56,22,7,9,2,6,3,4,26,62,21,17,10,1,3,0,0,0,0
2025-416,Rome,Clay,32,A,,7,otto-virtanen,,,Otto Virtanen,R,0,FIN,0.0,tristan-boyer,19,,Tristan Boyer,R,0,USA,0.0,7-6(3) 4-6  6-3 .,3,Unknown,153,4,4,62,106,43,26,16,2,5,1,2,69,112,46,21,15,8,11,0,0,0,0
2025-407,Rotterdam,Hard,32,A,,7,mattia-bellucci,3,,Mattia Bellucci,R,0,ITA,0.0,thijs-boogaard,,WC,Thijs Boogaard,R,0,NED,0.0,6-3  6-1 .,3,Unknown,67,0,0,0,0,0,0,0,0,0,0,0,0,0,0,0,0,0,0,0,0,0,0
2025-440,S Hertogenbosch,Grass,32,A,,7,mackenzie-mcdonald,3,,Mackenzie McDonald,R,0,USA,0.0,ryan-peniston,,,Ryan Peniston,R,0,GBR,0.0,6-3  6-3 .,3,Unknown,77,0,0,0,0,0,0,0,0,0,0,0,0,0,0,0,0,0,0,0,0,0,0
2025-8996,Santiago,Clay,32,A,,7,thiago agustin-tirante,2,,Thiago Agustin Tirante,R,0,ARG,0.0,pol-martin tiffon,Alt,,Pol Martin Tiffon,R,0,ESP,0.0,6-1  6-4 .,3,Unknown,68,4,1,33,44,28,6,9,0,1,4,4,29,57,19,10,8,4,8,0,0,0,0
2025-321,Stuttgart,Clay,32,A,,7,james-duckworth,1,,James Duckworth,R,0,AUS,0.0,benjamin-hassan,,,Benjamin Hassan,R,0,LBN,0.0,6-3  7-6(4).,3,Unknown,100,6,3,50,88,38,19,11,6,7,7,3,33,69,22,20,10,2,4,0,0,0,0
2025-421,Toronto,Hard,32,A,,7,tristan-boyer,10,,Tristan Boyer,R,0,USA,0.0,james-trotter,22,,James Trotter,R,0,JPN,0.0,7-6(6) 6-3 .,3,Unknown,106,9,2,47,78,35,20,11,2,2,11,5,43,71,32,15,10,2,3,0,0,0,0
2025-439,Umag,Clay,32,A,,7,vilius-gaubas,2,,Vilius Gaubas,R,0,LTU,0.0,federico-arnaboldi,,,Federico Arnaboldi,R,0,ITA,0.0,6-3  6-2 .,3,Unknown,75,3,2,35,50,28,8,9,0,0,0,2,31,50,19,9,8,1,4,0,0,0,0
2025-418,Washington,Clay,32,A,,7,tyler-zink,,,Tyler Zink,R,0,USA,0.0,taro-daniel,7,,Taro Daniel,R,0,JPN,0.0,7-6(5) 6-4 .,3,Unknown,90,13,1,49,62,43,7,11,0,0,6,5,40,73,31,19,11,2,3,0,0,0,0
2025-422,Cincinnati,Hard,32,A,,7,shintaro-mochizuki,19,,Shintaro Mochizuki,R,0,JPN,0.0,facundo-bagnis,PR,,Facundo Bagnis,R,0,ARG,0.0,3-6  6-3  6-4 .,3,Unknown,115,7,2,54,85,33,22,14,6,9,6,6,34,74,28,22,14,0,2,0,0,0,0
2025-9900,Perth Sydney,Hard,32,A,,7,ugo-humbert,10,,Ugo Humbert,R,0,FRA,0.0,dominic-stricker,16,,Dominic Stricker,R,0,SUI,0.0,6-3  7-5 .,3,Unknown,72,10,2,67,34,88,59,11,0,0,10,1,61,34,79,45,10,25,1,0,0,0,0
2025-807,Acapulco,Hard,32,A,,6,learner-tien,4,,Learner Tien,R,0,USA,0.0,federico agustin-gomez,Alt,,Federico Agustin Gomez,R,0,ARG,0.0,6-1  6-3 .,3,Unknown,69,3,3,36,58,29,10,8,2,2,2,5,24,43,14,6,8,1,5,0,0,0,0
2025-8998,Adelaide,Hard,32,A,,6,benjamin-bonzi,4,,Benjamin Bonzi,R,0,FRA,0.0,fabio-fognini,,,Fabio Fognini,R,0,ITA,0.0,3-2 RET.,3,Unknown,27,1,1,12,17,9,3,3,0,0,1,4,9,18,8,3,2,0,0,0,0,0,0
2025-301,Auckland,Hard,32,A,,6,facundo-diaz acosta,3,,Facundo Diaz Acosta,R,0,ARG,0.0,ajeet-rai,,WC,Ajeet Rai,R,0,NZL,0.0,6-4  6-2 .,3,Unknown,75,2,1,33,47,26,8,9,2,3,3,5,32,57,22,9,9,3,7,0,0,0,0
2025-425,Barcelona,Clay,32,A,,6,ethan-quinn,Alt,,Ethan Quinn,R,0,USA,0.0,corentin-moutet,9,,Corentin Moutet,R,0,FRA,0.0,2-6  6-3  7-5 .,3,Unknown,142,5,1,69,100,44,18,15,5,7,1,2,57,85,35,22,14,6,8,0,0,0,0
2025-316,Bastad,Clay,32,A,,6,andrea-pellegrino,3,,Andrea Pellegrino,R,0,ITA,0.0,daniel-michalski,,,Daniel Michalski,R,0,POL,0.0,6-3 6-7(3) 6-2 .,3,Unknown,138,8,1,65,96,48,15,15,6,8,3,1,43,87,30,20,14,4,9,0,0,0,0
2025-4462,Bucharest,Clay,32,A,,6,ugo-blanchet,3,,Ugo Blanchet,R,0,FRA,0.0,cezar-cretu,Alt,,Cezar Cretu,R,0,ROU,0.0,6-4  7-5 .,3,Unknown,110,0,3,29,69,22,21,11,3,6,7,3,40,72,24,13,11,9,14,0,0,0,0
2025-506,Buenos Aires,Clay,32,A,,6,federico-coria,3,,Federico Coria,R,0,ARG,0.0,thiago agustin-tirante,,,Thiago Agustin Tirante,R,0,ARG,0.0,7-5 7-6(8) 4-1 RET.,3,Unknown,152,5,4,59,93,44,13,13,3,5,7,2,65,96,44,17,14,6,8,0,0,0,0
2025-424,Dallas,Hard,32,A,,6,michael-mmoh,PR,,Michael Mmoh,R,0,USA,0.0,tristan-boyer,3,,Tristan Boyer,R,0,USA,0.0,6-4  7-6(5).,3,Unknown,114,3,0,50,70,35,7,11,5,8,2,3,45,75,29,19,11,4,6,0,0,0,0
2025-499,Delray Beach,Clay,32,A,,6,dmitry-popko,,,Dmitry Popko,R,0,KAZ,0.0,federico agustin-gomez,3,,Federico Agustin Gomez,R,0,ARG,0.0,2-6  6-3  7-6(4).,3,Unknown,118,9,7,63,94,50,10,14,3,5,6,3,49,85,37,20,15,1,4,0,0,0,0
2025-451,Doha,Hard,32,A,,6,luca-nardi,3,,Luca Nardi,R,0,ITA,0.0,yasutaka-uchiyama,,,Yasutaka Uchiyama,R,0,JPN,0.0,6-4  6-4 .,3,Unknown,92,3,2,38,57,29,13,10,0,0,3,2,41,64,29,10,10,5,7,0,0,0,0
2025-495,Dubai,Hard,32,A,,6,christopher-o'connell,3,,Christopher O'Connell,R,0,AUS,0.0,abdulrahman-al janahi,,WC,Abdulrahman Al Janahi,R,0,UAE,0.0,6-2  6-0 .,3,Unknown,63,3,0,22,37,18,11,7,2,2,0,5,30,53,12,9,7,3,8,0,0,0,0
2025-741,Eastbourne,Hard,32,A,,6,aleksandar-vukic,3,,Aleksandar Vukic,R,0,AUS,0.0,jay-clarke,,,Jay Clarke,R,0,GBR,0.0,6-3  6-2 .,3,Unknown,64,11,0,31,51,24,14,9,2,2,2,2,29,42,20,5,8,0,3,0,0,0,0
2025-322,Geneva,Hard,32,A,,6,reilly-opelka,3,,Reilly Opelka,R,0,USA,0.0,enrico-dalla valle,,,Enrico Dalla Valle,R,0,ITA,0.0,6-4  6-4 .,3,Unknown,88,15,5,40,71,29,19,10,4,4,1,1,36,54,23,14,10,3,5,0,0,0,0
2025-314,Gstaad,Clay,32,A,,6,marco-trungelliti,3,,Marco Trungelliti,R,0,ARG,0.0,alexander-ritschard,,,Alexander Ritschard,R,0,SUI,0.0,7-5  6-4 .,3,Unknown,95,4,3,33,56,25,12,11,0,2,7,3,41,76,26,14,11,4,8,0,0,0,0
2025-500,Halle,Grass,32,A,,6,nicolas-jarry,,,Nicolas Jarry,R,0,CHI,0.0,learner-tien,3,,Learner Tien,R,0,USA,0.0,6-3  6-4 .,3,Unknown,61,5,8,25,45,18,12,9,0,2,12,2,32,48,30,10,10,0,0,0,0,0,0
2025-414,Hamburg,Clay,32,A,,6,elias-ymer,,,Elias Ymer,R,0,SWE,0.0,christopher-o'connell,3,,Christopher O'Connell,R,0,AUS,0.0,6-2  3-6  6-4 .,3,Unknown,136,5,2,54,98,34,14,14,10,17,2,1,54,77,33,9,13,3,8,0,0,0,0
2025-336,Hong Kong,Hard,32,A,,6,alejandro-moro canas,,,Alejandro Moro Canas,R,0,ESP,0.0,daniel-altmaier,3,,Daniel Altmaier,R,0,GER,0.0,6-4  6-3 .,3,Unknown,75,4,0,34,55,26,7,9,2,4,5,2,38,49,35,5,10,0,0,0,0,0,0
2025-717,Houston,Clay,32,A,,6,adrian-mannarino,3/Alt,,Adrian Mannarino,R,0,FRA,0.0,naoki-nakagawa,,,Naoki Nakagawa,R,0,JPN,0.0,3-6  6-3  6-2 .,3,Unknown,124,4,2,50,81,37,18,13,6,7,11,5,47,83,35,16,13,7,10,0,0,0,0
2025-404,Indian Wells,Hard,32,A,,6,li-tu,,,Li Tu,R,0,AUS,0.0,adrian-mannarino,19,,Adrian Mannarino,R,0,FRA,0.0,6-3  6-4 .,3,Unknown,80,6,4,43,67,34,12,10,2,2,4,0,30,52,18,15,9,2,4,0,0,0,0
2025-319,Kitzbuhel,Clay,32,A,,6,norbert-gombos,Alt,,Norbert Gombos,R,0,SVK,0.0,martin-landaluce,3,,Martin Landaluce,R,0,ESP,0.0,6-0  6-3 .,3,Unknown,68,2,9,26,54,13,11,8,2,7,3,2,20,34,17,11,7,0,0,0,0,0,0
2025-311,London,Grass,32,A,,6,corentin-moutet,,,Corentin Moutet,R,0,FRA,0.0,mattia-bellucci,3,,Mattia Bellucci,R,0,ITA,0.0,7-6(3) 4-6  6-3 .,3,Unknown,163,10,7,65,111,51,23,15,7,8,9,5,84,113,65,14,16,8,9,0,0,0,0
2025-7480,Los Cabos,Hard,32,A,,6,taha-baadi,Alt,,Taha Baadi,R,0,MAR,0.0,yasutaka-uchiyama,3,,Yasutaka Uchiyama,R,0,JPN,0.0,6-4  6-4 .,3,Unknown,103,4,3,51,80,27,15,10,5,9,5,1,37,58,25,14,10,0,2,0,0,0,0
2025-1536,Madrid,Clay,32,A,,6,elmer-moller,,,Elmer Moller,R,0,DEN,0.0,nishesh-basavareddy,19,,Nishesh Basavareddy,R,0,USA,0.0,6-1  6-1 .,3,Unknown,74,4,1,26,47,20,9,7,2,3,0,10,28,58,15,8,7,4,10,0,0,0,0
2025-8994,Mallorca,Grass,32,A,,6,brandon-holt,,,Brandon Holt,R,0,USA,0.0,adam-walton,3,,Adam Walton,R,0,AUS,0.0,6-3 6-7(1) 7-6(0).,3,Unknown,135,11,3,63,96,43,18,17,4,8,9,1,59,99,48,19,16,7,9,0,0,0,0
2025-360,Marrakech,Clay,32,A,,6,juan manuel-cerundolo,3,,Juan Manuel Cerundolo,R,0,ARG,0.0,karim-bennani,,WC,Karim Bennani,R,0,MAR,0.0,6-0  6-2 .,3,Unknown,62,10,2,20,40,18,12,7,2,2,0,0,30,46,14,6,7,2,7,0,0,0,0
2025-496,Marseille,Hard,32,A,,6,clement-chidekh,,,Clement Chidekh,R,0,FRA,0.0,martin-landaluce,3,,Martin Landaluce,R,0,ESP,0.0,6-3  6-3 .,3,Unknown,89,9,6,39,62,25,7,9,3,8,4,2,34,61,27,12,9,4,6,0,0,0,0
2025-403,Miami,Hard,32,A,,6,darwin-blanch,,WC,Darwin Blanch,R,0,USA,0.0,taro-daniel,19,,Taro Daniel,R,0,JPN,0.0,6-7(8) 6-0  6-3 .,3,Unknown,113,8,2,51,83,43,17,14,0,1,3,1,55,83,34,12,13,7,12,0,0,0,0
2025-410,Monte Carlo,Clay,32,A,,6,mattia-bellucci,9,,Mattia Bellucci,R,0,ITA,0.0,cameron-norrie,,,Cameron Norrie,R,0,GBR,0.0,6-4  2-6  6-3 .,3,Unknown,118,6,2,58,87,37,12,13,8,12,3,2,48,77,38,10,14,3,7,0,0,0,0
2025-375,Montpellier,Clay,32,A,,6,hugo-grenier,3,,Hugo Grenier,R,0,FRA,0.0,calvin-hemery,,,Calvin Hemery,R,0,FRA,0.0,3-6  6-1  6-2 .,3,Unknown,98,11,5,49,71,40,11,12,3,4,10,2,44,71,30,13,12,3,7,0,0,0,0
2025-308,Munich,Clay,32,A,,6,chun-hsin-tseng,,,Chun-Hsin Tseng,R,0,TPE,0.0,christopher-o'connell,4,,Christopher O'Connell,R,0,AUS,0.0,6-3  6-2 .,3,Unknown,97,1,2,37,65,23,12,8,7,10,1,0,49,70,35,12,9,6,6,0,0,0,0
2025-6932,Rio De Janeiro,Clay,32,A,,6,jaime-faria,3,,Jaime Faria,R,0,POR,0.0,mateus-alves,,WC,Mateus Alves,R,0,BRA,0.0,7-5  7-6(4).,3,Unknown,124,4,4,51,88,41,22,12,5,5,8,3,45,73,36,15,12,1,2,0,0,0,0
2025-416,Rome,Clay,32,A,,6,giulio-zeppieri,,WC,Giulio Zeppieri,R,0,ITA,0.0,pavel-kotov,20,,Pavel Kotov,R,0,RUS,0.0,4-6  7-5  6-3 .,3,Unknown,139,6,1,69,110,45,17,16,11,16,4,6,57,84,34,13,15,4,10,0,0,0,0
2025-407,Rotterdam,Hard,32,A,,6,mikhail-kukushkin,4,,Mikhail Kukushkin,R,0,KAZ,0.0,jelle-sels,,WC,Jelle Sels,R,0,NED,0.0,6-4  6-1 .,3,Unknown,77,2,0,32,45,25,7,8,1,2,6,3,31,55,17,9,9,4,9,0,0,0,0
2025-440,S Hertogenbosch,Grass,32,A,,6,adrian-mannarino,4,,Adrian Mannarino,R,0,FRA,0.0,daniel-dutra da silva,Alt,,Daniel Dutra da Silva,R,0,BRA,0.0,6-1  6-1 .,3,Unknown,49,5,1,24,38,21,8,7,0,0,0,1,29,41,17,1,7,2,7,0,0,0,0
2025-8996,Santiago,Clay,32,A,,6,roman andres-burruchaga,3,,Roman Andres Burruchaga,R,0,ARG,0.0,kilian-feldbausch,,WC,Kilian Feldbausch,R,0,SUI,0.0,6-2  5-7  6-4 .,3,Unknown,154,0,8,62,101,38,18,15,6,11,0,5,62,93,37,13,15,7,14,0,0,0,0
2025-321,Stuttgart,Clay,32,A,,6,li-tu,,,Li Tu,R,0,AUS,0.0,eliot-spizzirri,2,,Eliot Spizzirri,R,0,USA,0.0,6-4  7-5 .,3,Unknown,75,3,2,37,61,22,11,11,3,8,10,1,39,59,29,10,11,2,5,0,0,0,0
2025-421,Toronto,Hard,32,A,,6,facundo-bagnis,32/PR,,Facundo Bagnis,R,0,ARG,0.0,terence-atmane,11,,Terence Atmane,R,0,FRA,0.0,6-4  6-4 .,3,Unknown,102,5,7,44,83,29,20,10,12,14,1,1,40,61,30,14,10,4,4,0,0,0,0
2025-439,Umag,Clay,32,A,,6,luka-mikrut,,WC,Luka Mikrut,R,0,CRO,0.0,marco-trungelliti,3,,Marco Trungelliti,R,0,ARG,0.0,7-6(2) 6-2 .,3,Unknown,97,1,4,41,66,30,12,10,6,8,5,1,33,58,28,17,10,1,1,0,0,0,0
2025-418,Washington,Clay,32,A,,6,yibing-wu,,,Yibing Wu,R,0,CHN,0.0,mitchell-krueger,8,,Mitchell Krueger,R,0,USA,0.0,4-6  6-3  7-6(3).,3,Unknown,152,15,3,53,95,41,27,16,5,7,9,1,59,100,40,25,15,5,7,0,0,0,0
2025-422,Cincinnati,Hard,32,A,,6,lloyd-harris,PR,,Lloyd Harris,R,0,RSA,0.0,eliot-spizzirri,20,,Eliot Spizzirri,R,0,USA,0.0,7-6(5) 4-6  7-6(2).,3,Unknown,150,18,3,67,104,52,21,17,5,8,4,1,64,90,49,21,17,2,4,0,0,0,0
2025-9900,Perth Sydney,Hard,32,A,,6,alex-de minaur,12,,Alex de Minaur,R,0,AUS,0.0,tomas martin-etcheverry,17,,Tomas Martin Etcheverry,R,0,ARG,0.0,6-1  6-4 .,3,Unknown,76,8,2,51,26,88,60,9,0,0,2,1,60,28,71,37,8,50,3,0,0,0,0
2025-807,Acapulco,Hard,32,A,,5,dusan-lajovic,5,,Dusan Lajovic,R,0,SRB,0.0,dmitry-popko,Alt,,Dmitry Popko,R,0,KAZ,0.0,6-2  1-6  6-4 .,3,Unknown,107,5,6,42,86,28,23,13,8,12,4,0,52,72,33,14,12,0,3,0,0,0,0
2025-8998,Adelaide,Hard,32,A,,5,yannick-hanfmann,,,Yannick Hanfmann,R,0,GER,0.0,hugo-gaston,5,,Hugo Gaston,R,0,FRA,0.0,3-6  7-6(2) 6-2 .,3,Unknown,122,5,3,55,81,39,17,14,3,5,3,3,55,98,38,21,15,5,8,0,0,0,0
2025-301,Auckland,Hard,32,A,,5,nishesh-basavareddy,,,Nishesh Basavareddy,R,0,USA,0.0,botic-van de zandschulp,4,,Botic van de Zandschulp,R,0,NED,0.0,6-7(3) 7-5  6-3 .,3,Unknown,173,13,8,67,112,46,23,16,4,8,6,8,66,116,50,25,17,5,7,0,0,0,0
2025-425,Barcelona,Clay,32,A,,5,laslo-djere,10,,Laslo Djere,R,0,SRB,0.0,federico-coria,,,Federico Coria,R,0,ARG,0.0,7-5 0-0 RET.,3,Unknown,67,1,3,26,38,13,5,6,1,4,1,1,25,45,16,11,6,6,8,0,0,0,0
2025-316,Bastad,Clay,32,A,,5,vilius-gaubas,4,,Vilius Gaubas,R,0,LTU,0.0,ludvig fredrik-hede,,WC,Ludvig Fredrik Hede,R,0,SWE,0.0,6-1  6-2 .,3,Unknown,68,5,0,34,43,30,3,8,0,0,2,2,35,55,18,7,7,4,8,0,0,0,0
2025-339,Brisbane,Hard,32,A,,5,adrian-andreev,,,Adrian Andreev,R,0,BUL,0.0,chun-hsin-tseng,8,,Chun-Hsin Tseng,R,0,TPE,0.0,6-4  3-6  7-6(5).,3,Unknown,172,10,0,77,106,55,15,15,6,8,5,5,55,108,42,32,16,4,6,0,0,0,0
2025-4462,Bucharest,Clay,32,A,,5,timofey-skatov,4,,Timofey Skatov,R,0,KAZ,0.0,oleg-prihodko,Alt,,Oleg Prihodko,R,0,UKR,0.0,6-4  6-3 .,3,Unknown,101,1,1,42,63,29,12,9,6,7,4,1,37,65,23,14,10,8,12,0,0,0,0
2025-424,Dallas,Hard,32,A,,5,ryan-seggerman,,WC,Ryan Seggerman,R,0,USA,0.0,federico agustin-gomez,4,,Federico Agustin Gomez,R,0,ARG,0.0,6-4  6-2 .,3,Unknown,75,2,0,48,59,27,5,9,3,7,8,3,34,66,23,18,9,9,10,0,0,0,0
2025-499,Delray Beach,Clay,32,A,,5,ethan-quinn,,,Ethan Quinn,R,0,USA,0.0,tomas-barrios vera,4,,Tomas Barrios Vera,R,0,CHI,0.0,6-2  4-6  6-3 .,3,Unknown,138,5,3,69,100,44,14,13,7,10,9,1,46,85,39,20,14,3,4,0,0,0,0
2025-451,Doha,Hard,32,A,,5,botic-van de zandschulp,4,,Botic van de Zandschulp,R,0,NED,0.0,ergi-kirkin,,WC,Ergi Kirkin,R,0,TUR,0.0,6-1 2-1 RET.,3,Unknown,44,4,2,15,28,13,9,5,0,0,0,0,23,30,13,1,5,3,6,0,0,0,0
2025-495,Dubai,Hard,32,A,,5,marton-fucsovics,4,,Marton Fucsovics,R,0,HUN,0.0,jozef-kovalik,,,Jozef Kovalik,R,0,SVK,0.0,6-0  6-1 .,3,Unknown,43,3,0,17,28,15,9,6,0,0,0,3,21,43,8,7,7,4,10,0,0,0,0
2025-741,Eastbourne,Hard,32,A,,5,billy-harris,,,Billy Harris,R,0,GBR,0.0,luca-nardi,4,,Luca Nardi,R,0,ITA,0.0,6-3  6-4 .,3,Unknown,81,2,0,32,55,20,13,9,1,3,6,0,39,57,32,10,10,3,3,0,0,0,0
2025-322,Geneva,Hard,32,A,,5,ivan-gakhov,,,Ivan Gakhov,R,0,RUS,0.0,thiago-monteiro,4,,Thiago Monteiro,R,0,BRA,0.0,4-6  7-6(3) 6-3 .,3,Unknown,147,6,4,71,106,50,21,16,5,7,10,2,68,96,49,18,15,4,5,0,0,0,0
2025-314,Gstaad,Clay,32,A,,5,ignacio-buse,4,,Ignacio Buse,R,0,PER,0.0,albert-ramos-vinolas,,,Albert Ramos-Vinolas,R,0,ESP,0.0,6-4 6-7(6) 6-3 .,3,Unknown,165,11,6,59,95,51,18,16,1,1,3,4,77,115,50,22,15,9,11,0,0,0,0
2025-500,Halle,Grass,32,A,,5,justin-engel,,WC,Justin Engel,R,0,GER,0.0,roman-safiullin,4,,Roman Safiullin,R,0,RUS,0.0,6-7(4) 7-6(6) 7-5 .,3,Unknown,165,15,4,87,117,69,14,18,6,7,18,3,76,115,58,27,18,6,6,0,0,0,0
2025-414,Hamburg,Clay,32,A,,5,raphael-collignon,4,,Raphael Collignon,R,0,BEL,0.0,patrick-zahraj,,,Patrick Zahraj,R,0,GER,0.0,6-3  7-6(3).,3,Unknown,102,5,8,51,76,36,10,11,11,14,1,3,36,60,19,12,10,3,7,0,0,0,0
2025-336,Hong Kong,Hard,32,A,,5,francesco-passaro,4,,Francesco Passaro,R,0,ITA,0.0,aziz-dougaz,,,Aziz Dougaz,R,0,TUN,0.0,7-5  4-6  6-3 .,3,Unknown,119,6,2,56,93,41,21,16,3,6,6,4,52,79,37,11,15,4,8,0,0,0,0
2025-717,Houston,Clay,32,A,,5,liam-draxl,4,,Liam Draxl,R,0,CAN,0.0,william-grant,Alt,,William Grant,R,0,USA,0.0,6-3  6-2 .,3,Unknown,65,1,1,23,44,21,16,9,2,2,2,2,28,47,17,9,8,1,4,0,0,0,0
2025-404,Indian Wells,Hard,32,A,,5,ethan-quinn,,,Ethan Quinn,R,0,USA,0.0,tristan-schoolkate,20,,Tristan Schoolkate,R,0,AUS,0.0,6-4 6-7(6) 6-3 .,3,Unknown,138,16,1,62,94,47,16,16,2,5,5,3,57,106,35,26,15,3,8,0,0,0,0
2025-319,Kitzbuhel,Clay,32,A,,5,thiago-monteiro,4,,Thiago Monteiro,R,0,BRA,0.0,neil-oberleitner,Alt,,Neil Oberleitner,R,0,AUT,0.0,6-4  4-6  7-6(4).,3,Unknown,161,6,4,73,103,54,17,16,7,9,15,5,63,114,47,25,16,6,8,0,0,0,0
2025-311,London,Grass,32,A,,5,mackenzie-mcdonald,,,Mackenzie McDonald,R,0,USA,0.0,aleksandar-kovacevic,5,,Aleksandar Kovacevic,R,0,USA,0.0,6-2  7-6(6).,3,Unknown,92,4,1,39,61,29,16,10,2,3,5,4,40,74,28,14,10,2,5,0,0,0,0
2025-7480,Los Cabos,Hard,32,A,,5,bernard-tomic,4,,Bernard Tomic,R,0,AUS,0.0,elijah-strode,Alt,,Elijah Strode,R,0,USA,0.0,6-2  6-2 .,3,Unknown,44,3,1,23,38,21,11,8,0,0,3,5,18,41,12,9,8,2,6,0,0,0,0
2025-1536,Madrid,Clay,32,A,,5,borna-coric,20,,Borna Coric,R,0,CRO,0.0,otto-virtanen,,,Otto Virtanen,R,0,FIN,0.0,6-7(1) 7-5  6-2 .,3,Unknown,151,8,2,49,106,36,30,16,10,14,3,2,69,97,52,16,16,4,5,0,0,0,0
2025-8994,Mallorca,Grass,32,A,,5,mariano-navone,4,,Mariano Navone,R,0,ARG,0.0,sebastian-ofner,,,Sebastian Ofner,R,0,AUT,0.0,6-4 7-6(6) 3-1 RET.,3,Unknown,115,5,3,50,85,37,20,13,2,3,9,5,47,91,33,24,13,2,3,0,0,0,0
2025-360,Marrakech,Clay,32,A,,5,harold-mayot,4,,Harold Mayot,R,0,FRA,0.0,aslan-karatsev,Alt,,Aslan Karatsev,R,0,RUS,0.0,6-4 3-0 RET.,3,Unknown,51,6,1,21,34,18,5,6,1,2,3,3,24,41,12,8,7,1,5,0,0,0,0
2025-496,Marseille,Hard,32,A,,5,hugo-grenier,,,Hugo Grenier,R,0,FRA,0.0,matteo-gigante,4,,Matteo Gigante,R,0,ITA,0.0,3-6  6-3  6-3 .,3,Unknown,115,6,8,44,87,34,12,13,4,10,9,7,45,83,37,15,14,4,9,0,0,0,0
2025-403,Miami,Hard,32,A,,5,tristan-boyer,20,,Tristan Boyer,R,0,USA,0.0,yasutaka-uchiyama,,,Yasutaka Uchiyama,R,0,JPN,0.0,6-3 6-7(2) 6-1 .,3,Unknown,132,5,4,55,90,38,15,13,6,10,6,1,67,84,50,11,15,0,1,0,0,0,0
2025-410,Monte Carlo,Clay,32,A,,5,hamad-medjedovic,10,,Hamad Medjedovic,R,0,SRB,0.0,borna-gojo,PR,,Borna Gojo,R,0,CRO,0.0,6-4  6-4 .,3,Unknown,94,8,2,54,96,39,11,10,11,15,3,0,33,48,25,9,10,0,2,0,0,0,0
2025-375,Montpellier,Clay,32,A,,5,terence-atmane,4,,Terence Atmane,R,0,FRA,0.0,clement-chidekh,,WC,Clement Chidekh,R,0,FRA,0.0,6-4  4-6  6-4 .,3,Unknown,123,12,8,49,95,39,19,15,6,9,2,6,50,81,35,17,15,2,6,0,0,0,0
2025-308,Munich,Clay,32,A,,5,billy-harris,,,Billy Harris,R,0,GBR,0.0,aleksandar-vukic,5,,Aleksandar Vukic,R,0,AUS,0.0,3-6  6-3  6-4 .,3,Unknown,116,8,0,45,78,35,18,14,2,4,6,2,41,84,29,25,14,7,10,0,0,0,0
2025-6932,Rio De Janeiro,Clay,32,A,,5,hugo-dellien,4,,Hugo Dellien,R,0,BOL,0.0,juan pablo-ficovich,Alt,,Juan Pablo Ficovich,R,0,ARG,0.0,6-4  6-0 .,3,Unknown,64,2,1,30,48,24,11,8,1,1,0,1,30,43,16,5,8,1,5,0,0,0,0
2025-416,Rome,Clay,32,A,,5,yannick-hanfmann,21,,Yannick Hanfmann,R,0,GER,0.0,taro-daniel,,,Taro Daniel,R,0,JPN,0.0,6-2  4-6  6-4 .,3,Unknown,137,3,4,77,120,45,21,14,13,18,5,1,48,71,36,14,14,3,6,0,0,0,0
2025-407,Rotterdam,Hard,32,A,,5,harold-mayot,5,,Harold Mayot,R,0,FRA,0.0,michael-vrbensky,Alt,,Michael Vrbensky,R,0,CZE,0.0,6-2  6-2 .,3,Unknown,64,1,3,32,49,18,7,8,1,5,4,2,33,44,28,5,8,2,2,0,0,0,0
2025-440,S Hertogenbosch,Grass,32,A,,5,alexander-blockx,5,,Alexander Blockx,R,0,BEL,0.0,max-houkes,,,Max Houkes,R,0,NED,0.0,6-2  6-0 .,3,Unknown,54,1,3,31,42,16,2,7,5,10,4,0,27,38,20,8,7,0,0,0,0,0,0
2025-8996,Santiago,Clay,32,A,,5,felipe-meligeni alves,4,,Felipe Meligeni Alves,R,0,BRA,0.0,bastian-malla,,WC,Bastian Malla,R,0,CHI,0.0,7-5  6-2 .,3,Unknown,96,4,4,46,66,29,12,10,4,5,3,4,47,76,26,14,10,10,14,0,0,0,0
2025-321,Stuttgart,Clay,32,A,,5,tristan-boyer,3,,Tristan Boyer,R,0,USA,0.0,duje-ajdukovic,,,Duje Ajdukovic,R,0,CRO,0.0,6-7(5) 7-6(7) 7-6(5).,3,Unknown,168,16,3,82,130,62,30,18,6,7,15,1,91,132,75,18,18,10,11,0,0,0,0
2025-421,Toronto,Hard,32,A,,5,juan pablo-ficovich,12,,Juan Pablo Ficovich,R,0,ARG,0.0,kyrian-jacquet,18,,Kyrian Jacquet,R,0,FRA,0.0,6-2  4-6  6-4 .,3,Unknown,125,7,2,49,87,35,20,14,7,10,5,8,38,84,30,18,14,5,10,0,0,0,0
2025-439,Umag,Clay,32,A,,5,giulio-zeppieri,PR,,Giulio Zeppieri,R,0,ITA,0.0,federico-coria,4,,Federico Coria,R,0,ARG,0.0,6-2  6-1 .,3,Unknown,61,3,3,35,49,15,6,8,1,6,5,1,27,43,21,9,7,3,3,0,0,0,0
2025-418,Washington,Clay,32,A,,5,yosuke-watanuki,9,,Yosuke Watanuki,R,0,JPN,0.0,jake-fellows,,WC,Jake Fellows,R,0,PUR,0.0,6-4  6-4 .,3,Unknown,97,9,3,42,64,27,13,10,8,10,6,5,25,58,21,22,10,1,1,0,0,0,0
2025-422,Cincinnati,Hard,32,A,,5,patrick-kypson,,WC,Patrick Kypson,R,0,USA,0.0,matteo-gigante,21,,Matteo Gigante,R,0,ITA,0.0,6-3  6-2 .,3,Unknown,76,7,4,37,64,27,16,9,3,3,6,6,29,53,20,11,8,3,6,0,0,0,0
2025-807,Acapulco,Hard,32,A,,4,gabriel-diallo,6,,Gabriel Diallo,R,0,CAN,0.0,rafael-de alba,,WC,Rafael De Alba,R,0,MEX,0.0,6-1  6-1 .,3,Unknown,73,6,2,33,53,18,5,7,6,11,2,1,23,38,20,9,7,0,0,0,0,0,0
2025-8998,Adelaide,Hard,32,A,,4,adam-walton,,,Adam Walton,R,0,AUS,0.0,dusan-lajovic,6,,Dusan Lajovic,R,0,SRB,0.0,6-4  4-6  6-3 .,3,Unknown,124,7,0,58,93,44,15,15,9,12,8,3,56,84,36,13,14,2,6,0,0,0,0
2025-301,Auckland,Hard,32,A,,4,francisco-comesana,5,,Francisco Comesana,R,0,ARG,0.0,maxime-janvier,Alt,,Maxime Janvier,R,0,FRA,0.0,6-1 6-7(5) 6-3 .,3,Unknown,123,5,7,49,92,33,19,13,5,9,7,4,75,113,57,15,15,7,8,0,0,0,0
2025-425,Barcelona,Clay,32,A,,4,gabriel-diallo,11,,Gabriel Diallo,R,0,CAN,0.0,martin-landaluce,,WC,Martin Landaluce,R,0,ESP,0.0,6-2  6-4 .,3,Unknown,87,0,7,41,64,24,9,9,6,10,4,2,35,53,26,10,9,1,2,0,0,0,0
2025-316,Bastad,Clay,32,A,,4,thiago-monteiro,5,,Thiago Monteiro,R,0,BRA,0.0,andrej-martin,,,Andrej Martin,R,0,SVK,0.0,7-5  6-1 .,3,Unknown,90,1,1,47,75,28,13,9,4,7,2,2,33,51,26,14,10,0,0,0,0,0,0
2025-339,Brisbane,Hard,32,A,,4,richard-gasquet,9,,Richard Gasquet,R,0,FRA,0.0,derek-pham,,WC,Derek Pham,R,0,AUS,0.0,6-1  6-2 .,3,Unknown,57,0,0,0,0,0,0,0,0,0,0,0,0,0,0,0,0,0,0,0,0,0,0
2025-4462,Bucharest,Clay,32,A,,4,radu-albot,5,,Radu Albot,R,0,MDA,0.0,stefan adrian-andreescu,,WC,Stefan Adrian Andreescu,R,0,ROU,0.0,4-6  6-3  6-2 .,3,Unknown,127,0,1,76,95,39,7,14,9,17,1,3,57,89,39,9,13,9,14,0,0,0,0
2025-506,Buenos Aires,Clay,32,A,,4,juan manuel-cerundolo,,,Juan Manuel Cerundolo,R,0,ARG,0.0,jaime-faria,5,,Jaime Faria,R,0,POR,0.0,6-1  7-6(1).,3,Unknown,77,1,3,29,60,21,17,10,2,4,1,5,31,53,20,9,9,3,7,0,0,0,0
2025-424,Dallas,Hard,32,A,,4,brandon-holt,,,Brandon Holt,R,0,USA,0.0,mitchell-krueger,5,,Mitchell Krueger,R,0,USA,0.0,1-6  7-6(1) 6-3 .,3,Unknown,130,8,2,75,98,52,9,15,3,6,7,1,60,87,44,14,13,5,6,0,0,0,0
2025-499,Delray Beach,Clay,32,A,,4,murphy-cassone,Alt,,Murphy Cassone,R,0,USA,0.0,mitchell-krueger,5,,Mitchell Krueger,R,0,USA,0.0,7-5  2-6  7-6(5).,3,Unknown,151,13,2,67,98,57,13,16,5,7,14,2,69,110,50,28,16,4,5,0,0,0,0
2025-451,Doha,Hard,32,A,,4,otto-virtanen,5,,Otto Virtanen,R,0,FIN,0.0,terence-atmane,,,Terence Atmane,R,0,FRA,0.0,6-4  7-5 .,3,Unknown,91,3,2,46,67,31,9,11,1,4,2,1,51,76,37,12,11,7,8,0,0,0,0
2025-495,Dubai,Hard,32,A,,4,luca-nardi,5,,Luca Nardi,R,0,ITA,0.0,lloyd-harris,,,Lloyd Harris,R,0,RSA,0.0,6-3  7-5 .,3,Unknown,92,19,3,46,71,36,8,10,1,3,3,3,31,65,22,27,11,2,2,0,0,0,0
2025-741,Eastbourne,Hard,32,A,,4,chun-hsin-tseng,5,,Chun-Hsin Tseng,R,0,TPE,0.0,geoffrey-blancaneaux,,,Geoffrey Blancaneaux,R,0,FRA,0.0,5-7  7-6(4) 6-3 .,3,Unknown,172,14,8,76,121,56,20,16,11,14,6,6,63,113,46,28,17,6,9,0,0,0,0
2025-322,Geneva,Hard,32,A,,4,kilian-feldbausch,,WC,Kilian Feldbausch,R,0,SUI,0.0,tristan-schoolkate,5,,Tristan Schoolkate,R,0,AUS,0.0,6-4  2-6  6-4 .,3,Unknown,123,1,4,63,93,40,17,14,6,9,8,5,54,81,38,16,14,2,5,0,0,0,0
2025-314,Gstaad,Clay,32,A,,4,patrick-zahraj,,,Patrick Zahraj,R,0,GER,0.0,henrique-rocha,5,,Henrique Rocha,R,0,POR,0.0,7-5  6-4 .,3,Unknown,103,3,3,28,60,25,18,11,2,3,5,3,41,67,28,13,11,4,7,0,0,0,0
2025-500,Halle,Grass,32,A,,4,yannick-hanfmann,,,Yannick Hanfmann,R,0,GER,0.0,yoshihito-nishioka,5,,Yoshihito Nishioka,R,0,JPN,0.0,6-4  6-1 .,3,Unknown,68,14,1,37,51,31,8,9,2,2,1,2,37,48,25,2,8,1,4,0,0,0,0
2025-414,Hamburg,Clay,32,A,,4,marko-topo,,WC,Marko Topo,R,0,GER,0.0,emilio-nava,5,,Emilio Nava,R,0,USA,0.0,6-3  3-6  6-2 .,3,Unknown,111,2,1,53,78,37,15,13,1,3,5,3,55,79,34,14,13,5,9,0,0,0,0
2025-336,Hong Kong,Hard,32,A,,4,marc-andrea-huesler,,,Marc-Andrea Huesler,R,0,SUI,0.0,laslo-djere,5,,Laslo Djere,R,0,SRB,0.0,7-5  6-4 .,3,Unknown,101,4,0,45,65,34,10,11,0,1,11,3,47,79,34,12,11,4,7,0,0,0,0
2025-717,Houston,Clay,32,A,,4,corentin-denolly,,,Corentin Denolly,R,0,FRA,0.0,james-trotter,5,,James Trotter,R,0,JPN,0.0,6-3  2-6  6-3 .,3,Unknown,99,5,4,40,71,29,18,13,1,3,4,3,51,70,38,7,13,4,7,0,0,0,0
2025-404,Indian Wells,Hard,32,A,,4,rudy-quan,,WC,Rudy Quan,R,0,USA,0.0,federico agustin-gomez,21,,Federico Agustin Gomez,R,0,ARG,0.0,6-4  7-5 .,3,Unknown,100,0,6,48,69,35,8,11,2,5,1,5,42,73,22,15,11,5,10,0,0,0,0
2025-319,Kitzbuhel,Clay,32,A,,4,radu-albot,,,Radu Albot,R,0,MDA,0.0,jerome-kym,5,,Jerome Kym,R,0,SUI,0.0,2-6  7-6(3) 6-3 .,3,Unknown,128,2,7,61,101,38,21,15,5,10,12,2,59,88,40,17,14,9,13,0,0,0,0
2025-311,London,Grass,32,A,,4,aleksandar-vukic,6,,Aleksandar Vukic,R,0,AUS,0.0,juan manuel-cerundolo,,,Juan Manuel Cerundolo,R,0,ARG,0.0,6-4  6-3 .,3,Unknown,70,8,5,34,55,24,11,10,4,7,8,3,36,57,32,11,9,4,4,0,0,0,0
2025-7480,Los Cabos,Hard,32,A,,4,nicolas-mejia,5,,Nicolas Mejia,R,0,COL,0.0,isaiah-strode,Alt,,Isaiah Strode,R,0,USA,0.0,6-2  7-5 .,3,Unknown,100,3,5,32,66,20,18,10,6,9,3,3,39,70,26,21,10,4,4,0,0,0,0
2025-1536,Madrid,Clay,32,A,,4,juan manuel-cerundolo,,,Juan Manuel Cerundolo,R,0,ARG,0.0,thiago-seyboth wild,21,,Thiago Seyboth Wild,R,0,BRA,0.0,6-4  6-4 .,3,Unknown,90,6,0,42,60,30,13,10,1,1,4,5,38,53,27,10,10,1,3,0,0,0,0
2025-8994,Mallorca,Grass,32,A,,4,nishesh-basavareddy,,,Nishesh Basavareddy,R,0,USA,0.0,botic-van de zandschulp,5,,Botic van de Zandschulp,R,0,NED,0.0,6-4 6-7(5) 7-5 .,3,Unknown,210,2,8,72,128,45,34,17,10,13,15,11,71,127,51,22,17,8,13,0,0,0,0
2025-360,Marrakech,Clay,32,A,,4,sumit-nagal,5,,Sumit Nagal,R,0,IND,0.0,amine-jamji,,WC,Amine Jamji,R,0,MAR,0.0,6-2  6-2 .,3,Unknown,75,4,5,30,60,19,10,8,4,8,1,1,32,50,24,12,8,4,4,0,0,0,0
2025-496,Marseille,Hard,32,A,,4,lukas-klein,5,,Lukas Klein,R,0,SVK,0.0,alibek-kachmazov,,,Alibek Kachmazov,R,0,RUS,0.0,6-1  7-6(3).,3,Unknown,95,3,4,44,80,32,12,10,8,11,9,2,40,67,33,14,9,2,2,0,0,0,0
2025-403,Miami,Hard,32,A,,4,marco-trungelliti,,,Marco Trungelliti,R,0,ARG,0.0,alexander-ritschard,21,,Alexander Ritschard,R,0,SUI,0.0,6-4  5-7  6-3 .,3,Unknown,132,4,6,60,108,41,25,16,8,12,2,5,61,87,41,11,15,5,10,0,0,0,0
2025-410,Monte Carlo,Clay,32,A,,4,arthur-rinderknech,11,,Arthur Rinderknech,R,0,FRA,0.0,luca-nardi,,,Luca Nardi,R,0,ITA,0.0,6-4  6-4 .,3,Unknown,89,1,5,26,53,11,15,10,1,6,2,0,28,59,22,12,10,1,4,0,0,0,0
2025-375,Montpellier,Clay,32,A,,4,alibek-kachmazov,,,Alibek Kachmazov,R,0,RUS,0.0,alejandro-moro canas,5,,Alejandro Moro Canas,R,0,ESP,0.0,6-3 4-0 RET.,3,Unknown,73,6,0,30,54,23,11,7,6,7,0,2,29,40,13,4,6,4,8,0,0,0,0
2025-308,Munich,Clay,32,A,,4,alexander-shevchenko,,,Alexander Shevchenko,R,0,KAZ,0.0,rinky-hijikata,6,,Rinky Hijikata,R,0,AUS,0.0,6-4  1-6  6-3 .,3,Unknown,119,8,0,49,73,33,13,13,0,3,1,4,55,98,35,22,13,9,12,0,0,0,0
2025-6932,Rio De Janeiro,Clay,32,A,,4,roman andres-burruchaga,,,Roman Andres Burruchaga,R,0,ARG,0.0,federico-coria,5,,Federico Coria,R,0,ARG,0.0,2-6  6-1  6-4 .,3,Unknown,139,1,5,57,90,37,15,13,4,8,3,1,48,77,33,7,12,3,8,0,0,0,0
2025-416,Rome,Clay,32,A,,4,carlos-taberner,,,Carlos Taberner,R,0,ESP,0.0,adrian-mannarino,22,,Adrian Mannarino,R,0,FRA,0.0,6-1  0-6  6-0 .,3,Unknown,104,3,4,49,77,29,14,10,6,9,0,1,32,49,15,8,9,1,6,0,0,0,0
2025-407,Rotterdam,Hard,32,A,,4,geoffrey-blancaneaux,,,Geoffrey Blancaneaux,R,0,FRA,0.0,daniel-evans,6,,Daniel Evans,R,0,GBR,0.0,6-4  6-3 .,3,Unknown,78,5,2,32,55,30,14,10,1,1,1,3,29,46,20,12,9,2,4,0,0,0,0
2025-440,S Hertogenbosch,Grass,32,A,,4,thijs-boogaard,,WC,Thijs Boogaard,R,0,NED,0.0,james-mccabe,6,,James McCabe,R,0,AUS,0.0,7-6(3) 4-6  7-6(4).,3,Unknown,159,4,10,69,115,48,26,17,10,14,6,3,63,112,44,25,17,2,5,0,0,0,0
2025-8996,Santiago,Clay,32,A,,4,gustavo-heide,5,,Gustavo Heide,R,0,BRA,0.0,genaro alberto-olivieri,Alt,,Genaro Alberto Olivieri,R,0,ARG,0.0,6-2  6-2 .,3,Unknown,72,0,2,39,50,23,2,8,6,10,1,1,21,42,17,16,8,1,1,0,0,0,0
2025-321,Stuttgart,Clay,32,A,,4,marton-fucsovics,4,,Marton Fucsovics,R,0,HUN,0.0,patrick-zahraj,,WC,Patrick Zahraj,R,0,GER,0.0,6-4 6-7(2) 7-5 .,3,Unknown,162,8,7,52,95,46,21,17,0,3,8,8,63,123,47,23,17,12,17,0,0,0,0
2025-421,Toronto,Hard,32,A,,4,colton-smith,13,,Colton Smith,R,0,USA,0.0,patrick-kypson,23,,Patrick Kypson,R,0,USA,0.0,6-1  7-5 .,3,Unknown,88,6,4,38,53,30,5,9,3,4,4,7,36,65,23,9,10,5,10,0,0,0,0
2025-439,Umag,Clay,32,A,,4,pablo-llamas ruiz,PR,,Pablo Llamas Ruiz,R,0,ESP,0.0,kyrian-jacquet,5,,Kyrian Jacquet,R,0,FRA,0.0,3-6  6-3  7-6(2).,3,Unknown,138,1,3,68,94,49,11,15,4,6,5,4,56,98,38,23,15,4,6,0,0,0,0
2025-418,Washington,Clay,32,A,,4,beibit-zhukayev,,,Beibit Zhukayev,R,0,KAZ,0.0,james-mccabe,10,,James McCabe,R,0,AUS,0.0,6-7(3) 6-2  6-2 .,3,Unknown,132,21,3,46,72,43,15,14,0,0,16,3,53,97,43,16,14,3,7,0,0,0,0
2025-422,Cincinnati,Hard,32,A,,4,thiago agustin-tirante,22,,Thiago Agustin Tirante,R,0,ARG,0.0,james-trotter,,,James Trotter,R,0,JPN,0.0,6-2  3-6  6-3 .,3,Unknown,125,13,3,47,92,35,24,13,4,7,6,4,38,73,33,17,13,1,2,0,0,0,0
2025-807,Acapulco,Hard,32,A,,3,adam-walton,7,,Adam Walton,R,0,AUS,0.0,adrian-mannarino,,,Adrian Mannarino,R,0,FRA,0.0,6-4  6-0 .,3,Unknown,77,2,4,30,49,17,5,8,0,5,3,1,31,49,24,9,8,1,2,0,0,0,0
2025-8998,Adelaide,Hard,32,A,,3,james-duckworth,7,,James Duckworth,R,0,AUS,0.0,pavel-kotov,,,Pavel Kotov,R,0,RUS,0.0,7-6(3) 6-7(7) 7-6(5).,3,Unknown,180,14,1,82,121,63,20,18,4,6,8,4,82,134,60,31,18,5,7,0,0,0,0
2025-301,Auckland,Hard,32,A,,3,daniel-altmaier,6,,Daniel Altmaier,R,0,GER,0.0,charles-broom,Alt,,Charles Broom,R,0,GBR,0.0,7-5  6-1 .,3,Unknown,91,2,5,38,54,22,4,9,5,10,10,6,49,80,38,9,10,8,10,0,0,0,0
2025-425,Barcelona,Clay,32,A,,3,cameron-norrie,,,Cameron Norrie,R,0,GBR,0.0,hugo-gaston,12,,Hugo Gaston,R,0,FRA,0.0,6-2  6-3 .,3,Unknown,64,2,1,40,49,32,5,9,1,1,1,0,27,47,18,9,8,0,3,0,0,0,0
2025-316,Bastad,Clay,32,A,,3,pablo-llamas ruiz,PR,,Pablo Llamas Ruiz,R,0,ESP,0.0,luca-van assche,6,,Luca Van Assche,R,0,FRA,0.0,6-3  6-0 .,3,Unknown,89,3,0,31,45,25,10,8,2,2,1,3,44,68,23,10,7,7,11,0,0,0,0
2025-339,Brisbane,Hard,32,A,,3,li-tu,,,Li Tu,R,0,AUS,0.0,lukas-klein,10,,Lukas Klein,R,0,SVK,0.0,6-4  6-4 .,3,Unknown,77,6,2,42,71,30,17,10,4,4,3,2,35,54,26,9,10,1,3,0,0,0,0
2025-4462,Bucharest,Clay,32,A,,3,luca-preda,,WC,Luca Preda,R,0,ROU,0.0,murkel-dellien,6,,Murkel Dellien,R,0,BOL,0.0,6-2  6-0 .,3,Unknown,68,0,1,24,37,20,8,7,0,0,1,4,37,53,19,5,7,4,9,0,0,0,0
2025-506,Buenos Aires,Clay,32,A,,3,laslo-djere,6,,Laslo Djere,R,0,SRB,0.0,marco-trungelliti,Alt,,Marco Trungelliti,R,0,ARG,0.0,6-4  6-4 .,3,Unknown,81,2,2,28,56,21,17,10,3,5,7,1,36,53,32,9,10,2,2,0,0,0,0
2025-424,Dallas,Hard,32,A,,3,georgi-georgiev,,WC,Georgi Georgiev,R,0,BUL,0.0,radu-albot,6,,Radu Albot,R,0,MDA,0.0,6-4  3-6  6-3 .,3,Unknown,124,4,4,63,91,46,12,14,4,6,2,0,57,78,40,11,14,4,7,0,0,0,0
2025-499,Delray Beach,Clay,32,A,,3,michael-mmoh,,WC,Michael Mmoh,R,0,USA,0.0,radu-albot,6,,Radu Albot,R,0,MDA,0.0,7-6(4) 4-6  6-3 .,3,Unknown,200,12,3,71,111,47,22,16,2,6,2,3,75,121,49,22,15,2,6,0,0,0,0
2025-451,Doha,Hard,32,A,,3,stan-wawrinka,,,Stan Wawrinka,R,0,SUI,0.0,arthur-cazaux,6,,Arthur Cazaux,R,0,FRA,0.0,7-6(3) 6-3 .,3,Unknown,105,5,0,46,67,38,13,11,0,0,7,2,41,65,31,12,10,4,5,0,0,0,0
2025-495,Dubai,Hard,32,A,,3,botic-van de zandschulp,6,,Botic van de Zandschulp,R,0,NED,0.0,andrea-vavassori,,WC,Andrea Vavassori,R,0,ITA,0.0,6-1  6-3 .,3,Unknown,65,0,0,0,0,0,0,0,0,0,0,0,0,0,0,0,0,0,0,0,0,0,0
2025-741,Eastbourne,Hard,32,A,,3,george-loffhagen,,WC,George Loffhagen,R,0,GBR,0.0,mackenzie-mcdonald,6,,Mackenzie McDonald,R,0,USA,0.0,6-4  7-6(1).,3,Unknown,94,12,1,43,63,39,12,11,2,2,7,2,54,72,41,7,11,7,8,0,0,0,0
2025-322,Geneva,Hard,32,A,,3,sebastian-ofner,6,,Sebastian Ofner,R,0,AUT,0.0,leo-borg,,WC,Leo Borg,R,0,SWE,0.0,6-3  7-5 .,3,Unknown,74,4,5,38,62,28,8,10,1,4,11,1,43,61,33,11,11,2,3,0,0,0,0
2025-314,Gstaad,Clay,32,A,,3,gonzalo-bueno,Alt,,Gonzalo Bueno,R,0,PER,0.0,marc-andrea-huesler,6,,Marc-Andrea Huesler,R,0,SUI,0.0,1-6  6-3  7-6(4).,3,Unknown,127,1,1,72,105,47,18,14,7,9,9,1,42,81,34,24,14,6,7,0,0,0,0
2025-500,Halle,Grass,32,A,,3,jesper-de jong,6,,Jesper de Jong,R,0,NED,0.0,max-schoenhaus,,WC,Max Schoenhaus,R,0,GER,0.0,7-5  3-6  6-2 .,3,Unknown,126,14,8,70,119,49,22,15,18,21,14,4,56,88,41,19,14,4,5,0,0,0,0
2025-414,Hamburg,Clay,32,A,,3,daniel-dutra da silva,,,Daniel Dutra da Silva,R,0,BRA,0.0,max hans-rehberg,6,,Max Hans Rehberg,R,0,GER,0.0,6-4  6-4 .,3,Unknown,103,6,3,43,70,33,13,10,1,1,2,5,42,67,32,8,10,6,8,0,0,0,0
2025-336,Hong Kong,Hard,32,A,,3,jie-cui,,WC,Jie Cui,R,0,CHN,0.0,juan manuel-cerundolo,6,,Juan Manuel Cerundolo,R,0,ARG,0.0,6-2  6-4 .,3,Unknown,100,4,4,44,65,30,11,9,5,6,9,3,30,62,20,15,9,10,14,0,0,0,0
2025-717,Houston,Clay,32,A,,3,colton-smith,6/WC,,Colton Smith,R,0,USA,0.0,evan-zhu,Alt,,Evan Zhu,R,0,USA,0.0,6-1  6-2 .,3,Unknown,58,0,0,0,0,0,0,0,0,0,0,0,0,0,0,0,0,0,0,0,0,0,0
2025-404,Indian Wells,Hard,32,A,,3,matteo-gigante,,,Matteo Gigante,R,0,ITA,0.0,mitchell-krueger,22,,Mitchell Krueger,R,0,USA,0.0,6-4  6-2 .,3,Unknown,73,4,1,32,48,23,10,9,0,1,3,3,30,53,21,7,9,2,6,0,0,0,0
2025-319,Kitzbuhel,Clay,32,A,,3,facundo-bagnis,PR,,Facundo Bagnis,R,0,ARG,0.0,henrique-rocha,6,,Henrique Rocha,R,0,POR,0.0,6-4  6-3 .,3,Unknown,84,6,1,36,56,24,14,10,2,3,7,8,26,58,17,14,9,1,4,0,0,0,0
2025-311,London,Grass,32,A,,3,christopher-o'connell,7,,Christopher O'Connell,R,0,AUS,0.0,james-duckworth,,,James Duckworth,R,0,AUS,0.0,7-6(4) 6-0 .,3,Unknown,76,6,3,36,59,23,9,9,4,8,10,0,31,55,25,15,9,1,2,0,0,0,0
2025-7480,Los Cabos,Hard,32,A,,3,yibing-wu,6,,Yibing Wu,R,0,CHN,0.0,braden-shick,Alt,,Braden Shick,R,0,USA,0.0,6-1  6-4 .,3,Unknown,71,0,2,31,55,17,7,8,2,7,0,1,24,48,18,14,9,3,5,0,0,0,0
2025-1536,Madrid,Clay,32,A,,3,fabio-fognini,22,,Fabio Fognini,R,0,ITA,0.0,alexander-ritschard,,,Alexander Ritschard,R,0,SUI,0.0,6-1  7-6(6).,3,Unknown,91,2,2,56,75,35,4,9,5,9,3,4,47,65,37,6,10,3,5,0,0,0,0
2025-8994,Mallorca,Grass,32,A,,3,bernard-tomic,,,Bernard Tomic,R,0,AUS,0.0,jesper-de jong,6,,Jesper de Jong,R,0,NED,0.0,5-7  6-4  6-4 .,3,Unknown,116,6,3,50,89,38,24,16,0,1,11,6,59,102,51,17,16,8,10,0,0,0,0
2025-360,Marrakech,Clay,32,A,,3,pierre-hugues-herbert,7,,Pierre-Hugues Herbert,R,0,FRA,0.0,henrique-rocha,,,Henrique Rocha,R,0,POR,0.0,4-6  7-6(2) 7-6(1).,3,Unknown,157,8,2,74,116,56,24,17,2,2,14,7,70,106,57,23,17,3,4,0,0,0,0
2025-496,Marseille,Hard,32,A,,3,luca-van assche,6,,Luca Van Assche,R,0,FRA,0.0,matteo-martineau,Alt,,Matteo Martineau,R,0,FRA,0.0,7-6(3) 6-4 .,3,Unknown,100,12,6,52,86,36,17,11,6,7,4,1,40,58,36,12,11,1,1,0,0,0,0
2025-403,Miami,Hard,32,A,,3,rei-sakamoto,,WC,Rei Sakamoto,R,0,JPN,0.0,kamil-majchrzak,22,,Kamil Majchrzak,R,0,POL,0.0,6-4 6-7(5) 6-2 .,3,Unknown,113,15,0,58,82,48,13,15,0,1,3,1,43,86,33,23,15,3,7,0,0,0,0
2025-410,Monte Carlo,Clay,32,A,,3,corentin-moutet,12,,Corentin Moutet,R,0,FRA,0.0,gabriel-diallo,,,Gabriel Diallo,R,0,CAN,0.0,5-7  6-4  6-4 .,3,Unknown,160,2,2,66,96,44,13,16,2,6,2,2,59,99,37,26,16,9,12,0,0,0,0
2025-375,Montpellier,Clay,32,A,,3,constant-lestienne,6,,Constant Lestienne,R,0,FRA,0.0,benoit-paire,,WC,Benoit Paire,R,0,FRA,0.0,6-0  6-4 .,3,Unknown,57,4,5,27,49,15,8,8,1,6,2,3,25,49,18,14,8,2,3,0,0,0,0
2025-308,Munich,Clay,32,A,,3,botic-van de zandschulp,7,,Botic van de Zandschulp,R,0,NED,0.0,max hans-rehberg,,WC,Max Hans Rehberg,R,0,GER,0.0,6-3  6-1 .,3,Unknown,69,1,6,24,46,17,7,8,1,5,3,2,25,45,21,13,8,1,1,0,0,0,0
2025-6932,Rio De Janeiro,Clay,32,A,,3,chun-hsin-tseng,6,,Chun-Hsin Tseng,R,0,TPE,0.0,joao lucas-reis da silva,,WC,Joao Lucas Reis Da Silva,R,0,BRA,0.0,6-7(0) 6-3  6-4 .,3,Unknown,163,2,2,64,101,45,16,15,2,6,3,8,68,106,54,12,16,5,7,0,0,0,0
2025-416,Rome,Clay,32,A,,3,vilius-gaubas,,,Vilius Gaubas,R,0,LTU,0.0,eliot-spizzirri,23,,Eliot Spizzirri,R,0,USA,0.0,6-1  6-2 .,3,Unknown,71,1,1,38,53,27,9,8,2,2,0,0,25,39,12,7,7,2,6,0,0,0,0
2025-407,Rotterdam,Hard,32,A,,3,constant-lestienne,7,,Constant Lestienne,R,0,FRA,0.0,ryan-nijboer,Alt,,Ryan Nijboer,R,0,NED,0.0,7-6(3) 7-6(6).,3,Unknown,130,6,4,59,83,38,9,12,6,9,0,4,52,90,34,19,12,3,6,0,0,0,0
2025-440,S Hertogenbosch,Grass,32,A,,3,mark-lajal,8,,Mark Lajal,R,0,EST,0.0,corentin-denolly,,,Corentin Denolly,R,0,FRA,0.0,6-2  6-1 .,3,Unknown,60,1,3,49,65,26,4,8,8,13,3,2,24,38,19,10,7,0,0,0,0,0,0
2025-8996,Santiago,Clay,32,A,,3,juan pablo-ficovich,6,,Juan Pablo Ficovich,R,0,ARG,0.0,adolfo daniel-vallejo,,,Adolfo Daniel Vallejo,R,0,PAR,0.0,6-2  6-3 .,3,Unknown,84,3,3,31,59,18,12,9,9,13,2,2,32,49,26,9,8,4,4,0,0,0,0
2025-321,Stuttgart,Clay,32,A,,3,nikoloz-basilashvili,5,,Nikoloz Basilashvili,R,0,GEO,0.0,hugo-grenier,,,Hugo Grenier,R,0,FRA,0.0,2-6  7-6(11) 6-2 .,3,Unknown,124,11,7,85,119,60,15,14,2,4,14,5,40,87,33,30,14,2,4,0,0,0,0
2025-421,Toronto,Hard,32,A,,3,pierre-hugues-herbert,14,,Pierre-Hugues Herbert,R,0,FRA,0.0,li-tu,20,,Li Tu,R,0,AUS,0.0,6-3  3-6  6-3 .,3,Unknown,124,8,9,48,92,38,20,14,6,8,7,13,43,86,30,20,13,3,6,0,0,0,0
2025-439,Umag,Clay,32,A,,3,alvaro-guillen meza,,,Alvaro Guillen Meza,R,0,ECU,0.0,ugo-blanchet,6,,Ugo Blanchet,R,0,FRA,0.0,6-4  3-6  6-2 .,3,Unknown,132,1,5,70,92,43,10,13,6,10,1,4,53,81,29,16,14,3,9,0,0,0,0
2025-418,Washington,Clay,32,A,,3,murphy-cassone,11,,Murphy Cassone,R,0,USA,0.0,thai-son-kwiatkowski,PR,,Thai-Son Kwiatkowski,R,0,USA,0.0,6-2  6-4 .,3,Unknown,75,3,4,52,78,32,10,9,12,15,6,1,34,43,31,6,9,2,2,0,0,0,0
2025-422,Cincinnati,Hard,32,A,,3,terence-atmane,23,,Terence Atmane,R,0,FRA,0.0,omar-jasika,,,Omar Jasika,R,0,AUS,0.0,7-5  6-4 .,3,Unknown,81,4,5,36,57,20,10,11,0,5,10,7,48,79,34,12,11,7,10,0,0,0,0
2025-9900,Perth Sydney,Hard,32,A,,3,zhizhen-zhang,5,,Zhizhen Zhang,R,0,CHN,0.0,thiago-monteiro,13,,Thiago Monteiro,R,0,BRA,0.0,6-3  6-0 .,3,Unknown,54,10,0,77,30,87,78,8,0,0,3,2,63,22,59,23,7,20,1,0,0,0,0
2025-807,Acapulco,Hard,32,A,,2,nishesh-basavareddy,,,Nishesh Basavareddy,R,0,USA,0.0,james-duckworth,8,,James Duckworth,R,0,AUS,0.0,6-4  6-2 .,3,Unknown,71,7,5,25,52,18,17,9,2,3,8,2,24,45,14,10,9,1,5,0,0,0,0
2025-8998,Adelaide,Hard,32,A,,2,james-mccabe,,WC,James McCabe,R,0,AUS,0.0,damir-dzumhur,8,,Damir Dzumhur,R,0,BIH,0.0,6-4  3-6  7-5 .,3,Unknown,169,4,7,65,100,41,14,16,6,13,1,7,69,105,35,19,15,8,14,0,0,0,0
2025-301,Auckland,Hard,32,A,,2,luca-nardi,7,,Luca Nardi,R,0,ITA,0.0,daniel-masur,,,Daniel Masur,R,0,GER,0.0,6-7(3) 6-4  6-2 .,3,Unknown,124,4,5,66,107,44,19,15,11,15,15,3,54,83,45,15,15,0,1,0,0,0,0
2025-425,Barcelona,Clay,32,A,,2,jesper-de jong,,,Jesper de Jong,R,0,NED,0.0,lloyd-harris,Alt,,Lloyd Harris,R,0,RSA,0.0,6-3  7-6(0).,3,Unknown,102,5,1,42,72,30,12,10,5,7,3,0,45,72,32,18,11,4,5,0,0,0,0
2025-316,Bastad,Clay,32,A,,2,timofey-skatov,7,,Timofey Skatov,R,0,KAZ,0.0,sumit-nagal,,,Sumit Nagal,R,0,IND,0.0,6-2  6-4 .,3,Unknown,86,4,0,38,56,20,9,9,4,8,0,0,26,48,20,16,9,1,2,0,0,0,0
2025-339,Brisbane,Hard,32,A,,2,federico agustin-gomez,11,,Federico Agustin Gomez,R,0,ARG,0.0,ugo-blanchet,,,Ugo Blanchet,R,0,FRA,0.0,3-6  6-3  7-5 .,3,Unknown,110,8,0,48,82,39,20,15,5,7,8,6,51,82,39,20,15,1,2,0,0,0,0
2025-4462,Bucharest,Clay,32,A,,2,filip-misolic,7/Alt,,Filip Misolic,R,0,AUT,0.0,matteo-martineau,,,Matteo Martineau,R,0,FRA,0.0,6-2  2-6  6-2 .,3,Unknown,108,3,6,50,76,32,11,12,4,8,3,6,43,70,33,12,12,1,3,0,0,0,0
2025-506,Buenos Aires,Clay,32,A,,2,juan bautista-torres,,WC,Juan Bautista Torres,R,0,ARG,0.0,chun-hsin-tseng,8,,Chun-Hsin Tseng,R,0,TPE,0.0,6-1  3-6  7-5 .,3,Unknown,163,0,2,55,78,36,15,14,3,6,3,3,58,104,32,25,14,5,10,0,0,0,0
2025-424,Dallas,Hard,32,A,,2,ethan-quinn,7,,Ethan Quinn,R,0,USA,0.0,james-trotter,,,James Trotter,R,0,JPN,0.0,7-6(4) 6-1 .,3,Unknown,84,4,1,37,62,25,11,9,1,3,8,0,41,57,34,11,10,0,0,0,0,0,0
2025-499,Delray Beach,Clay,32,A,,2,zachary-svajda,7,,Zachary Svajda,R,0,USA,0.0,stefan-kozlov,Alt,,Stefan Kozlov,R,0,USA,0.0,6-3  6-0 .,3,Unknown,67,0,2,30,45,14,6,7,2,7,4,0,28,47,18,14,8,3,4,0,0,0,0
2025-451,Doha,Hard,32,A,,2,pavel-kotov,7,,Pavel Kotov,R,0,RUS,0.0,jozef-kovalik,,,Jozef Kovalik,R,0,SVK,0.0,7-5  4-6  6-4 .,3,Unknown,186,4,6,55,95,38,17,16,6,11,6,1,91,122,57,15,16,14,18,0,0,0,0
2025-495,Dubai,Hard,32,A,,2,otto-virtanen,7,,Otto Virtanen,R,0,FIN,0.0,mikhail-kukushkin,,,Mikhail Kukushkin,R,0,KAZ,0.0,6-1  7-5 .,3,Unknown,93,3,2,40,65,25,7,10,3,9,2,6,36,70,26,15,9,5,7,0,0,0,0
2025-741,Eastbourne,Hard,32,A,,2,james-duckworth,7,,James Duckworth,R,0,AUS,0.0,henry-searle,,WC,Henry Searle,R,0,GBR,0.0,6-3  5-7  7-5 .,3,Unknown,136,11,2,64,99,45,19,16,6,9,10,0,57,101,44,24,17,4,6,0,0,0,0
2025-322,Geneva,Hard,32,A,,2,karue-sell,,,Karue Sell,R,0,BRA,0.0,pierre-hugues-herbert,7,,Pierre-Hugues Herbert,R,0,FRA,0.0,6-2  4-6  6-4 .,3,Unknown,135,2,2,51,91,37,24,14,6,8,8,8,55,92,37,19,14,3,7,0,0,0,0
2025-314,Gstaad,Clay,32,A,,2,facundo-bagnis,PR,,Facundo Bagnis,R,0,ARG,0.0,coleman-wong,7,,Coleman Wong,R,0,HKG,0.0,6-7(7) 7-5  6-4 .,3,Unknown,157,10,2,72,104,55,20,17,1,2,15,3,97,145,66,24,17,16,19,0,0,0,0
2025-500,Halle,Grass,32,A,,2,li-tu,Alt,,Li Tu,R,0,AUS,0.0,ethan-quinn,7,,Ethan Quinn,R,0,USA,0.0,5-7  6-3  7-5 .,3,Unknown,129,11,6,51,93,44,17,17,5,9,14,5,54,92,38,16,16,1,6,0,0,0,0
2025-414,Hamburg,Clay,32,A,,2,borna-gojo,7/Alt,,Borna Gojo,R,0,CRO,0.0,mika-petkovic,,WC,Mika Petkovic,R,0,GER,0.0,6-3  6-2 .,3,Unknown,67,0,3,28,50,18,9,8,7,11,12,1,36,55,28,8,9,3,4,0,0,0,0
2025-336,Hong Kong,Hard,32,A,,2,denis-yevseyev,,,Denis Yevseyev,R,0,KAZ,0.0,cristian-garin,7,,Cristian Garin,R,0,CHI,0.0,6-4  2-6  6-2 .,3,Unknown,105,5,3,45,77,36,16,13,7,9,2,3,52,82,35,17,13,2,5,0,0,0,0
2025-717,Houston,Clay,32,A,,2,patrick-maloney,,,Patrick Maloney,R,0,USA,0.0,andres-andrade,7,,Andres Andrade,R,0,ECU,0.0,7-6(5) 5-3 RET.,3,Unknown,103,5,3,39,62,30,12,10,0,0,2,5,43,80,33,16,10,8,9,0,0,0,0
2025-404,Indian Wells,Hard,32,A,,2,mikhail-kukushkin,23,,Mikhail Kukushkin,R,0,KAZ,0.0,theo-papamalamis,,WC,Theo Papamalamis,R,0,FRA,0.0,6-4 6-7(4) 7-5 .,3,Unknown,206,2,2,66,111,38,26,17,3,8,1,3,103,141,65,16,17,10,13,0,0,0,0
2025-319,Kitzbuhel,Clay,32,A,,2,jurij-rodionov,7,,Jurij Rodionov,R,0,AUT,0.0,sandro-kopp,,WC,Sandro Kopp,R,0,AUT,0.0,6-3  7-6(3).,3,Unknown,80,1,3,34,55,26,11,10,0,3,8,2,42,74,30,19,11,3,5,0,0,0,0
2025-311,London,Grass,32,A,,2,arthur-rinderknech,8,,Arthur Rinderknech,R,0,FRA,0.0,johannus-monday,,WC,Johannus Monday,R,0,GBR,0.0,7-6(2) 7-6(2).,3,Unknown,100,10,3,47,72,38,14,12,0,0,9,5,43,72,39,19,12,2,2,0,0,0,0
2025-7480,Los Cabos,Hard,32,A,,2,alan-magadan,Alt,,Alan Magadan,R,0,MEX,0.0,moerani-bouzige,7/Alt,,Moerani Bouzige,R,0,AUS,0.0,5-7  6-3  7-6(5).,3,Unknown,167,5,3,61,107,43,25,17,2,6,6,13,58,109,42,25,16,5,9,0,0,0,0
2025-1536,Madrid,Clay,32,A,,2,valentin-royer,23,,Valentin Royer,R,0,FRA,0.0,taro-daniel,,,Taro Daniel,R,0,JPN,0.0,6-3  6-2 .,3,Unknown,73,4,4,32,59,21,12,8,4,7,5,2,37,52,28,10,9,0,0,0,0,0,0
2025-8994,Mallorca,Grass,32,A,,2,ethan-quinn,7,,Ethan Quinn,R,0,USA,0.0,oliver-crawford,,WC,Oliver Crawford,R,0,GBR,0.0,4-6  7-6(5) 7-6(3).,3,Unknown,170,9,8,75,130,54,30,17,5,6,16,5,60,109,48,27,17,2,4,0,0,0,0
2025-360,Marrakech,Clay,32,A,,2,calvin-hemery,,,Calvin Hemery,R,0,FRA,0.0,alejandro-moro canas,8,,Alejandro Moro Canas,R,0,ESP,0.0,6-1  6-3 .,3,Unknown,80,5,2,31,53,22,15,8,2,2,1,2,34,49,19,7,8,4,8,0,0,0,0
2025-496,Marseille,Hard,32,A,,2,arthur-gea,,WC,Arthur Gea,R,0,FRA,0.0,henri-squire,7,,Henri Squire,R,0,GER,0.0,7-5 0-0 RET.,3,Unknown,44,7,0,24,33,21,2,6,2,3,5,2,16,33,10,8,6,1,3,0,0,0,0
2025-403,Miami,Hard,32,A,,2,ethan-quinn,,,Ethan Quinn,R,0,USA,0.0,adrian-mannarino,23,,Adrian Mannarino,R,0,FRA,0.0,3-6  6-4  6-2 .,3,Unknown,133,10,3,66,102,50,14,14,8,10,3,0,55,88,42,13,13,9,12,0,0,0,0
2025-410,Monte Carlo,Clay,32,A,,2,pierre-hugues-herbert,,WC,Pierre-Hugues Herbert,R,0,FRA,0.0,aleksandar-vukic,13,,Aleksandar Vukic,R,0,AUS,0.0,4-6  6-2  6-3 .,3,Unknown,125,3,4,49,80,36,18,14,2,4,6,3,39,92,27,24,13,6,10,0,0,0,0
2025-375,Montpellier,Clay,32,A,,2,pablo-carreno busta,7,,Pablo Carreno Busta,R,0,ESP,0.0,dalibor-svrcina,,,Dalibor Svrcina,R,0,CZE,0.0,6-4  7-5 .,3,Unknown,117,2,7,56,87,37,11,11,13,17,5,2,50,78,38,11,11,3,5,0,0,0,0
2025-308,Munich,Clay,32,A,,2,diego-dedura,,WC,Diego Dedura,R,0,GER,0.0,mackenzie-mcdonald,8,,Mackenzie McDonald,R,0,USA,0.0,6-3  6-1 .,3,Unknown,65,1,0,33,45,25,7,8,3,4,1,0,32,45,14,6,8,1,6,0,0,0,0
2025-6932,Rio De Janeiro,Clay,32,A,,2,juan manuel-cerundolo,,,Juan Manuel Cerundolo,R,0,ARG,0.0,thiago agustin-tirante,7,,Thiago Agustin Tirante,R,0,ARG,0.0,6-1  6-4 .,3,Unknown,87,5,2,36,54,31,8,9,3,3,3,2,33,62,21,12,8,4,7,0,0,0,0
2025-416,Rome,Clay,32,A,,2,juan manuel-cerundolo,24,,Juan Manuel Cerundolo,R,0,ARG,0.0,pierre-hugues-herbert,,,Pierre-Hugues Herbert,R,0,FRA,0.0,6-3  7-6(6).,3,Unknown,121,2,7,41,79,34,15,11,4,6,0,0,41,70,30,19,10,0,0,0,0,0,0
2025-407,Rotterdam,Hard,32,A,,2,gijs-brouwer,8/WC,,Gijs Brouwer,R,0,NED,0.0,max-houkes,Alt,,Max Houkes,R,0,NED,0.0,6-3  6-4 .,3,Unknown,79,1,0,36,57,19,11,9,8,12,5,5,35,55,27,9,10,1,3,0,0,0,0
2025-440,S Hertogenbosch,Grass,32,A,,2,daniel-evans,,,Daniel Evans,R,0,GBR,0.0,adam-walton,1,,Adam Walton,R,0,AUS,0.0,6-2  2-6  6-3 .,3,Unknown,119,11,4,49,70,34,7,12,4,9,4,4,50,88,33,17,13,7,11,0,0,0,0
2025-8996,Santiago,Clay,32,A,,2,juan pablo-varillas,8,,Juan Pablo Varillas,R,0,PER,0.0,emilio-nava,,,Emilio Nava,R,0,USA,0.0,6-3  6-4 .,3,Unknown,88,5,3,32,56,26,9,9,1,3,1,0,33,56,25,16,10,2,2,0,0,0,0
2025-321,Stuttgart,Clay,32,A,,2,yannick-hanfmann,6,,Yannick Hanfmann,R,0,GER,0.0,max-wiskandt,,WC,Max Wiskandt,R,0,GER,0.0,6-4  6-2 .,3,Unknown,67,2,2,31,50,19,6,9,2,6,5,0,28,47,23,13,9,2,3,0,0,0,0
2025-421,Toronto,Hard,32,A,,2,tomas-barrios vera,15,,Tomas Barrios Vera,R,0,CHI,0.0,coleman-wong,21,,Coleman Wong,R,0,HKG,0.0,6-4  6-4 .,3,Unknown,70,3,2,37,51,31,7,10,0,1,8,6,31,54,26,8,10,1,4,0,0,0,0
2025-439,Umag,Clay,32,A,,2,titouan-droguet,7,,Titouan Droguet,R,0,FRA,0.0,niels-mcdonald,,WC,Niels McDonald,R,0,GER,0.0,6-4  6-3 .,3,Unknown,78,2,3,42,61,27,6,9,2,6,1,3,36,56,26,10,10,2,4,0,0,0,0
2025-418,Washington,Clay,32,A,,2,moerani-bouzige,,,Moerani Bouzige,R,0,AUS,0.0,govind-nanda,Alt,,Govind Nanda,R,0,USA,0.0,7-5  6-4 .,3,Unknown,113,3,10,38,69,30,13,11,4,6,2,2,52,81,33,13,11,6,10,0,0,0,0
2025-422,Cincinnati,Hard,32,A,,2,daniel elahi-galan,24,,Daniel Elahi Galan,R,0,COL,0.0,taro-daniel,,,Taro Daniel,R,0,JPN,0.0,7-5  6-2 .,3,Unknown,103,2,3,39,78,26,15,10,5,9,8,0,30,58,25,17,10,6,7,0,0,0,0
2025-9900,Perth Sydney,Hard,32,A,,2,pablo-carreno busta,14,,Pablo Carreno Busta,R,0,ESP,0.0,alexander-shevchenko,9,,Alexander Shevchenko,R,0,KAZ,0.0,6-2  6-1 .,3,Unknown,64,3,4,57,24,58,22,7,29,2,3,0,68,27,78,69,8,50,1,0,0,0,0
2025-807,Acapulco,Hard,32,A,,1,stefan-kozlov,,WC,Stefan Kozlov,R,0,USA,0.0,duarte-vale,Alt,,Duarte Vale,R,0,POR,0.0,6-1  6-4 .,3,Unknown,80,0,13,43,68,22,4,9,2,10,0,1,35,49,16,8,8,3,7,0,0,0,0
2025-8998,Adelaide,Hard,32,A,,1,manuel-guinard,Alt,,Manuel Guinard,R,0,FRA,0.0,taro-daniel,,,Taro Daniel,R,0,JPN,0.0,7-5  6-4 .,3,Unknown,99,6,1,30,60,23,22,11,2,2,5,3,45,72,36,10,11,5,7,0,0,0,0
2025-301,Auckland,Hard,32,A,,1,sumit-nagal,8,,Sumit Nagal,R,0,IND,0.0,alexander-klintcharov,,WC,Alexander Klintcharov,R,0,NZL,0.0,1-6  6-3  6-1 .,3,Unknown,114,2,2,56,76,33,10,12,2,6,2,1,38,66,26,18,11,3,5,0,0,0,0
2025-425,Barcelona,Clay,32,A,,1,daniel elahi-galan,,,Daniel Elahi Galan,R,0,COL,0.0,nikoloz-basilashvili,Alt,,Nikoloz Basilashvili,R,0,GEO,0.0,6-3  6-3 .,3,Unknown,91,0,1,32,58,18,9,9,1,7,3,3,48,64,31,6,9,9,12,0,0,0,0
2025-316,Bastad,Clay,32,A,,1,olle-wallin,,WC,Olle Wallin,R,0,SWE,0.0,viktor-durasovic,8,,Viktor Durasovic,R,0,NOR,0.0,3-6  7-6(6) 7-6(4).,3,Unknown,143,7,0,68,103,50,20,16,2,6,8,1,72,117,51,27,17,4,7,0,0,0,0
2025-339,Brisbane,Hard,32,A,,1,nishesh-basavareddy,12,,Nishesh Basavareddy,R,0,USA,0.0,borna-gojo,PR,,Borna Gojo,R,0,CRO,0.0,4-6  7-6(4) 6-4 .,3,Unknown,146,0,0,0,0,0,0,0,0,0,0,0,0,0,0,0,0,0,0,0,0,0,0
2025-4462,Bucharest,Clay,32,A,,1,sascha-gueymard wayenburg,8,,Sascha Gueymard Wayenburg,R,0,FRA,0.0,elias-ymer,,,Elias Ymer,R,0,SWE,0.0,6-4  7-6(6).,3,Unknown,110,4,2,37,71,24,23,11,3,5,4,3,59,92,40,17,11,7,8,0,0,0,0
2025-506,Buenos Aires,Clay,32,A,,1,roman andres-burruchaga,Alt,,Roman Andres Burruchaga,R,0,ARG,0.0,gustavo-heide,Alt,,Gustavo Heide,R,0,BRA,0.0,6-3  6-4 .,3,Unknown,101,4,2,37,66,29,18,10,2,2,4,1,36,57,21,13,9,3,5,0,0,0,0
2025-424,Dallas,Hard,32,A,,1,jack-pinnington jones,Alt,,Jack Pinnington Jones,R,0,GBR,0.0,zachary-svajda,8,,Zachary Svajda,R,0,USA,0.0,"JACK PINNINGTON JONES WINS THE POINT ON THE 1ST SERVE OF ZACHARY SVAJDA. 
 JACK PINNINGTON JONES BREAKS THE SERVE OF ZACHARY SVAJDA. ZACHARY SVAJDA LEADS 5-4.",3,Unknown,132,5,5,55,91,31,16,13,5,11,2,2,56,91,34,19,15,2,6,0,0,0,0
2025-499,Delray Beach,Clay,32,A,,1,james-trotter,8,,James Trotter,R,0,JPN,0.0,ryan-seggerman,Alt,,Ryan Seggerman,R,0,USA,0.0,6-1  6-3 .,3,Unknown,52,4,3,23,41,12,11,8,0,4,4,1,21,36,20,12,8,0,0,0,0,0,0
2025-451,Doha,Hard,32,A,,1,mikhail-kukushkin,8,,Mikhail Kukushkin,R,0,KAZ,0.0,daniel-merida,,WC,Daniel Merida,R,0,ESP,0.0,6-2  6-4 .,3,Unknown,92,0,2,50,63,26,4,9,7,12,0,0,46,53,31,3,9,2,4,0,0,0,0
2025-495,Dubai,Hard,32,A,,1,pavel-kotov,8,,Pavel Kotov,R,0,RUS,0.0,yosuke-watanuki,PR,,Yosuke Watanuki,R,0,JPN,0.0,6-3  6-3 .,3,Unknown,75,3,4,25,56,18,14,9,0,3,6,1,34,49,28,9,9,2,2,0,0,0,0
2025-741,Eastbourne,Hard,32,A,,1,jenson-brooksby,,,Jenson Brooksby,R,0,USA,0.0,kamil-majchrzak,8,,Kamil Majchrzak,R,0,POL,0.0,7-6(7) 6-3 .,3,Unknown,99,6,1,54,70,42,8,11,1,1,3,4,45,74,30,16,10,6,7,0,0,0,0
2025-322,Geneva,Hard,32,A,,1,jenson-brooksby,8,,Jenson Brooksby,R,0,USA,0.0,radu-albot,,,Radu Albot,R,0,MDA,0.0,6-3  4-6  6-2 .,3,Unknown,121,0,4,53,77,33,6,13,5,11,4,2,58,92,37,16,14,6,10,0,0,0,0
2025-314,Gstaad,Clay,32,A,,1,henry-bernet,,WC,Henry Bernet,R,0,SUI,0.0,dmitry-popko,8,,Dmitry Popko,R,0,KAZ,0.0,7-6(3) 6-3 .,3,Unknown,91,9,2,45,65,38,10,10,6,7,3,4,35,67,26,15,11,1,4,0,0,0,0
2025-500,Halle,Grass,32,A,,1,sebastian-ofner,,,Sebastian Ofner,R,0,AUT,0.0,benjamin-hassan,Alt,,Benjamin Hassan,R,0,LBN,0.0,7-6(4) 7-5 .,3,Unknown,86,11,7,42,79,38,17,12,1,2,9,6,47,82,36,16,12,1,3,0,0,0,0
2025-414,Hamburg,Clay,32,A,,1,vitaliy-sachko,8,,Vitaliy Sachko,R,0,UKR,0.0,denis-yevseyev,,,Denis Yevseyev,R,0,KAZ,0.0,6-2  6-1 .,3,Unknown,72,2,1,34,58,20,6,8,5,11,2,1,26,48,18,11,7,4,5,0,0,0,0
2025-336,Hong Kong,Hard,32,A,,1,hugo-grenier,8,,Hugo Grenier,R,0,FRA,0.0,terence-atmane,,,Terence Atmane,R,0,FRA,0.0,3-6  6-3  6-4 .,3,Unknown,112,11,7,59,93,40,18,14,4,7,8,5,50,77,42,10,14,2,4,0,0,0,0
2025-717,Houston,Clay,32,A,,1,patrick-zahraj,8/Alt,,Patrick Zahraj,R,0,GER,0.0,felix-corwin,Alt,,Felix Corwin,R,0,USA,0.0,6-4  7-5 .,3,Unknown,113,4,5,30,59,18,15,11,0,5,3,4,51,78,34,11,11,5,8,0,0,0,0
2025-404,Indian Wells,Hard,32,A,,1,eliot-spizzirri,,WC,Eliot Spizzirri,R,0,USA,0.0,lloyd-harris,24,,Lloyd Harris,R,0,RSA,0.0,6-4  6-3 .,3,Unknown,87,1,1,57,75,38,5,10,6,9,6,3,33,54,21,6,9,3,8,0,0,0,0
2025-319,Kitzbuhel,Clay,32,A,,1,andrej-martin,Alt,,Andrej Martin,R,0,SVK,0.0,juan carlos-prado angelo,8,,Juan Carlos Prado Angelo,R,0,BOL,0.0,6-1  6-4 .,3,Unknown,70,2,6,36,61,30,13,9,4,4,1,2,29,44,20,4,8,1,4,0,0,0,0
2025-311,London,Grass,32,A,,1,alex-bolt,Alt,,Alex Bolt,R,0,AUS,0.0,jay-clarke,,WC,Jay Clarke,R,0,GBR,0.0,6-3  6-4 .,3,Unknown,72,5,1,41,56,33,8,10,3,3,3,2,31,52,23,10,9,2,4,0,0,0,0
2025-7480,Los Cabos,Hard,32,A,,1,govind-nanda,8,,Govind Nanda,R,0,USA,0.0,strong-kirchheimer,,WC,Strong Kirchheimer,R,0,USA,0.0,6-4  6-1 .,3,Unknown,75,2,2,38,59,22,7,9,7,12,2,2,30,46,22,8,8,1,2,0,0,0,0
2025-1536,Madrid,Clay,32,A,,1,daniel elahi-galan,24,,Daniel Elahi Galan,R,0,COL,0.0,diego-dedura,,WC,Diego Dedura,R,0,GER,0.0,6-7(7) 6-4  6-1 .,3,Unknown,148,1,1,76,101,41,18,14,4,8,8,2,75,100,54,12,15,4,5,0,0,0,0
2025-8994,Mallorca,Grass,32,A,,1,elias-ymer,,,Elias Ymer,R,0,SWE,0.0,alexander-shevchenko,8,,Alexander Shevchenko,R,0,KAZ,0.0,6-4  7-6(4).,3,Unknown,79,6,1,40,61,37,10,11,1,2,9,2,40,65,30,16,11,1,3,0,0,0,0
2025-360,Marrakech,Clay,32,A,,1,titouan-droguet,,,Titouan Droguet,R,0,FRA,0.0,manuel-guinard,Alt,,Manuel Guinard,R,0,FRA,0.0,7-6(3) 6-3 .,3,Unknown,98,5,1,31,67,26,19,10,3,5,0,6,47,72,27,14,11,5,9,0,0,0,0
2025-496,Marseille,Hard,32,A,,1,pierre-hugues-herbert,8,,Pierre-Hugues Herbert,R,0,FRA,0.0,calvin-hemery,,,Calvin Hemery,R,0,FRA,0.0,6-2  6-3 .,3,Unknown,62,2,0,23,43,16,11,8,2,5,9,6,27,50,26,11,9,2,2,0,0,0,0
2025-403,Miami,Hard,32,A,,1,tristan-schoolkate,24,,Tristan Schoolkate,R,0,AUS,0.0,stefano-napolitano,PR,,Stefano Napolitano,R,0,ITA,0.0,6-3 6-7(5) 6-1 .,3,Unknown,170,7,2,71,107,42,19,13,9,13,8,9,84,132,59,23,15,10,11,0,0,0,0
2025-410,Monte Carlo,Clay,32,A,,1,dusan-lajovic,,WC,Dusan Lajovic,R,0,SRB,0.0,alexander-bublik,14,,Alexander Bublik,R,0,KAZ,0.0,6-2 6-7(5) 6-0 .,3,Unknown,101,1,3,59,90,41,18,13,8,9,4,5,41,79,26,16,13,2,8,0,0,0,0
2025-375,Montpellier,Clay,32,A,,1,titouan-droguet,8,,Titouan Droguet,R,0,FRA,0.0,valentin-royer,,,Valentin Royer,R,0,FRA,0.0,4-6  6-3  7-6(4).,3,Unknown,137,3,3,53,92,37,23,15,3,6,19,2,57,103,46,23,16,4,7,0,0,0,0
2025-308,Munich,Clay,32,A,,1,borna-gojo,PR,,Borna Gojo,R,0,CRO,0.0,daniel-masur,,,Daniel Masur,R,0,GER,0.0,6-3  7-6(6).,3,Unknown,92,9,1,46,71,37,11,10,4,5,11,0,39,66,32,19,11,2,2,0,0,0,0
2025-6932,Rio De Janeiro,Clay,32,A,,1,tomas-barrios vera,,,Tomas Barrios Vera,R,0,CHI,0.0,cristian-garin,8,,Cristian Garin,R,0,CHI,0.0,6-4  6-3 .,3,Unknown,116,5,2,44,73,29,18,9,8,8,4,2,29,64,18,20,10,3,6,0,0,0,0
2025-416,Rome,Clay,32,A,,1,marton-fucsovics,,,Marton Fucsovics,R,0,HUN,0.0,stefano-napolitano,Alt,,Stefano Napolitano,R,0,ITA,0.0,6-2  6-3 .,3,Unknown,76,1,1,23,47,17,14,9,3,5,1,2,28,45,13,8,8,1,6,0,0,0,0
2025-407,Rotterdam,Hard,32,A,,1,andrea-vavassori,,,Andrea Vavassori,R,0,ITA,0.0,niels-visker,Alt,,Niels Visker,R,0,NED,0.0,7-6(2) 6-2 .,3,Unknown,82,2,3,46,83,34,14,10,3,5,8,1,38,59,34,13,10,3,3,0,0,0,0
2025-440,S Hertogenbosch,Grass,32,A,,1,mees-rottgering,,WC,Mees Rottgering,R,0,NED,0.0,jelle-sels,Alt,,Jelle Sels,R,0,NED,0.0,6-4  6-2 .,3,Unknown,70,6,3,31,45,25,9,9,2,3,2,0,42,64,24,9,9,9,13,0,0,0,0
2025-8996,Santiago,Clay,32,A,,1,orlando-luz,Alt,,Orlando Luz,R,0,BRA,0.0,ryan-seggerman,Alt,,Ryan Seggerman,R,0,USA,0.0,6-3  7-6(5).,3,Unknown,83,11,6,48,82,36,13,11,3,5,4,2,33,57,29,15,10,0,0,0,0,0,0
2025-321,Stuttgart,Clay,32,A,,1,pierre-hugues-herbert,7,,Pierre-Hugues Herbert,R,0,FRA,0.0,maximilian-marterer,Alt,,Maximilian Marterer,R,0,GER,0.0,6-1  6-1 .,3,Unknown,53,1,6,38,53,23,0,7,3,8,13,5,16,38,14,15,7,1,1,0,0,0,0
2025-421,Toronto,Hard,32,A,,1,dan-martin,30/WC,,Dan Martin,R,0,CAN,0.0,taro-daniel,16,,Taro Daniel,R,0,JPN,0.0,6-7(6) 7-6(4) 7-5 .,3,Unknown,185,11,3,64,121,54,28,18,8,10,7,1,84,120,68,17,18,6,7,0,0,0,0
2025-439,Umag,Clay,32,A,,1,luca-van assche,8,,Luca Van Assche,R,0,FRA,0.0,marco-cecchinato,Alt,,Marco Cecchinato,R,0,ITA,0.0,6-3  7-6(3).,3,Unknown,121,4,3,62,94,36,13,11,2,6,2,0,43,69,30,13,10,4,6,0,0,0,0
2025-418,Washington,Clay,32,A,,1,andrea-vavassori,Alt,,Andrea Vavassori,R,0,ITA,0.0,alfredo-perez,Alt,,Alfredo Perez,R,0,USA,0.0,7-5 1-0 RET.,3,Unknown,65,1,1,28,42,16,7,6,0,2,7,5,26,46,19,10,7,1,2,0,0,0,0
2025-421,Toronto,Hard,32,A,,1,dan-martin,30/WC,,Dan Martin,R,0,CAN,0.0,taro-daniel,16,,Taro Daniel,R,0,JPN,0.0,6-7(6) 7-6(4) 7-5 .,3,Unknown,185,11,3,64,121,54,28,18,8,10,7,1,84,120,68,17,18,6,7,0,0,0,0
2025-540,Wimbledon,Grass,32,A,,239,jannik-sinner,1,,Jannik Sinner,R,0,ITA,0.0,carlos-alcaraz,2,,Carlos Alcaraz,R,0,ESP,0.0,N/A,3,F,0,8,2,62,72,75,58,0,67,4,15,7,53,64,75,51,0,56,5,0,0,0,0
2025-540,Wimbledon,Grass,32,A,,238,jannik-sinner,1,,Jannik Sinner,R,0,ITA,0.0,novak-djokovic,6,,Novak Djokovic,R,0,SRB,0.0,N/A,3,SF,0,12,2,74,54,81,58,0,50,1,12,0,67,62,77,17,0,50,5,0,0,0,0
2025-540,Wimbledon,Grass,32,A,,237,carlos-alcaraz,2,,Carlos Alcaraz,R,0,ESP,0.0,taylor-fritz,5,,Taylor Fritz,R,0,USA,0.0,N/A,3,SF,0,19,6,59,71,82,56,0,57,4,13,3,64,72,88,59,0,50,1,0,0,0,0
2025-540,Wimbledon,Grass,32,A,,236,jannik-sinner,1,,Jannik Sinner,R,0,ITA,0.0,ben-shelton,10,,Ben Shelton,R,0,USA,0.0,N/A,3,QF,0,7,1,65,56,89,67,0,100,2,14,6,59,60,80,41,0,60,3,0,0,0,0
2025-540,Wimbledon,Grass,32,A,,235,novak-djokovic,6,,Novak Djokovic,R,0,SRB,0.0,flavio-cobolli,22,,Flavio Cobolli,R,0,ITA,0.0,N/A,3,QF,0,13,4,63,89,73,38,0,50,6,13,2,71,82,76,68,0,0,0,0,0,0,0
2025-540,Wimbledon,Grass,32,A,,234,carlos-alcaraz,2,,Carlos Alcaraz,R,0,ESP,0.0,cameron-norrie,,,Cameron Norrie,R,0,GBR,0.0,N/A,3,QF,0,3,3,69,57,61,38,0,55,6,13,4,71,54,89,32,0,100,5,0,0,0,0
2025-540,Wimbledon,Grass,32,A,,233,taylor-fritz,5,,Taylor Fritz,R,0,USA,0.0,karen-khachanov,17,,Karen Khachanov,R,0,RUS,0.0,N/A,3,QF,0,16,2,63,66,82,56,0,25,1,6,3,56,67,72,54,0,63,5,0,0,0,0
2025-540,Wimbledon,Grass,32,A,,232,jannik-sinner,1,,Jannik Sinner,R,0,ITA,0.0,grigor-dimitrov,19,,Grigor Dimitrov,R,0,BUL,0.0,N/A,3,R16,0,4,3,58,34,82,44,0,40,2,14,3,58,49,84,50,0,50,1,0,0,0,0
2025-540,Wimbledon,Grass,32,A,,231,novak-djokovic,6,,Novak Djokovic,R,0,SRB,0.0,alex-de minaur,11,,Alex de Minaur,R,0,AUS,0.0,N/A,3,R16,0,1,4,55,62,56,57,0,54,7,6,5,66,85,69,39,0,68,13,0,0,0,0
2025-540,Wimbledon,Grass,32,A,,230,ben-shelton,10,,Ben Shelton,R,0,USA,0.0,lorenzo-sonego,,,Lorenzo Sonego,R,0,ITA,0.0,N/A,3,R16,0,8,5,67,84,74,60,0,67,4,8,3,75,88,70,47,0,33,2,0,0,0,0
2025-540,Wimbledon,Grass,32,A,,229,flavio-cobolli,22,,Flavio Cobolli,R,0,ITA,0.0,marin-cilic,,,Marin Cilic,R,0,CRO,0.0,N/A,3,R16,0,19,1,68,97,70,61,0,63,5,11,3,66,99,78,55,0,88,7,0,0,0,0
2025-540,Wimbledon,Grass,32,A,,228,carlos-alcaraz,2,,Carlos Alcaraz,R,0,ESP,0.0,andrey-rublev,14,,Andrey Rublev,R,0,RUS,0.0,N/A,3,R16,0,6,4,67,83,72,20,0,64,7,22,3,68,79,82,27,0,75,3,0,0,0,0
2025-540,Wimbledon,Grass,32,A,,227,taylor-fritz,5,,Taylor Fritz,R,0,USA,0.0,jordan-thompson,,,Jordan Thompson,R,0,AUS,0.0,N/A,3,R16,0,6,0,50,12,100,92,0,0,0,1,1,61,17,53,18,0,20,1,0,0,0,0
2025-540,Wimbledon,Grass,32,A,,226,karen-khachanov,17,,Karen Khachanov,R,0,RUS,0.0,kamil-majchrzak,,,Kamil Majchrzak,R,0,POL,0.0,N/A,3,R16,0,10,0,74,52,79,67,0,75,3,6,0,67,60,70,30,0,40,4,0,0,0,0
2025-540,Wimbledon,Grass,32,A,,225,cameron-norrie,,,Cameron Norrie,R,0,GBR,0.0,nicolas-jarry,,Q,Nicolas Jarry,R,0,CHI,0.0,N/A,3,R16,0,46,8,66,117,79,48,0,78,7,8,6,68,134,75,58,0,100,8,0,0,0,0
2025-540,Wimbledon,Grass,32,A,,224,jannik-sinner,1,,Jannik Sinner,R,0,ITA,0.0,pedro-martinez,,,Pedro Martinez,R,0,ESP,0.0,N/A,3,R32,0,11,3,62,46,76,61,0,100,4,0,0,77,61,52,39,0,57,8,0,0,0,0
2025-540,Wimbledon,Grass,32,A,,223,novak-djokovic,6,,Novak Djokovic,R,0,SRB,0.0,miomir-kecmanovic,,,Miomir Kecmanovic,R,0,SRB,0.0,N/A,3,R32,0,3,1,65,58,57,39,0,40,4,16,3,78,54,80,53,0,0,0,0,0,0,0
2025-540,Wimbledon,Grass,32,A,,222,ben-shelton,10,,Ben Shelton,R,0,USA,0.0,marton-fucsovics,,LL,Marton Fucsovics,R,0,HUN,0.0,N/A,3,R32,0,8,0,74,67,81,50,0,75,3,7,2,65,56,70,47,0,43,3,0,0,0,0
2025-540,Wimbledon,Grass,32,A,,221,alex-de minaur,11,,Alex de Minaur,R,0,AUS,0.0,august-holmgren,,Q,August Holmgren,R,0,DEN,0.0,N/A,3,R32,0,3,1,57,53,85,60,0,80,4,6,5,65,72,71,49,0,75,9,0,0,0,0
2025-540,Wimbledon,Grass,32,A,,220,flavio-cobolli,22,,Flavio Cobolli,R,0,ITA,0.0,jakub-mensik,15,,Jakub Mensik,R,0,CZE,0.0,N/A,3,R32,0,9,1,54,43,74,69,0,100,1,11,7,58,54,65,38,0,71,12,0,0,0,0
2025-540,Wimbledon,Grass,32,A,,219,grigor-dimitrov,19,,Grigor Dimitrov,R,0,BUL,0.0,sebastian-ofner,,,Sebastian Ofner,R,0,AUT,0.0,N/A,3,R32,0,15,7,58,56,80,59,0,67,2,7,4,55,50,66,59,0,50,3,0,0,0,0
2025-540,Wimbledon,Grass,32,A,,218,lorenzo-sonego,,,Lorenzo Sonego,R,0,ITA,0.0,brandon-nakashima,29,,Brandon Nakashima,R,0,USA,0.0,N/A,3,R32,0,16,1,73,146,73,57,0,83,10,16,1,76,143,71,53,0,70,7,0,0,0,0
2025-540,Wimbledon,Grass,32,A,,217,marin-cilic,,,Marin Cilic,R,0,CRO,0.0,jaume-munar,,,Jaume Munar,R,0,ESP,0.0,N/A,3,R32,0,14,1,62,83,73,41,0,75,6,6,6,62,63,76,44,0,38,3,0,0,0,0
2025-540,Wimbledon,Grass,32,A,,216,carlos-alcaraz,2,,Carlos Alcaraz,R,0,ESP,0.0,jan-lennard-struff,,,Jan-Lennard Struff,R,0,GER,0.0,N/A,3,R32,0,13,10,53,65,74,40,0,58,7,10,4,57,62,74,59,0,60,3,0,0,0,0
2025-540,Wimbledon,Grass,32,A,,215,taylor-fritz,5,,Taylor Fritz,R,0,USA,0.0,alejandro-davidovich fokina,26,,Alejandro Davidovich Fokina,R,0,ESP,0.0,N/A,3,R32,0,17,1,65,78,77,57,0,88,7,5,3,72,94,62,50,0,53,8,0,0,0,0
2025-540,Wimbledon,Grass,32,A,,214,andrey-rublev,14,,Andrey Rublev,R,0,RUS,0.0,adrian-mannarino,,Q,Adrian Mannarino,R,0,FRA,0.0,N/A,3,R32,0,14,4,57,56,80,51,0,90,9,8,1,71,56,66,48,0,38,3,0,0,0,0
2025-540,Wimbledon,Grass,32,A,,213,karen-khachanov,17,,Karen Khachanov,R,0,RUS,0.0,nuno-borges,,,Nuno Borges,R,0,POR,0.0,N/A,3,R32,0,9,4,73,123,75,46,0,67,8,11,6,67,115,73,57,0,62,8,0,0,0,0
2025-540,Wimbledon,Grass,32,A,,212,nicolas-jarry,,Q,Nicolas Jarry,R,0,CHI,0.0,joao-fonseca,,,Joao Fonseca,R,0,BRA,0.0,N/A,3,R32,0,25,7,76,103,74,56,0,91,10,8,2,89,118,70,29,0,71,5,0,0,0,0
2025-540,Wimbledon,Grass,32,A,,211,kamil-majchrzak,,,Kamil Majchrzak,R,0,POL,0.0,arthur-rinderknech,,,Arthur Rinderknech,R,0,FRA,0.0,N/A,3,R32,0,9,1,67,80,69,67,0,80,4,19,6,58,66,77,45,0,78,7,0,0,0,0
2025-540,Wimbledon,Grass,32,A,,210,cameron-norrie,,,Cameron Norrie,R,0,GBR,0.0,mattia-bellucci,,,Mattia Bellucci,R,0,ITA,0.0,N/A,3,R32,0,7,8,49,53,62,51,0,50,6,6,2,65,67,66,61,0,73,8,0,0,0,0
2025-540,Wimbledon,Grass,32,A,,209,jordan-thompson,,,Jordan Thompson,R,0,AUS,0.0,luciano-darderi,,,Luciano Darderi,R,0,ITA,0.0,N/A,3,R32,0,8,4,69,81,67,64,0,70,7,19,0,63,79,76,55,0,88,7,0,0,0,0
2025-540,Wimbledon,Grass,32,A,,208,jannik-sinner,1,,Jannik Sinner,R,0,ITA,0.0,aleksandar-vukic,,,Aleksandar Vukic,R,0,AUS,0.0,N/A,3,R64,0,12,0,65,52,69,71,0,100,4,3,2,60,39,51,38,0,33,3,0,0,0,0
2025-540,Wimbledon,Grass,32,A,,207,marin-cilic,,,Marin Cilic,R,0,CRO,0.0,jack-draper,4,,Jack Draper,R,0,GBR,0.0,N/A,3,R64,0,14,0,63,69,74,45,0,67,6,16,6,59,61,79,58,0,71,5,0,0,0,0
2025-540,Wimbledon,Grass,32,A,,206,novak-djokovic,6,,Novak Djokovic,R,0,SRB,0.0,daniel-evans,,WC,Daniel Evans,R,0,GBR,0.0,N/A,3,R64,0,5,3,65,59,58,28,0,63,10,11,2,74,43,88,67,0,100,2,0,0,0,0
2025-540,Wimbledon,Grass,32,A,,205,ben-shelton,10,,Ben Shelton,R,0,USA,0.0,rinky-hijikata,,,Rinky Hijikata,R,0,AUS,0.0,N/A,3,R64,0,11,4,58,54,74,72,0,100,3,2,2,70,69,62,52,0,67,8,0,0,0,0
2025-540,Wimbledon,Grass,32,A,,204,alex-de minaur,11,,Alex de Minaur,R,0,AUS,0.0,arthur-cazaux,,Q,Arthur Cazaux,R,0,FRA,0.0,N/A,3,R64,0,1,2,58,56,73,63,0,50,2,10,4,54,65,65,40,0,65,13,0,0,0,0
2025-540,Wimbledon,Grass,32,A,,203,sebastian-ofner,,,Sebastian Ofner,R,0,AUT,0.0,tommy-paul,13,,Tommy Paul,R,0,USA,0.0,N/A,3,R64,0,9,7,51,72,75,47,0,71,10,5,3,52,59,73,56,0,0,0,0,0,0,0
2025-540,Wimbledon,Grass,32,A,,202,jakub-mensik,15,,Jakub Mensik,R,0,CZE,0.0,marcos-giron,,,Marcos Giron,R,0,USA,0.0,N/A,3,R64,0,5,3,74,96,67,52,0,50,4,26,6,62,80,80,41,0,75,9,0,0,0,0
2025-540,Wimbledon,Grass,32,A,,201,grigor-dimitrov,19,,Grigor Dimitrov,R,0,BUL,0.0,corentin-moutet,,,Corentin Moutet,R,0,FRA,0.0,N/A,3,R64,0,11,7,58,80,74,55,0,56,5,11,4,69,103,64,48,0,57,8,0,0,0,0
2025-540,Wimbledon,Grass,32,A,,200,august-holmgren,,Q,August Holmgren,R,0,DEN,0.0,tomas-machac,21,,Tomas Machac,R,0,CZE,0.0,N/A,3,R64,0,35,12,54,110,88,50,0,90,9,19,9,68,141,71,62,0,71,5,0,0,0,0
2025-540,Wimbledon,Grass,32,A,,199,flavio-cobolli,22,,Flavio Cobolli,R,0,ITA,0.0,jack-pinnington jones,,WC,Jack Pinnington Jones,R,0,GBR,0.0,N/A,3,R64,0,2,4,55,53,64,67,0,67,2,4,4,60,54,59,39,0,33,3,0,0,0,0
2025-540,Wimbledon,Grass,32,A,,198,brandon-nakashima,29,,Brandon Nakashima,R,0,USA,0.0,reilly-opelka,,,Reilly Opelka,R,0,USA,0.0,N/A,3,R64,0,12,0,78,87,83,64,0,100,2,24,5,62,81,74,47,0,60,6,0,0,0,0
2025-540,Wimbledon,Grass,32,A,,197,marton-fucsovics,,LL,Marton Fucsovics,R,0,HUN,0.0,gael-monfils,,,Gael Monfils,R,0,FRA,0.0,N/A,3,R64,0,1,10,62,109,65,44,0,63,10,3,3,63,101,66,48,0,50,5,0,0,0,0
2025-540,Wimbledon,Grass,32,A,,196,miomir-kecmanovic,,,Miomir Kecmanovic,R,0,SRB,0.0,jesper-de jong,,,Jesper de Jong,R,0,NED,0.0,N/A,3,R64,0,5,1,64,56,77,69,0,50,2,16,5,50,56,77,43,0,50,4,0,0,0,0
2025-540,Wimbledon,Grass,32,A,,195,pedro-martinez,,,Pedro Martinez,R,0,ESP,0.0,mariano-navone,,,Mariano Navone,R,0,ARG,0.0,N/A,3,R64,0,0,5,65,84,67,49,0,67,6,5,3,61,66,73,42,0,50,5,0,0,0,0
2025-540,Wimbledon,Grass,32,A,,194,jaume-munar,,,Jaume Munar,R,0,ESP,0.0,fabian-marozsan,,,Fabian Marozsan,R,0,HUN,0.0,N/A,3,R64,0,3,3,78,79,58,59,0,44,4,6,4,75,78,73,54,0,67,2,0,0,0,0
2025-540,Wimbledon,Grass,32,A,,193,lorenzo-sonego,,,Lorenzo Sonego,R,0,ITA,0.0,nikoloz-basilashvili,,Q,Nikoloz Basilashvili,R,0,GEO,0.0,N/A,3,R64,0,11,0,70,84,75,61,0,50,2,5,9,73,95,69,36,0,50,6,0,0,0,0
2025-540,Wimbledon,Grass,32,A,,192,carlos-alcaraz,2,,Carlos Alcaraz,R,0,ESP,0.0,oliver-tarvet,,Q,Oliver Tarvet,R,0,GBR,0.0,N/A,3,R64,0,1,1,66,51,51,46,0,40,4,3,4,67,64,70,47,0,82,9,0,0,0,0
2025-540,Wimbledon,Grass,32,A,,191,taylor-fritz,5,,Taylor Fritz,R,0,USA,0.0,gabriel-diallo,,,Gabriel Diallo,R,0,CAN,0.0,N/A,3,R64,0,25,4,66,88,80,67,0,50,3,26,8,73,118,76,34,0,73,8,0,0,0,0
2025-540,Wimbledon,Grass,32,A,,190,cameron-norrie,,,Cameron Norrie,R,0,GBR,0.0,frances-tiafoe,12,,Frances Tiafoe,R,0,USA,0.0,N/A,3,R64,0,17,3,77,92,75,46,0,67,6,20,4,53,73,68,49,0,62,8,0,0,0,0
2025-540,Wimbledon,Grass,32,A,,189,andrey-rublev,14,,Andrey Rublev,R,0,RUS,0.0,lloyd-harris,,,Lloyd Harris,R,0,RSA,0.0,N/A,3,R64,0,12,6,68,81,88,55,0,75,3,25,0,68,89,76,46,0,50,3,0,0,0,0
2025-540,Wimbledon,Grass,32,A,,188,karen-khachanov,17,,Karen Khachanov,R,0,RUS,0.0,shintaro-mochizuki,,Q,Shintaro Mochizuki,R,0,JPN,0.0,N/A,3,R64,0,6,3,54,81,68,55,0,63,10,10,3,64,112,63,50,0,60,12,0,0,0,0
2025-540,Wimbledon,Grass,32,A,,187,mattia-bellucci,,,Mattia Bellucci,R,0,ITA,0.0,jiri-lehecka,23,,Jiri Lehecka,R,0,CZE,0.0,N/A,3,R64,0,8,2,63,54,74,44,0,0,0,11,5,60,61,84,53,0,86,6,0,0,0,0
2025-540,Wimbledon,Grass,32,A,,186,jan-lennard-struff,,,Jan-Lennard Struff,R,0,GER,0.0,felix-auger-aliassime,25,,Felix Auger-Aliassime,R,0,CAN,0.0,N/A,3,R64,0,16,8,62,92,67,48,0,64,9,10,4,52,69,72,53,0,77,10,0,0,0,0
2025-540,Wimbledon,Grass,32,A,,185,alejandro-davidovich fokina,26,,Alejandro Davidovich Fokina,R,0,ESP,0.0,botic-van de zandschulp,,,Botic van de Zandschulp,R,0,NED,0.0,N/A,3,R64,0,6,6,68,93,66,34,0,60,9,3,1,69,86,67,62,0,73,8,0,0,0,0
2025-540,Wimbledon,Grass,32,A,,184,nuno-borges,,,Nuno Borges,R,0,POR,0.0,billy-harris,,,Billy Harris,R,0,GBR,0.0,N/A,3,R64,0,11,3,75,87,75,55,0,100,9,7,2,82,92,61,55,0,67,4,0,0,0,0
2025-540,Wimbledon,Grass,32,A,,183,luciano-darderi,,,Luciano Darderi,R,0,ITA,0.0,arthur-fery,,WC,Arthur Fery,R,0,GBR,0.0,N/A,3,R64,0,6,2,65,69,57,46,0,68,13,7,2,66,67,69,43,0,85,11,0,0,0,0
2025-540,Wimbledon,Grass,32,A,,182,joao-fonseca,,,Joao Fonseca,R,0,BRA,0.0,jenson-brooksby,,,Jenson Brooksby,R,0,USA,0.0,N/A,3,R64,0,9,4,69,88,70,48,0,77,10,6,2,66,95,60,53,0,65,11,0,0,0,0
2025-540,Wimbledon,Grass,32,A,,181,nicolas-jarry,,Q,Nicolas Jarry,R,0,CHI,0.0,learner-tien,,,Learner Tien,R,0,USA,0.0,N/A,3,R64,0,9,2,84,53,85,70,0,0,0,6,5,70,60,60,35,0,50,5,0,0,0,0
2025-540,Wimbledon,Grass,32,A,,180,kamil-majchrzak,,,Kamil Majchrzak,R,0,POL,0.0,ethan-quinn,,,Ethan Quinn,R,0,USA,0.0,N/A,3,R64,0,5,0,64,51,69,69,0,80,4,8,4,73,56,61,29,0,33,3,0,0,0,0
2025-540,Wimbledon,Grass,32,A,,179,adrian-mannarino,,Q,Adrian Mannarino,R,0,FRA,0.0,valentin-royer,,Q,Valentin Royer,R,0,FRA,0.0,N/A,3,R64,0,18,2,61,79,86,56,0,75,3,12,4,66,96,69,56,0,82,9,0,0,0,0
2025-540,Wimbledon,Grass,32,A,,178,arthur-rinderknech,,,Arthur Rinderknech,R,0,FRA,0.0,cristian-garin,,LL,Cristian Garin,R,0,CHI,0.0,N/A,3,R64,0,10,1,73,113,66,68,0,77,10,14,6,64,102,71,56,0,63,5,0,0,0,0
2025-540,Wimbledon,Grass,32,A,,177,jordan-thompson,,,Jordan Thompson,R,0,AUS,0.0,benjamin-bonzi,,,Benjamin Bonzi,R,0,FRA,0.0,N/A,3,R64,0,19,6,77,131,71,41,0,75,6,15,3,77,134,65,51,0,64,9,0,0,0,0
2025-540,Wimbledon,Grass,32,A,,176,jannik-sinner,1,,Jannik Sinner,R,0,ITA,0.0,luca-nardi,,,Luca Nardi,R,0,ITA,0.0,N/A,3,R128,0,9,2,69,45,84,70,0,0,0,3,5,67,60,57,40,0,64,9,0,0,0,0
2025-540,Wimbledon,Grass,32,A,,175,jack-draper,4,,Jack Draper,R,0,GBR,0.0,sebastian-baez,,,Sebastian Baez,R,0,ARG,0.0,N/A,3,R128,0,10,1,68,28,93,77,0,0,0,1,3,78,49,59,36,0,0,0,0,0,0,0
2025-540,Wimbledon,Grass,32,A,,174,novak-djokovic,6,,Novak Djokovic,R,0,SRB,0.0,alexandre-muller,,,Alexandre Muller,R,0,FRA,0.0,N/A,3,R128,0,8,7,79,136,60,30,0,74,20,22,1,83,86,74,71,0,100,3,0,0,0,0
2025-540,Wimbledon,Grass,32,A,,173,nikoloz-basilashvili,,Q,Nikoloz Basilashvili,R,0,GEO,0.0,lorenzo-musetti,7,,Lorenzo Musetti,R,0,ITA,0.0,N/A,3,R128,0,14,4,78,87,76,48,0,80,4,6,4,77,82,62,60,0,55,6,0,0,0,0
2025-540,Wimbledon,Grass,32,A,,172,ben-shelton,10,,Ben Shelton,R,0,USA,0.0,alex-bolt,,Q,Alex Bolt,R,0,AUS,0.0,N/A,3,R128,0,15,6,78,85,78,50,0,50,1,7,5,83,95,69,45,0,71,5,0,0,0,0
2025-540,Wimbledon,Grass,32,A,,171,alex-de minaur,11,,Alex de Minaur,R,0,AUS,0.0,roberto-carballes baena,,,Roberto Carballes Baena,R,0,ESP,0.0,N/A,3,R128,0,8,3,48,42,81,59,0,80,4,4,4,57,54,67,37,0,50,5,0,0,0,0
2025-540,Wimbledon,Grass,32,A,,170,tommy-paul,13,,Tommy Paul,R,0,USA,0.0,johannus-monday,,WC,Johannus Monday,R,0,GBR,0.0,N/A,3,R128,0,7,2,61,51,73,50,0,33,2,9,4,63,45,89,59,0,100,2,0,0,0,0
2025-540,Wimbledon,Grass,32,A,,169,jakub-mensik,15,,Jakub Mensik,R,0,CZE,0.0,hugo-gaston,,,Hugo Gaston,R,0,FRA,0.0,N/A,3,R128,0,6,1,64,65,60,51,0,50,6,20,4,67,61,87,47,0,50,1,0,0,0,0
2025-540,Wimbledon,Grass,32,A,,168,gael-monfils,,,Gael Monfils,R,0,FRA,0.0,ugo-humbert,18,,Ugo Humbert,R,0,FRA,0.0,N/A,3,R128,0,28,15,60,96,77,48,0,64,7,10,7,65,111,69,51,0,46,6,0,0,0,0
2025-540,Wimbledon,Grass,32,A,,167,grigor-dimitrov,19,,Grigor Dimitrov,R,0,BUL,0.0,yoshihito-nishioka,,,Yoshihito Nishioka,R,0,JPN,0.0,N/A,3,R128,0,26,3,68,46,98,50,0,0,0,1,1,65,56,63,53,0,50,4,0,0,0,0
2025-540,Wimbledon,Grass,32,A,,166,tomas-machac,21,,Tomas Machac,R,0,CZE,0.0,damir-dzumhur,,,Damir Dzumhur,R,0,BIH,0.0,N/A,3,R128,0,1,2,58,48,60,46,0,38,3,7,1,70,51,78,64,0,67,2,0,0,0,0
2025-540,Wimbledon,Grass,32,A,,165,flavio-cobolli,22,,Flavio Cobolli,R,0,ITA,0.0,beibit-zhukayev,,Q,Beibit Zhukayev,R,0,KAZ,0.0,N/A,3,R128,0,11,3,67,57,81,57,0,100,2,14,6,63,56,75,18,0,63,5,0,0,0,0
2025-540,Wimbledon,Grass,32,A,,164,mariano-navone,,,Mariano Navone,R,0,ARG,0.0,denis-shapovalov,27,,Denis Shapovalov,R,0,CAN,0.0,N/A,3,R128,0,1,5,60,62,69,62,0,57,4,6,11,54,61,70,41,0,40,4,0,0,0,0
2025-540,Wimbledon,Grass,32,A,,163,jaume-munar,,,Jaume Munar,R,0,ESP,0.0,alexander-bublik,28,,Alexander Bublik,R,0,KAZ,0.0,N/A,3,R128,0,0,0,0,0,0,0,0,0,0,0,0,0,0,0,0,0,0,0,0,0,0,0
2025-540,Wimbledon,Grass,32,A,,162,brandon-nakashima,29,,Brandon Nakashima,R,0,USA,0.0,yunchaokete-bu,,,Yunchaokete Bu,R,0,CHN,0.0,N/A,3,R128,0,21,3,69,90,76,51,0,78,7,13,4,63,93,69,45,0,63,5,0,0,0,0
2025-540,Wimbledon,Grass,32,A,,161,miomir-kecmanovic,,,Miomir Kecmanovic,R,0,SRB,0.0,alex-michelsen,30,,Alex Michelsen,R,0,USA,0.0,N/A,3,R128,0,11,9,64,96,71,56,0,50,3,10,6,69,101,76,52,0,60,3,0,0,0,0
2025-540,Wimbledon,Grass,32,A,,160,arthur-cazaux,,Q,Arthur Cazaux,R,0,FRA,0.0,adam-walton,,,Adam Walton,R,0,AUS,0.0,N/A,3,R128,0,24,8,71,116,84,36,0,86,6,12,2,63,111,66,62,0,76,13,0,0,0,0
2025-540,Wimbledon,Grass,32,A,,159,marin-cilic,,,Marin Cilic,R,0,CRO,0.0,raphael-collignon,,,Raphael Collignon,R,0,BEL,0.0,N/A,3,R128,0,12,9,72,61,66,42,0,62,8,16,0,61,46,85,55,0,75,3,0,0,0,0
2025-540,Wimbledon,Grass,32,A,,158,jesper-de jong,,,Jesper de Jong,R,0,NED,0.0,christopher-eubanks,,,Christopher Eubanks,R,0,USA,0.0,N/A,3,R128,0,32,15,57,108,79,58,0,100,12,17,7,70,135,74,43,0,73,8,0,0,0,0
2025-540,Wimbledon,Grass,32,A,,157,daniel-evans,,WC,Daniel Evans,R,0,GBR,0.0,jay-clarke,,WC,Jay Clarke,R,0,GBR,0.0,N/A,3,R128,0,6,1,57,47,79,58,0,67,2,6,4,57,47,70,34,0,14,1,0,0,0,0
2025-540,Wimbledon,Grass,32,A,,156,marton-fucsovics,,LL,Marton Fucsovics,R,0,HUN,0.0,aleksandar-kovacevic,,,Aleksandar Kovacevic,R,0,USA,0.0,N/A,3,R128,0,6,4,58,85,75,51,0,50,5,18,7,63,102,83,51,0,80,8,0,0,0,0
2025-540,Wimbledon,Grass,32,A,,155,marcos-giron,,,Marcos Giron,R,0,USA,0.0,camilo-ugo carabelli,,,Camilo Ugo Carabelli,R,0,ARG,0.0,N/A,3,R128,0,12,0,67,72,72,56,0,57,4,6,2,55,68,59,54,0,67,8,0,0,0,0
2025-540,Wimbledon,Grass,32,A,,154,rinky-hijikata,,,Rinky Hijikata,R,0,AUS,0.0,david-goffin,,,David Goffin,R,0,BEL,0.0,N/A,3,R128,0,6,0,62,40,85,64,0,100,2,3,5,54,34,65,31,0,45,5,0,0,0,0
2025-540,Wimbledon,Grass,32,A,,153,august-holmgren,,Q,August Holmgren,R,0,DEN,0.0,quentin-halys,,,Quentin Halys,R,0,FRA,0.0,N/A,3,R128,0,17,7,63,50,86,57,0,50,2,22,6,63,67,85,54,0,100,4,0,0,0,0
2025-540,Wimbledon,Grass,32,A,,152,fabian-marozsan,,,Fabian Marozsan,R,0,HUN,0.0,james-mccabe,,Q,James McCabe,R,0,AUS,0.0,N/A,3,R128,0,8,4,70,65,65,32,0,55,6,3,3,65,54,74,62,0,100,3,0,0,0,0
2025-540,Wimbledon,Grass,32,A,,151,pedro-martinez,,,Pedro Martinez,R,0,ESP,0.0,george-loffhagen,,WC,George Loffhagen,R,0,GBR,0.0,N/A,3,R128,0,0,4,71,70,59,59,0,50,6,16,5,49,47,64,35,0,36,5,0,0,0,0
2025-540,Wimbledon,Grass,32,A,,150,corentin-moutet,,,Corentin Moutet,R,0,FRA,0.0,francisco-comesana,,,Francisco Comesana,R,0,ARG,0.0,N/A,3,R128,0,8,10,58,57,65,41,0,69,11,6,7,59,51,84,44,0,80,4,0,0,0,0
2025-540,Wimbledon,Grass,32,A,,149,sebastian-ofner,,,Sebastian Ofner,R,0,AUT,0.0,hamad-medjedovic,,,Hamad Medjedovic,R,0,SRB,0.0,N/A,3,R128,0,9,1,62,31,90,68,0,100,1,7,1,72,47,68,56,0,80,4,0,0,0,0
2025-540,Wimbledon,Grass,32,A,,148,reilly-opelka,,,Reilly Opelka,R,0,USA,0.0,alexander-shevchenko,,,Alexander Shevchenko,R,0,KAZ,0.0,N/A,3,R128,0,12,5,69,64,75,38,0,43,3,19,7,65,69,78,54,0,71,5,0,0,0,0
2025-540,Wimbledon,Grass,32,A,,147,jack-pinnington jones,,WC,Jack Pinnington Jones,R,0,GBR,0.0,tomas martin-etcheverry,,,Tomas Martin Etcheverry,R,0,ARG,0.0,N/A,3,R128,0,11,4,63,65,78,46,0,77,10,11,5,58,63,83,49,0,88,7,0,0,0,0
2025-540,Wimbledon,Grass,32,A,,146,lorenzo-sonego,,,Lorenzo Sonego,R,0,ITA,0.0,jaime-faria,,Q,Jaime Faria,R,0,POR,0.0,N/A,3,R128,0,4,6,69,59,71,27,0,56,5,15,0,81,60,80,64,0,100,2,0,0,0,0
2025-540,Wimbledon,Grass,32,A,,145,aleksandar-vukic,,,Aleksandar Vukic,R,0,AUS,0.0,chun-hsin-tseng,,,Chun-Hsin Tseng,R,0,TPE,0.0,N/A,3,R128,0,12,9,61,88,70,39,0,64,9,11,4,54,69,81,47,0,43,3,0,0,0,0
2025-540,Wimbledon,Grass,32,A,,144,carlos-alcaraz,2,,Carlos Alcaraz,R,0,ESP,0.0,fabio-fognini,,,Fabio Fognini,R,0,ITA,0.0,N/A,3,R128,0,1,9,64,108,64,55,0,53,8,14,9,58,110,71,49,0,76,16,0,0,0,0
2025-540,Wimbledon,Grass,32,A,,143,arthur-rinderknech,,,Arthur Rinderknech,R,0,FRA,0.0,alexander-zverev,3,,Alexander Zverev,R,0,GER,0.0,N/A,3,R128,0,25,3,76,133,78,61,0,100,9,31,5,81,154,75,50,0,75,9,0,0,0,0
2025-540,Wimbledon,Grass,32,A,,142,taylor-fritz,5,,Taylor Fritz,R,0,USA,0.0,giovanni-mpetshi perricard,,,Giovanni Mpetshi Perricard,R,0,FRA,0.0,N/A,3,R128,0,29,2,73,116,83,61,0,0,0,37,13,74,136,79,41,0,67,4,0,0,0,0
2025-540,Wimbledon,Grass,32,A,,141,nicolas-jarry,,Q,Nicolas Jarry,R,0,CHI,0.0,holger-rune,8,,Holger Rune,R,0,DEN,0.0,N/A,3,R128,0,7,9,61,91,76,49,0,64,7,31,8,61,85,78,63,0,50,3,0,0,0,0
2025-540,Wimbledon,Grass,32,A,,140,benjamin-bonzi,,,Benjamin Bonzi,R,0,FRA,0.0,daniil-medvedev,9,,Daniil Medvedev,R,0,RUS,0.0,N/A,3,R128,0,5,1,78,93,76,38,0,71,5,14,12,72,105,71,29,0,25,1,0,0,0,0
2025-540,Wimbledon,Grass,32,A,,139,frances-tiafoe,12,,Frances Tiafoe,R,0,USA,0.0,elmer-moller,,,Elmer Moller,R,0,DEN,0.0,N/A,3,R128,0,2,13,46,38,71,48,0,55,6,7,4,60,47,85,52,0,50,1,0,0,0,0
2025-540,Wimbledon,Grass,32,A,,138,andrey-rublev,14,,Andrey Rublev,R,0,RUS,0.0,laslo-djere,,,Laslo Djere,R,0,SRB,0.0,N/A,3,R128,0,12,3,63,89,78,68,0,100,3,13,12,53,87,82,45,0,80,12,0,0,0,0
2025-540,Wimbledon,Grass,32,A,,137,nuno-borges,,,Nuno Borges,R,0,POR,0.0,francisco-cerundolo,16,,Francisco Cerundolo,R,0,ARG,0.0,N/A,3,R128,0,5,4,70,81,67,40,0,57,8,9,0,69,78,74,66,0,70,7,0,0,0,0
2025-540,Wimbledon,Grass,32,A,,136,karen-khachanov,17,,Karen Khachanov,R,0,RUS,0.0,mackenzie-mcdonald,,,Mackenzie McDonald,R,0,USA,0.0,N/A,3,R128,0,7,2,67,62,68,50,0,60,6,11,1,62,66,77,58,0,86,6,0,0,0,0
2025-540,Wimbledon,Grass,32,A,,135,arthur-fery,,WC,Arthur Fery,R,0,GBR,0.0,alexei-popyrin,20,,Alexei Popyrin,R,0,AUS,0.0,N/A,3,R128,0,20,5,58,72,68,50,0,69,11,6,3,60,68,68,67,0,67,2,0,0,0,0
2025-540,Wimbledon,Grass,32,A,,134,jiri-lehecka,23,,Jiri Lehecka,R,0,CZE,0.0,hugo-dellien,,,Hugo Dellien,R,0,BOL,0.0,N/A,3,R128,0,22,3,65,66,83,64,0,50,1,6,2,69,79,65,54,0,50,4,0,0,0,0
2025-540,Wimbledon,Grass,32,A,,133,valentin-royer,,Q,Valentin Royer,R,0,FRA,0.0,stefanos-tsitsipas,24,,Stefanos Tsitsipas,R,0,GRE,0.0,N/A,3,R128,0,8,1,64,32,78,67,0,100,3,7,7,43,26,65,50,0,25,1,0,0,0,0
2025-540,Wimbledon,Grass,32,A,,132,felix-auger-aliassime,25,,Felix Auger-Aliassime,R,0,CAN,0.0,james-duckworth,,,James Duckworth,R,0,AUS,0.0,N/A,3,R128,0,26,11,57,79,86,46,0,50,2,8,7,59,101,65,56,0,67,10,0,0,0,0
2025-540,Wimbledon,Grass,32,A,,131,alejandro-davidovich fokina,26,,Alejandro Davidovich Fokina,R,0,ESP,0.0,brandon-holt,,,Brandon Holt,R,0,USA,0.0,N/A,3,R128,0,8,1,67,58,66,41,0,44,4,11,3,64,54,83,50,0,67,2,0,0,0,0
2025-540,Wimbledon,Grass,32,A,,130,jenson-brooksby,,,Jenson Brooksby,R,0,USA,0.0,tallon-griekspoor,31,,Tallon Griekspoor,R,0,NED,0.0,N/A,3,R128,0,6,3,67,67,73,45,0,80,4,9,10,54,59,69,36,0,72,13,0,0,0,0
2025-540,Wimbledon,Grass,32,A,,129,kamil-majchrzak,,,Kamil Majchrzak,R,0,POL,0.0,matteo-berrettini,32,,Matteo Berrettini,R,0,ITA,0.0,N/A,3,R128,0,25,4,63,86,74,46,0,60,9,5,3,57,76,74,60,0,50,4,0,0,0,0
2025-540,Wimbledon,Grass,32,A,,128,mattia-bellucci,,,Mattia Bellucci,R,0,ITA,0.0,oliver-crawford,,WC,Oliver Crawford,R,0,GBR,0.0,N/A,3,R128,0,19,6,59,65,89,53,0,0,0,5,3,56,73,73,52,0,70,7,0,0,0,0
2025-540,Wimbledon,Grass,32,A,,127,luciano-darderi,,,Luciano Darderi,R,0,ITA,0.0,roman-safiullin,,,Roman Safiullin,R,0,RUS,0.0,N/A,3,R128,0,9,4,63,93,69,55,0,50,5,16,7,60,100,67,52,0,65,11,0,0,0,0
2025-540,Wimbledon,Grass,32,A,,126,gabriel-diallo,,,Gabriel Diallo,R,0,CAN,0.0,daniel-altmaier,,,Daniel Altmaier,R,0,GER,0.0,N/A,3,R128,0,7,1,59,44,77,63,0,80,4,5,3,54,38,58,45,0,50,6,0,0,0,0
2025-540,Wimbledon,Grass,32,A,,125,joao-fonseca,,,Joao Fonseca,R,0,BRA,0.0,jacob-fearnley,,,Jacob Fearnley,R,0,GBR,0.0,N/A,3,R128,0,4,10,67,64,64,53,0,73,8,11,4,71,64,84,50,0,100,4,0,0,0,0
2025-540,Wimbledon,Grass,32,A,,124,cristian-garin,,LL,Cristian Garin,R,0,CHI,0.0,chris-rodesch,,Q,Chris Rodesch,R,0,LUX,0.0,N/A,3,R128,0,6,2,71,68,84,61,0,100,3,6,5,73,76,75,50,0,60,3,0,0,0,0
2025-540,Wimbledon,Grass,32,A,,123,billy-harris,,,Billy Harris,R,0,GBR,0.0,dusan-lajovic,,LL,Dusan Lajovic,R,0,SRB,0.0,N/A,3,R128,0,8,0,71,66,68,59,0,88,7,3,2,55,41,59,56,0,29,2,0,0,0,0
2025-540,Wimbledon,Grass,32,A,,122,lloyd-harris,,,Lloyd Harris,R,0,RSA,0.0,zizou-bergs,,,Zizou Bergs,R,0,BEL,0.0,N/A,3,R128,0,9,17,52,84,73,51,0,69,9,23,4,62,107,73,55,0,86,12,0,0,0,0
2025-540,Wimbledon,Grass,32,A,,121,adrian-mannarino,,Q,Adrian Mannarino,R,0,FRA,0.0,christopher-o'connell,,,Christopher O'Connell,R,0,AUS,0.0,N/A,3,R128,0,3,0,57,41,83,58,0,75,3,4,4,53,55,65,38,0,65,11,0,0,0,0
2025-540,Wimbledon,Grass,32,A,,120,shintaro-mochizuki,,Q,Shintaro Mochizuki,R,0,JPN,0.0,giulio-zeppieri,,Q,Giulio Zeppieri,R,0,ITA,0.0,N/A,3,R128,0,5,5,64,109,72,54,0,64,9,22,7,62,87,76,58,0,50,4,0,0,0,0
2025-540,Wimbledon,Grass,32,A,,119,cameron-norrie,,,Cameron Norrie,R,0,GBR,0.0,roberto-bautista agut,,,Roberto Bautista Agut,R,0,ESP,0.0,N/A,3,R128,0,18,5,70,100,71,44,0,73,8,7,2,73,83,69,63,0,43,3,0,0,0,0
2025-540,Wimbledon,Grass,32,A,,118,ethan-quinn,,,Ethan Quinn,R,0,USA,0.0,henry-searle,,WC,Henry Searle,R,0,GBR,0.0,N/A,3,R128,0,13,5,63,78,73,57,0,67,8,8,6,61,73,62,49,0,13,1,0,0,0,0
2025-540,Wimbledon,Grass,32,A,,117,jan-lennard-struff,,,Jan-Lennard Struff,R,0,GER,0.0,filip-misolic,,Q,Filip Misolic,R,0,AUT,0.0,N/A,3,R128,0,18,6,59,61,79,64,0,0,0,7,9,66,84,64,49,0,58,7,0,0,0,0
2025-540,Wimbledon,Grass,32,A,,116,oliver-tarvet,,Q,Oliver Tarvet,R,0,GBR,0.0,leandro-riedi,,Q,Leandro Riedi,R,0,SUI,0.0,N/A,3,R128,0,7,1,62,48,90,63,0,0,0,3,5,66,63,65,50,0,57,4,0,0,0,0
2025-540,Wimbledon,Grass,32,A,,115,jordan-thompson,,,Jordan Thompson,R,0,AUS,0.0,vit-kopriva,,,Vit Kopriva,R,0,CZE,0.0,N/A,3,R128,0,15,10,52,77,77,53,0,81,13,20,2,63,100,74,55,0,88,14,0,0,0,0
2025-540,Wimbledon,Grass,32,A,,114,learner-tien,,,Learner Tien,R,0,USA,0.0,nishesh-basavareddy,,,Nishesh Basavareddy,R,0,USA,0.0,N/A,3,R128,0,8,5,61,58,78,68,0,83,5,4,2,61,57,68,44,0,64,7,0,0,0,0
2025-540,Wimbledon,Grass,32,A,,113,botic-van de zandschulp,,,Botic van de Zandschulp,R,0,NED,0.0,matteo-arnaldi,,,Matteo Arnaldi,R,0,ITA,0.0,N/A,3,R128,0,8,7,50,68,78,51,0,71,5,7,4,59,71,80,58,0,83,5,0,0,0,0
2025-540,Wimbledon,Grass,32,A,,112,chris-rodesch,,,Chris Rodesch,R,0,LUX,0.0,marton-fucsovics,1,,Marton Fucsovics,R,0,HUN,0.0,N/A,3,Unknown,0,6,8,61,70,77,53,0,33,1,7,2,73,88,70,55,0,67,6,0,0,0,0
2025-540,Wimbledon,Grass,32,A,,111,james-mccabe,,,James McCabe,R,0,AUS,0.0,tomas-barrios vera,5,,Tomas Barrios Vera,R,0,CHI,0.0,N/A,3,Unknown,0,8,3,76,108,67,63,0,75,9,11,5,67,109,71,53,0,83,15,0,0,0,0
2025-540,Wimbledon,Grass,32,A,,110,valentin-royer,6,,Valentin Royer,R,0,FRA,0.0,titouan-droguet,,,Titouan Droguet,R,0,FRA,0.0,N/A,3,Unknown,0,11,0,75,58,81,58,0,100,1,8,3,62,54,70,45,0,50,4,0,0,0,0
2025-540,Wimbledon,Grass,32,A,,109,arthur-cazaux,7,,Arthur Cazaux,R,0,FRA,0.0,dusan-lajovic,26,,Dusan Lajovic,R,0,SRB,0.0,N/A,3,Unknown,0,12,2,69,80,75,56,0,25,1,4,0,74,96,58,56,0,53,9,0,0,0,0
2025-540,Wimbledon,Grass,32,A,,108,giulio-zeppieri,,,Giulio Zeppieri,R,0,ITA,0.0,cristian-garin,8,,Cristian Garin,R,0,CHI,0.0,N/A,3,Unknown,0,14,1,71,108,71,41,0,25,2,19,3,65,96,70,48,0,65,11,0,0,0,0
2025-540,Wimbledon,Grass,32,A,,107,jaime-faria,11,,Jaime Faria,R,0,POR,0.0,kyrian-jacquet,,,Kyrian Jacquet,R,0,FRA,0.0,N/A,3,Unknown,0,13,10,70,101,72,39,0,57,4,2,7,65,84,68,39,0,60,9,0,0,0,0
2025-540,Wimbledon,Grass,32,A,,106,nikoloz-basilashvili,16,,Nikoloz Basilashvili,R,0,GEO,0.0,juan pablo-ficovich,,,Juan Pablo Ficovich,R,0,ARG,0.0,N/A,3,Unknown,0,5,0,88,84,70,42,0,57,4,4,0,82,85,55,68,0,25,2,0,0,0,0
2025-540,Wimbledon,Grass,32,A,,105,adrian-mannarino,18,,Adrian Mannarino,R,0,FRA,0.0,li-tu,,,Li Tu,R,0,AUS,0.0,N/A,3,Unknown,0,11,3,57,62,79,51,0,67,6,8,1,66,78,76,61,0,83,5,0,0,0,0
2025-540,Wimbledon,Grass,32,A,,104,oliver-tarvet,,WC,Oliver Tarvet,R,0,GBR,0.0,alexander-blockx,29,,Alexander Blockx,R,0,BEL,0.0,N/A,3,Unknown,0,5,3,57,55,80,52,0,63,5,5,5,56,52,62,41,0,13,1,0,0,0,0
2025-540,Wimbledon,Grass,32,A,,103,filip-misolic,30,,Filip Misolic,R,0,AUT,0.0,benjamin-hassan,,,Benjamin Hassan,R,0,LBN,0.0,N/A,3,Unknown,0,18,5,55,76,66,54,0,50,5,6,6,56,82,68,54,0,54,7,0,0,0,0
2025-540,Wimbledon,Grass,32,A,,102,nicolas-jarry,32,,Nicolas Jarry,R,0,CHI,0.0,lukas-klein,,,Lukas Klein,R,0,SVK,0.0,N/A,3,Unknown,0,3,5,69,55,65,48,0,43,3,13,2,71,57,81,57,0,100,1,0,0,0,0
2025-540,Wimbledon,Grass,32,A,,101,alex-bolt,,,Alex Bolt,R,0,AUS,0.0,martin-landaluce,,,Martin Landaluce,R,0,ESP,0.0,N/A,3,Unknown,0,6,2,79,62,79,50,0,100,3,0,5,62,53,64,33,0,62,8,0,0,0,0
2025-540,Wimbledon,Grass,32,A,,100,august-holmgren,,,August Holmgren,R,0,DEN,0.0,yosuke-watanuki,,,Yosuke Watanuki,R,0,JPN,0.0,N/A,3,Unknown,0,21,12,59,107,79,50,0,50,4,32,7,59,101,83,53,0,77,10,0,0,0,0
2025-540,Wimbledon,Grass,32,A,,99,shintaro-mochizuki,,,Shintaro Mochizuki,R,0,JPN,0.0,dominic-stricker,,,Dominic Stricker,R,0,SUI,0.0,N/A,3,Unknown,0,10,0,85,100,64,39,0,64,9,7,0,78,97,67,64,0,56,5,0,0,0,0
2025-540,Wimbledon,Grass,32,A,,98,leandro-riedi,,,Leandro Riedi,R,0,SUI,0.0,hamish-stewart,,WC,Hamish Stewart,R,0,GBR,0.0,N/A,3,Unknown,0,8,9,59,74,66,50,0,58,7,15,1,72,71,80,57,0,50,2,0,0,0,0
2025-540,Wimbledon,Grass,32,A,,97,beibit-zhukayev,,,Beibit Zhukayev,R,0,KAZ,0.0,luka-pavlovic,,,Luka Pavlovic,R,0,FRA,0.0,N/A,3,Unknown,0,9,8,60,70,80,47,0,57,4,15,3,63,71,85,57,0,80,4,0,0,0,0
2025-540,Wimbledon,Grass,32,A,,96,marton-fucsovics,1,,Marton Fucsovics,R,0,HUN,0.0,zachary-svajda,,,Zachary Svajda,R,0,USA,0.0,N/A,3,Unknown,0,5,5,67,64,77,31,0,75,3,1,2,59,40,65,54,0,50,2,0,0,0,0
2025-540,Wimbledon,Grass,32,A,,95,benjamin-hassan,,,Benjamin Hassan,R,0,LBN,0.0,tristan-schoolkate,2,,Tristan Schoolkate,R,0,AUS,0.0,N/A,3,Unknown,0,8,2,61,38,76,50,0,0,0,7,2,46,33,79,59,0,0,0,0,0,0,0
2025-540,Wimbledon,Grass,32,A,,94,tomas-barrios vera,5,,Tomas Barrios Vera,R,0,CHI,0.0,henrique-rocha,,,Henrique Rocha,R,0,POR,0.0,N/A,3,Unknown,0,0,0,0,0,0,0,0,0,0,0,0,0,0,0,0,0,0,0,0,0,0,0
2025-540,Wimbledon,Grass,32,A,,93,valentin-royer,6,,Valentin Royer,R,0,FRA,0.0,yasutaka-uchiyama,,,Yasutaka Uchiyama,R,0,JPN,0.0,N/A,3,Unknown,0,6,0,72,61,74,67,0,100,4,10,3,57,47,77,57,0,75,3,0,0,0,0
2025-540,Wimbledon,Grass,32,A,,92,arthur-cazaux,7,,Arthur Cazaux,R,0,FRA,0.0,ugo-blanchet,,,Ugo Blanchet,R,0,FRA,0.0,N/A,3,Unknown,0,6,1,51,32,66,65,0,63,5,1,7,52,46,67,36,0,58,7,0,0,0,0
2025-540,Wimbledon,Grass,32,A,,91,cristian-garin,8,,Cristian Garin,R,0,CHI,0.0,hady-habib,,,Hady Habib,R,0,LBN,0.0,N/A,3,Unknown,0,5,1,75,36,72,58,0,50,1,7,2,61,47,53,33,0,67,10,0,0,0,0
2025-540,Wimbledon,Grass,32,A,,90,alex-bolt,,,Alex Bolt,R,0,AUS,0.0,eliot-spizzirri,10,,Eliot Spizzirri,R,0,USA,0.0,N/A,3,Unknown,0,0,0,0,0,0,0,0,0,0,0,0,0,0,0,0,0,0,0,0,0,0,0
2025-540,Wimbledon,Grass,32,A,,89,jaime-faria,11,,Jaime Faria,R,0,POR,0.0,marco-trungelliti,,,Marco Trungelliti,R,0,ARG,0.0,N/A,3,Unknown,0,6,5,72,50,76,42,0,67,2,3,7,61,44,68,39,0,70,7,0,0,0,0
2025-540,Wimbledon,Grass,32,A,,88,dominic-stricker,,,Dominic Stricker,R,0,SUI,0.0,emilio-nava,13,,Emilio Nava,R,0,USA,0.0,N/A,3,Unknown,0,9,0,69,41,80,61,0,75,3,5,2,71,55,80,48,0,100,2,0,0,0,0
2025-540,Wimbledon,Grass,32,A,,87,lukas-klein,,,Lukas Klein,R,0,SVK,0.0,dalibor-svrcina,15,,Dalibor Svrcina,R,0,CZE,0.0,N/A,3,Unknown,0,2,1,69,58,64,50,0,57,4,3,3,68,48,69,70,0,0,0,0,0,0,0
2025-540,Wimbledon,Grass,32,A,,86,nikoloz-basilashvili,16,,Nikoloz Basilashvili,R,0,GEO,0.0,coleman-wong,,,Coleman Wong,R,0,HKG,0.0,N/A,3,Unknown,0,2,6,59,45,84,48,0,25,1,11,1,62,51,67,42,0,40,2,0,0,0,0
2025-540,Wimbledon,Grass,32,A,,85,adrian-mannarino,18,,Adrian Mannarino,R,0,FRA,0.0,nicolai-budkov kjaer,,WC,Nicolai Budkov Kjaer,R,0,NOR,0.0,N/A,3,Unknown,0,3,1,54,26,46,68,0,0,0,8,0,68,32,84,47,0,100,2,0,0,0,0
2025-540,Wimbledon,Grass,32,A,,84,james-mccabe,,,James McCabe,R,0,AUS,0.0,roman andres-burruchaga,21,,Roman Andres Burruchaga,R,0,ARG,0.0,N/A,3,Unknown,0,0,0,0,0,0,0,0,0,0,0,0,0,0,0,0,0,0,0,0,0,0,0
2025-540,Wimbledon,Grass,32,A,,83,kyrian-jacquet,,,Kyrian Jacquet,R,0,FRA,0.0,vilius-gaubas,22,,Vilius Gaubas,R,0,LTU,0.0,N/A,3,Unknown,0,9,3,61,40,88,35,0,33,1,2,0,71,36,64,53,0,33,2,0,0,0,0
2025-540,Wimbledon,Grass,32,A,,82,leandro-riedi,,,Leandro Riedi,R,0,SUI,0.0,federico agustin-gomez,24,,Federico Agustin Gomez,R,0,ARG,0.0,N/A,3,Unknown,0,0,0,0,0,0,0,0,0,0,0,0,0,0,0,0,0,0,0,0,0,0,0
2025-540,Wimbledon,Grass,32,A,,81,dusan-lajovic,26,,Dusan Lajovic,R,0,SRB,0.0,arthur-bouquier,,,Arthur Bouquier,R,0,FRA,0.0,N/A,3,Unknown,0,7,7,64,41,66,35,0,67,6,2,1,75,39,74,69,0,100,1,0,0,0,0
2025-540,Wimbledon,Grass,32,A,,80,beibit-zhukayev,,,Beibit Zhukayev,R,0,KAZ,0.0,yannick-hanfmann,27,,Yannick Hanfmann,R,0,GER,0.0,N/A,3,Unknown,0,0,0,0,0,0,0,0,0,0,0,0,0,0,0,0,0,0,0,0,0,0,0
2025-540,Wimbledon,Grass,32,A,,79,alexander-blockx,29,,Alexander Blockx,R,0,BEL,0.0,timofey-skatov,,,Timofey Skatov,R,0,KAZ,0.0,N/A,3,Unknown,0,0,0,0,0,0,0,0,0,0,0,0,0,0,0,0,0,0,0,0,0,0,0
2025-540,Wimbledon,Grass,32,A,,78,filip-misolic,30,,Filip Misolic,R,0,AUT,0.0,gauthier-onclin,,,Gauthier Onclin,R,0,BEL,0.0,N/A,3,Unknown,0,2,3,64,35,37,60,0,45,5,3,3,74,51,59,50,0,63,5,0,0,0,0
2025-540,Wimbledon,Grass,32,A,,77,nicolas-jarry,32,,Nicolas Jarry,R,0,CHI,0.0,jozef-kovalik,,,Jozef Kovalik,R,0,SVK,0.0,N/A,3,Unknown,0,3,3,69,41,68,39,0,60,3,17,2,73,41,83,53,0,100,2,0,0,0,0
2025-540,Wimbledon,Grass,32,A,,76,titouan-droguet,,,Titouan Droguet,R,0,FRA,0.0,taro-daniel,,,Taro Daniel,R,0,JPN,0.0,N/A,3,Unknown,0,4,2,64,58,67,58,0,63,5,13,3,63,52,88,43,0,67,4,0,0,0,0
2025-540,Wimbledon,Grass,32,A,,75,juan pablo-ficovich,,,Juan Pablo Ficovich,R,0,ARG,0.0,oliver-bonding,,WC,Oliver Bonding,R,0,GBR,0.0,N/A,3,Unknown,0,10,4,64,42,71,42,0,40,2,6,0,67,44,75,59,0,86,6,0,0,0,0
2025-540,Wimbledon,Grass,32,A,,74,august-holmgren,,,August Holmgren,R,0,DEN,0.0,mikhail-kukushkin,,,Mikhail Kukushkin,R,0,KAZ,0.0,N/A,3,Unknown,0,0,0,0,0,0,0,0,0,0,0,0,0,0,0,0,0,0,0,0,0,0,0
2025-540,Wimbledon,Grass,32,A,,73,martin-landaluce,,,Martin Landaluce,R,0,ESP,0.0,ryan-peniston,,WC,Ryan Peniston,R,0,GBR,0.0,N/A,3,Unknown,0,0,0,0,0,0,0,0,0,0,0,0,0,0,0,0,0,0,0,0,0,0,0
2025-540,Wimbledon,Grass,32,A,,72,shintaro-mochizuki,,,Shintaro Mochizuki,R,0,JPN,0.0,felipe-meligeni alves,,,Felipe Meligeni Alves,R,0,BRA,0.0,N/A,3,Unknown,0,9,5,65,42,64,26,0,44,4,6,2,55,32,72,54,0,60,3,0,0,0,0
2025-540,Wimbledon,Grass,32,A,,71,luka-pavlovic,,,Luka Pavlovic,R,0,FRA,0.0,james-trotter,,,James Trotter,R,0,JPN,0.0,N/A,3,Unknown,0,16,4,59,88,69,59,0,100,17,9,7,70,86,73,49,0,67,4,0,0,0,0
2025-540,Wimbledon,Grass,32,A,,70,chris-rodesch,,,Chris Rodesch,R,0,LUX,0.0,mark-lajal,,,Mark Lajal,R,0,EST,0.0,N/A,3,Unknown,0,0,6,56,31,65,33,0,60,6,6,1,76,32,88,50,0,0,0,0,0,0,0
2025-540,Wimbledon,Grass,32,A,,69,hamish-stewart,,WC,Hamish Stewart,R,0,GBR,0.0,luca-van assche,,,Luca Van Assche,R,0,FRA,0.0,N/A,3,Unknown,0,6,5,65,79,78,50,0,91,10,18,6,63,73,79,49,0,67,4,0,0,0,0
2025-540,Wimbledon,Grass,32,A,,68,oliver-tarvet,,WC,Oliver Tarvet,R,0,GBR,0.0,alexis-galarneau,,,Alexis Galarneau,R,0,CAN,0.0,N/A,3,Unknown,0,0,0,0,0,0,0,0,0,0,0,0,0,0,0,0,0,0,0,0,0,0,0
2025-540,Wimbledon,Grass,32,A,,67,li-tu,,,Li Tu,R,0,AUS,0.0,sho-shimabukuro,,,Sho Shimabukuro,R,0,JPN,0.0,N/A,3,Unknown,0,17,3,66,83,76,56,0,71,5,10,2,56,64,78,59,0,100,2,0,0,0,0
2025-540,Wimbledon,Grass,32,A,,66,yosuke-watanuki,,,Yosuke Watanuki,R,0,JPN,0.0,colton-smith,,,Colton Smith,R,0,USA,0.0,N/A,3,Unknown,0,0,0,0,0,0,0,0,0,0,0,0,0,0,0,0,0,0,0,0,0,0,0
2025-540,Wimbledon,Grass,32,A,,65,giulio-zeppieri,,,Giulio Zeppieri,R,0,ITA,0.0,paul-jubb,,WC,Paul Jubb,R,0,GBR,0.0,N/A,3,Unknown,0,0,0,0,0,0,0,0,0,0,0,0,0,0,0,0,0,0,0,0,0,0,0
2025-540,Wimbledon,Grass,32,A,,64,marton-fucsovics,1,,Marton Fucsovics,R,0,HUN,0.0,jurij-rodionov,,,Jurij Rodionov,R,0,AUT,0.0,N/A,3,Unknown,0,0,0,0,0,0,0,0,0,0,0,0,0,0,0,0,0,0,0,0,0,0,0
2025-540,Wimbledon,Grass,32,A,,63,tristan-schoolkate,2,,Tristan Schoolkate,R,0,AUS,0.0,facundo-diaz acosta,,,Facundo Diaz Acosta,R,0,ARG,0.0,N/A,3,Unknown,0,5,1,67,57,79,50,0,50,2,7,3,70,58,69,36,0,14,1,0,0,0,0
2025-540,Wimbledon,Grass,32,A,,62,luca-van assche,,,Luca Van Assche,R,0,FRA,0.0,juan manuel-cerundolo,3,,Juan Manuel Cerundolo,R,0,ARG,0.0,N/A,3,Unknown,0,0,0,0,0,0,0,0,0,0,0,0,0,0,0,0,0,0,0,0,0,0,0
2025-540,Wimbledon,Grass,32,A,,61,li-tu,,,Li Tu,R,0,AUS,0.0,daniel elahi-galan,4,,Daniel Elahi Galan,R,0,COL,0.0,N/A,3,Unknown,0,5,1,73,33,64,33,0,25,1,10,0,84,41,78,75,0,100,2,0,0,0,0
2025-540,Wimbledon,Grass,32,A,,60,tomas-barrios vera,5,,Tomas Barrios Vera,R,0,CHI,0.0,james-story,,WC,James Story,R,0,GBR,0.0,N/A,3,Unknown,0,0,0,0,0,0,0,0,0,0,0,0,0,0,0,0,0,0,0,0,0,0,0
2025-540,Wimbledon,Grass,32,A,,59,valentin-royer,6,,Valentin Royer,R,0,FRA,0.0,marc-andrea-huesler,,,Marc-Andrea Huesler,R,0,SUI,0.0,N/A,3,Unknown,0,3,0,67,54,74,37,0,71,5,6,2,56,38,63,43,0,40,4,0,0,0,0
2025-540,Wimbledon,Grass,32,A,,58,arthur-cazaux,7,,Arthur Cazaux,R,0,FRA,0.0,ignacio-buse,,,Ignacio Buse,R,0,PER,0.0,N/A,3,Unknown,0,5,3,67,55,82,44,0,50,1,3,3,63,62,63,43,0,50,6,0,0,0,0
2025-540,Wimbledon,Grass,32,A,,57,cristian-garin,8,,Cristian Garin,R,0,CHI,0.0,francesco-maestrelli,,,Francesco Maestrelli,R,0,ITA,0.0,N/A,3,Unknown,0,0,0,0,0,0,0,0,0,0,0,0,0,0,0,0,0,0,0,0,0,0,0
2025-540,Wimbledon,Grass,32,A,,56,luka-pavlovic,,,Luka Pavlovic,R,0,FRA,0.0,tristan-boyer,9,,Tristan Boyer,R,0,USA,0.0,N/A,3,Unknown,0,0,0,0,0,0,0,0,0,0,0,0,0,0,0,0,0,0,0,0,0,0,0
2025-540,Wimbledon,Grass,32,A,,55,eliot-spizzirri,10,,Eliot Spizzirri,R,0,USA,0.0,alejandro-moro canas,,,Alejandro Moro Canas,R,0,ESP,0.0,N/A,3,Unknown,0,6,0,78,102,68,39,0,71,10,7,4,72,92,64,46,0,50,5,0,0,0,0
2025-540,Wimbledon,Grass,32,A,,54,jaime-faria,11,,Jaime Faria,R,0,POR,0.0,zsombor-piros,,,Zsombor Piros,R,0,HUN,0.0,N/A,3,Unknown,0,6,0,63,36,69,57,0,50,1,1,10,51,32,66,35,0,43,3,0,0,0,0
2025-540,Wimbledon,Grass,32,A,,53,mikhail-kukushkin,,,Mikhail Kukushkin,R,0,KAZ,0.0,thiago-seyboth wild,12,,Thiago Seyboth Wild,R,0,BRA,0.0,N/A,3,Unknown,0,0,0,0,0,0,0,0,0,0,0,0,0,0,0,0,0,0,0,0,0,0,0
2025-540,Wimbledon,Grass,32,A,,52,emilio-nava,13,,Emilio Nava,R,0,USA,0.0,mitchell-krueger,,,Mitchell Krueger,R,0,USA,0.0,N/A,3,Unknown,0,21,3,68,54,81,58,0,100,1,1,1,76,58,67,89,0,0,0,0,0,0,0
2025-540,Wimbledon,Grass,32,A,,51,oliver-tarvet,,WC,Oliver Tarvet,R,0,GBR,0.0,terence-atmane,14,,Terence Atmane,R,0,FRA,0.0,N/A,3,Unknown,0,0,0,0,0,0,0,0,0,0,0,0,0,0,0,0,0,0,0,0,0,0,0
2025-540,Wimbledon,Grass,32,A,,50,dalibor-svrcina,15,,Dalibor Svrcina,R,0,CZE,0.0,omar-jasika,,,Omar Jasika,R,0,AUS,0.0,N/A,3,Unknown,0,0,2,75,30,80,70,0,100,3,0,2,71,35,51,29,0,29,2,0,0,0,0
2025-540,Wimbledon,Grass,32,A,,49,nikoloz-basilashvili,16,,Nikoloz Basilashvili,R,0,GEO,0.0,pablo-llamas ruiz,,,Pablo Llamas Ruiz,R,0,ESP,0.0,N/A,3,Unknown,0,0,0,0,0,0,0,0,0,0,0,0,0,0,0,0,0,0,0,0,0,0,0
2025-540,Wimbledon,Grass,32,A,,48,shintaro-mochizuki,,,Shintaro Mochizuki,R,0,JPN,0.0,pierre-hugues-herbert,17,,Pierre-Hugues Herbert,R,0,FRA,0.0,N/A,3,Unknown,0,2,0,68,26,81,75,0,100,2,4,6,58,30,53,32,0,44,4,0,0,0,0
2025-540,Wimbledon,Grass,32,A,,47,adrian-mannarino,18,,Adrian Mannarino,R,0,FRA,0.0,andrea-collarini,,,Andrea Collarini,R,0,ARG,0.0,N/A,3,Unknown,0,2,0,74,43,51,53,0,43,3,7,3,67,44,75,41,0,89,8,0,0,0,0
2025-540,Wimbledon,Grass,32,A,,46,paul-jubb,,WC,Paul Jubb,R,0,GBR,0.0,thiago agustin-tirante,19,,Thiago Agustin Tirante,R,0,ARG,0.0,N/A,3,Unknown,0,0,0,0,0,0,0,0,0,0,0,0,0,0,0,0,0,0,0,0,0,0,0
2025-540,Wimbledon,Grass,32,A,,45,juan pablo-ficovich,,,Juan Pablo Ficovich,R,0,ARG,0.0,carlos-taberner,20,,Carlos Taberner,R,0,ESP,0.0,N/A,3,Unknown,0,4,1,71,44,84,39,0,67,2,0,4,55,41,71,39,0,50,3,0,0,0,0
2025-540,Wimbledon,Grass,32,A,,44,roman andres-burruchaga,21,,Roman Andres Burruchaga,R,0,ARG,0.0,dmitry-popko,,,Dmitry Popko,R,0,KAZ,0.0,N/A,3,Unknown,0,0,0,0,0,0,0,0,0,0,0,0,0,0,0,0,0,0,0,0,0,0,0
2025-540,Wimbledon,Grass,32,A,,43,vilius-gaubas,22,,Vilius Gaubas,R,0,LTU,0.0,yuta-shimizu,,,Yuta Shimizu,R,0,JPN,0.0,N/A,3,Unknown,0,4,2,71,67,69,46,0,43,3,4,2,76,79,66,56,0,75,6,0,0,0,0
2025-540,Wimbledon,Grass,32,A,,42,chris-rodesch,,,Chris Rodesch,R,0,LUX,0.0,matteo-gigante,23,,Matteo Gigante,R,0,ITA,0.0,N/A,3,Unknown,0,7,1,72,43,72,59,0,100,6,1,8,61,39,62,44,0,57,4,0,0,0,0
2025-540,Wimbledon,Grass,32,A,,41,federico agustin-gomez,24,,Federico Agustin Gomez,R,0,ARG,0.0,federico-arnaboldi,,,Federico Arnaboldi,R,0,ITA,0.0,N/A,3,Unknown,0,0,0,0,0,0,0,0,0,0,0,0,0,0,0,0,0,0,0,0,0,0,0
2025-540,Wimbledon,Grass,32,A,,40,titouan-droguet,,,Titouan Droguet,R,0,FRA,0.0,andrea-pellegrino,25,,Andrea Pellegrino,R,0,ITA,0.0,N/A,3,Unknown,0,7,2,67,37,81,50,0,0,0,4,3,64,41,56,43,0,56,5,0,0,0,0
2025-540,Wimbledon,Grass,32,A,,39,dusan-lajovic,26,,Dusan Lajovic,R,0,SRB,0.0,liam-draxl,,,Liam Draxl,R,0,CAN,0.0,N/A,3,Unknown,0,3,5,72,64,66,36,0,50,5,7,1,79,58,72,47,0,67,6,0,0,0,0
2025-540,Wimbledon,Grass,32,A,,38,yannick-hanfmann,27,,Yannick Hanfmann,R,0,GER,0.0,hugo-grenier,,,Hugo Grenier,R,0,FRA,0.0,N/A,3,Unknown,0,0,0,0,0,0,0,0,0,0,0,0,0,0,0,0,0,0,0,0,0,0,0
2025-540,Wimbledon,Grass,32,A,,37,yosuke-watanuki,,,Yosuke Watanuki,R,0,JPN,0.0,thiago-monteiro,28,,Thiago Monteiro,R,0,BRA,0.0,N/A,3,Unknown,0,16,6,47,36,86,58,0,50,2,6,3,61,49,78,45,0,50,2,0,0,0,0
2025-540,Wimbledon,Grass,32,A,,36,alexander-blockx,29,,Alexander Blockx,R,0,BEL,0.0,facundo-mena,,,Facundo Mena,R,0,ARG,0.0,N/A,3,Unknown,0,0,0,0,0,0,0,0,0,0,0,0,0,0,0,0,0,0,0,0,0,0,0
2025-540,Wimbledon,Grass,32,A,,35,filip-misolic,30,,Filip Misolic,R,0,AUT,0.0,guy-den ouden,,,Guy Den Ouden,R,0,NED,0.0,N/A,3,Unknown,0,4,2,53,45,69,58,0,67,6,2,3,47,40,73,69,0,80,4,0,0,0,0
2025-540,Wimbledon,Grass,32,A,,34,martin-landaluce,,,Martin Landaluce,R,0,ESP,0.0,francesco-passaro,31,,Francesco Passaro,R,0,ITA,0.0,N/A,3,Unknown,0,8,3,73,70,76,46,0,50,2,7,2,66,63,67,53,0,71,5,0,0,0,0
2025-540,Wimbledon,Grass,32,A,,33,nicolas-jarry,32,,Nicolas Jarry,R,0,CHI,0.0,pavel-kotov,,,Pavel Kotov,R,0,RUS,0.0,N/A,3,Unknown,0,4,0,74,48,69,47,0,70,7,11,2,59,29,90,75,0,0,0,0,0,0,0
2025-540,Wimbledon,Grass,32,A,,32,ugo-blanchet,,,Ugo Blanchet,R,0,FRA,0.0,daniel-rincon,,,Daniel Rincon,R,0,ESP,0.0,N/A,3,Unknown,0,3,0,56,53,68,50,0,73,8,5,6,59,45,73,55,0,75,6,0,0,0,0
2025-540,Wimbledon,Grass,32,A,,31,alex-bolt,,,Alex Bolt,R,0,AUS,0.0,harold-mayot,,,Harold Mayot,R,0,FRA,0.0,N/A,3,Unknown,0,0,0,0,0,0,0,0,0,0,0,0,0,0,0,0,0,0,0,0,0,0,0
2025-540,Wimbledon,Grass,32,A,,30,oliver-bonding,,WC,Oliver Bonding,R,0,GBR,0.0,viktor-durasovic,Alt,,Viktor Durasovic,R,0,NOR,0.0,N/A,3,Unknown,0,12,5,63,55,76,55,0,71,5,7,4,60,61,70,60,0,80,8,0,0,0,0
2025-540,Wimbledon,Grass,32,A,,29,arthur-bouquier,,,Arthur Bouquier,R,0,FRA,0.0,alastair-gray,,WC,Alastair Gray,R,0,GBR,0.0,N/A,3,Unknown,0,8,2,67,58,69,52,0,33,2,9,6,65,55,76,55,0,67,4,0,0,0,0
2025-540,Wimbledon,Grass,32,A,,28,nicolai-budkov kjaer,,WC,Nicolai Budkov Kjaer,R,0,NOR,0.0,yan-bai,,,Yan Bai,R,0,CHN,0.0,N/A,3,Unknown,0,1,3,51,35,63,36,0,17,1,3,3,54,44,66,49,0,73,8,0,0,0,0
2025-540,Wimbledon,Grass,32,A,,27,taro-daniel,,,Taro Daniel,R,0,JPN,0.0,edas-butvilas,,,Edas Butvilas,R,0,LTU,0.0,N/A,3,Unknown,0,8,1,67,53,68,50,0,63,5,2,3,63,46,76,52,0,67,2,0,0,0,0
2025-540,Wimbledon,Grass,32,A,,26,alexis-galarneau,,,Alexis Galarneau,R,0,CAN,0.0,murphy-cassone,,,Murphy Cassone,R,0,USA,0.0,N/A,3,Unknown,0,0,0,0,0,0,0,0,0,0,0,0,0,0,0,0,0,0,0,0,0,0,0
2025-540,Wimbledon,Grass,32,A,,25,hady-habib,,,Hady Habib,R,0,LBN,0.0,filip cristian-jianu,,,Filip Cristian Jianu,R,0,ROU,0.0,N/A,3,Unknown,0,0,0,0,0,0,0,0,0,0,0,0,0,0,0,0,0,0,0,0,0,0,0
2025-540,Wimbledon,Grass,32,A,,24,benjamin-hassan,,,Benjamin Hassan,R,0,LBN,0.0,duje-ajdukovic,,,Duje Ajdukovic,R,0,CRO,0.0,N/A,3,Unknown,0,1,3,72,49,59,47,0,63,5,9,6,66,42,86,45,0,100,2,0,0,0,0
2025-540,Wimbledon,Grass,32,A,,23,august-holmgren,,,August Holmgren,R,0,DEN,0.0,giles-hussey,,WC,Giles Hussey,R,0,GBR,0.0,N/A,3,Unknown,0,0,0,0,0,0,0,0,0,0,0,0,0,0,0,0,0,0,0,0,0,0,0
2025-540,Wimbledon,Grass,32,A,,22,kyrian-jacquet,,,Kyrian Jacquet,R,0,FRA,0.0,maximilian-marterer,,,Maximilian Marterer,R,0,GER,0.0,N/A,3,Unknown,0,4,1,67,58,66,41,0,60,6,11,0,56,48,85,57,0,100,2,0,0,0,0
2025-540,Wimbledon,Grass,32,A,,21,lukas-klein,,,Lukas Klein,R,0,SVK,0.0,jerome-kym,,,Jerome Kym,R,0,SUI,0.0,N/A,3,Unknown,0,9,5,71,45,67,33,0,67,6,8,2,82,45,84,20,0,100,3,0,0,0,0
2025-540,Wimbledon,Grass,32,A,,20,jozef-kovalik,,,Jozef Kovalik,R,0,SVK,0.0,antoine-escoffier,,,Antoine Escoffier,R,0,FRA,0.0,N/A,3,Unknown,0,4,1,78,104,68,60,0,92,12,2,1,77,97,67,66,0,86,12,0,0,0,0
2025-540,Wimbledon,Grass,32,A,,19,mark-lajal,,,Mark Lajal,R,0,EST,0.0,jan-choinski,,,Jan Choinski,R,0,GBR,0.0,N/A,3,Unknown,0,6,0,74,63,67,55,0,63,5,9,3,68,63,70,53,0,60,3,0,0,0,0
2025-540,Wimbledon,Grass,32,A,,18,james-mccabe,,,James McCabe,R,0,AUS,0.0,borna-gojo,,,Borna Gojo,R,0,CRO,0.0,N/A,3,Unknown,0,0,0,0,0,0,0,0,0,0,0,0,0,0,0,0,0,0,0,0,0,0,0
2025-540,Wimbledon,Grass,32,A,,17,felipe-meligeni alves,,,Felipe Meligeni Alves,R,0,BRA,0.0,alvaro-guillen meza,,,Alvaro Guillen Meza,R,0,ECU,0.0,N/A,3,Unknown,0,2,2,70,80,69,41,0,76,13,4,4,70,73,64,52,0,75,6,0,0,0,0
2025-540,Wimbledon,Grass,32,A,,16,gauthier-onclin,,,Gauthier Onclin,R,0,BEL,0.0,constant-lestienne,,,Constant Lestienne,R,0,FRA,0.0,N/A,3,Unknown,0,2,5,64,54,69,42,0,50,5,2,4,66,62,65,53,0,67,6,0,0,0,0
2025-540,Wimbledon,Grass,32,A,,15,ryan-peniston,,WC,Ryan Peniston,R,0,GBR,0.0,facundo-bagnis,,,Facundo Bagnis,R,0,ARG,0.0,N/A,3,Unknown,0,0,2,55,24,46,25,0,33,3,0,3,74,32,69,64,0,75,6,0,0,0,0
2025-540,Wimbledon,Grass,32,A,,14,leandro-riedi,,,Leandro Riedi,R,0,SUI,0.0,fajing-sun,,,Fajing Sun,R,0,CHN,0.0,N/A,3,Unknown,0,0,0,0,0,0,0,0,0,0,0,0,0,0,0,0,0,0,0,0,0,0,0
2025-540,Wimbledon,Grass,32,A,,13,henrique-rocha,,,Henrique Rocha,R,0,POR,0.0,murkel-dellien,,,Murkel Dellien,R,0,BOL,0.0,N/A,3,Unknown,0,0,0,0,0,0,0,0,0,0,0,0,0,0,0,0,0,0,0,0,0,0,0
2025-540,Wimbledon,Grass,32,A,,12,sho-shimabukuro,,,Sho Shimabukuro,R,0,JPN,0.0,aziz-dougaz,,,Aziz Dougaz,R,0,TUN,0.0,N/A,3,Unknown,0,2,7,68,60,58,43,0,50,6,3,6,55,45,67,46,0,17,1,0,0,0,0
2025-540,Wimbledon,Grass,32,A,,11,timofey-skatov,,,Timofey Skatov,R,0,KAZ,0.0,stefano-napolitano,,,Stefano Napolitano,R,0,ITA,0.0,N/A,3,Unknown,0,0,0,0,0,0,0,0,0,0,0,0,0,0,0,0,0,0,0,0,0,0,0
2025-540,Wimbledon,Grass,32,A,,10,colton-smith,,,Colton Smith,R,0,USA,0.0,santiago-rodriguez taverna,,,Santiago Rodriguez Taverna,R,0,ARG,0.0,N/A,3,Unknown,0,0,0,0,0,0,0,0,0,0,0,0,0,0,0,0,0,0,0,0,0,0,0
2025-540,Wimbledon,Grass,32,A,,9,hamish-stewart,,WC,Hamish Stewart,R,0,GBR,0.0,valentin-vacherot,,,Valentin Vacherot,R,0,MON,0.0,N/A,3,Unknown,0,0,0,0,0,0,0,0,0,0,0,0,0,0,0,0,0,0,0,0,0,0,0
2025-540,Wimbledon,Grass,32,A,,8,dominic-stricker,,,Dominic Stricker,R,0,SUI,0.0,saba-purtseladze,,,Saba Purtseladze,R,0,GEO,0.0,N/A,3,Unknown,0,4,2,72,44,48,35,0,62,8,6,0,79,33,76,56,0,33,1,0,0,0,0
2025-540,Wimbledon,Grass,32,A,,7,zachary-svajda,,,Zachary Svajda,R,0,USA,0.0,lukas-neumayer,,,Lukas Neumayer,R,0,AUT,0.0,N/A,3,Unknown,0,0,0,0,0,0,0,0,0,0,0,0,0,0,0,0,0,0,0,0,0,0,0
2025-540,Wimbledon,Grass,32,A,,6,james-trotter,,,James Trotter,R,0,JPN,0.0,calvin-hemery,,,Calvin Hemery,R,0,FRA,0.0,N/A,3,Unknown,0,0,0,0,0,0,0,0,0,0,0,0,0,0,0,0,0,0,0,0,0,0,0
2025-540,Wimbledon,Grass,32,A,,5,marco-trungelliti,,,Marco Trungelliti,R,0,ARG,0.0,alibek-kachmazov,,,Alibek Kachmazov,R,0,RUS,0.0,N/A,3,Unknown,0,7,5,66,52,67,52,0,57,4,8,7,64,56,64,50,0,56,5,0,0,0,0
2025-540,Wimbledon,Grass,32,A,,4,yasutaka-uchiyama,,,Yasutaka Uchiyama,R,0,JPN,0.0,gijs-brouwer,,,Gijs Brouwer,R,0,NED,0.0,N/A,3,Unknown,0,12,2,62,28,93,65,0,0,0,0,0,81,46,52,55,0,67,6,0,0,0,0
2025-540,Wimbledon,Grass,32,A,,3,coleman-wong,,,Coleman Wong,R,0,HKG,0.0,pol-martin tiffon,,,Pol Martin Tiffon,R,0,ESP,0.0,N/A,3,Unknown,0,0,0,0,0,0,0,0,0,0,0,0,0,0,0,0,0,0,0,0,0,0,0
2025-540,Wimbledon,Grass,32,A,,2,giulio-zeppieri,,,Giulio Zeppieri,R,0,ITA,0.0,sumit-nagal,,,Sumit Nagal,R,0,IND,0.0,N/A,3,Unknown,0,0,0,0,0,0,0,0,0,0,0,0,0,0,0,0,0,0,0,0,0,0,0
2025-540,Wimbledon,Grass,32,A,,1,beibit-zhukayev,,,Beibit Zhukayev,R,0,KAZ,0.0,vitaliy-sachko,,,Vitaliy Sachko,R,0,UKR,0.0,N/A,3,Unknown,0,20,5,68,71,76,53,0,50,3,5,1,68,72,71,50,0,40,2,0,0,0,0
